Unnamed: 0,id,original_post,flipped_story
1080,cj2fma,"AITA For cutting off friendship after 1 drunk night ? This happened a few days ago. TL;DR at the bottom

So I (24m)  was invited to my friends (28m) house for his birthday, I asked him if I could invite a friend (23f) and he said yes it's fine.

Arrive at the party we start having drinks, my friend shows up and we start playing drinking games. She and I have played drinking games before. All went well except she got drunk very quickly. I could see around the table people were getting slightly irritated by her who is now drunk to which I pulled her to the side and told her, I think it's best if she go gets some fresh air outside with the other people. 

Maybe after 10 mins we finished the game and went outside, 5 mins my friend starts throwing up, so I let her finish and guide her to the bathroom so she can finish throw up there and got her a spare wash cloth so she can wipe where needed because she spilled on her dress. While helping her, I ask if she wanted to lay down in the spare room and sleep for a bit to which she replied she doesn't feel comfortable sleeping in a stranger's house (fair enough). She wanted to go sit in her car, in the drivers seat to which I made it my duty to prevent that just in case she decides to drive off in that state.

After some arguing and she really went off on me to leave her the f*** alone and I'm not the boss of her etc. I suggested to her that I drive her home with her car and then take an uber back to the party but she said no. I told her she can sit in the passenger seat and to contact someone to fetch her then she said no her brother is on his way, a struggle ensued and I manage to get her car keys out of her hands as she was in no condition to drive.

Eventually she sits in the car while I have her car keys after she threatened to call the police 

After maybe 20-30mins the police arrives and we are in shock. We speak to the police and we let her talk first, (to my shock) she tells the police that I'm trying to sleep with her and that we drugged her (remember this friend and I know each other for 8 years by now). So I was shocked and we all denied her allegations. The police asked for the car keys and we gave it them, then we all just told her she must f*** off.

When I got home, I just sent her a text to tell her I've never been so humiliated in my life and that she should lose my number as I want nothing to do with her. Deleted her number and all social connections.

AITA for cutting off all connection with her and wanting to not be associated with her in anyway, effectively cutting her entirely out of my life ?

TL;DR Friend gets drunk, shouts at me in front of my friends, we take away her car keys, she calls the cops and when she leaves I message her to never contact me again."," My friend (23f) and I (28m) have been close for years—around eight solid years of friendship. I had a birthday party at my house and told my friend she was welcome to bring someone along. Her guest (24m) arrived, and at first, all went smoothly while we played drinking games. However, her guest began hovering around and controlling the situation when I got drunk faster than expected.  

Rather than just letting me enjoy myself, her friend kept pulling me aside, saying things like I was irritating the people at the table, telling me I needed some fresh air, and unnecessarily escalating the situation. After I threw up outside, her guest insisted on hovering over me, walking me to the bathroom, giving me a washcloth, and even suggesting that I lay down in the spare room—some stranger’s house where I felt uncomfortable doing so. I told him I’d rather go sit in my car, but instead of respecting that, he got really aggressive about not letting me simply sit where I wanted.  

Then things got worse. He pried my car keys out of my hands—as if it was his job to babysit me—and even suggested driving my car back to my house for me. I told him my brother was on the way, but he wouldn’t back off. When I tried to assert myself, he accused me of potentially driving drunk and even called the cops once I threatened to about worrying me Those cops awkward humling accuse! ."
405,cunlba,"AITA for exploding on my father's wife Throwaway  

Hear me out on this one.

In regards to ages, I’m 17, Dad is 43, and father’s wife 27 or 28.

Six years ago, it came out during couple’s therapy that my father was cheating on my mom and that his mistress was pregnant. My mom initiated divorce. Six months after the divorce was finalized, my father married his now wife and they had three kids. My dad has apologized for his actions and we are still doing therapy, so one day I can truly forgive him.

I do not like my so-called stepmom, but in regards that she is father’s wife, I begrudgingly show respect. I have never called her out of her name until later in this story. If she speaks to me, I will say something back. If I am in her home, I will clean up after myself. However, I will always refer to her as my father’s wife and she will never be a prominent figure in my life. This is something she cannot accept.

I have never let my true feelings about her be known, until the other day. While at my father’ house, she attempted to make a cringe-worthy joke about my girlfriend with the saying “The blacker the berry the sweeter the juice,” and said that I was good enough looking boy and she was confused about why I would go out with a dark-skinned black girl and not someone white like myself. I guess the look on my face told her to shut up, so she changed the subject.

She then revealed that when my dad gets back from his TDY (Temporary Duty Assignment); she had booked a photoshoot for family portraits of us and she wanted to do a special photo of me and her two sons holding signs that say “Don’t mess with her,” with her 2-month-old daughter. I have never been in any of the previous family portraits because I refused to and my Dad said I didn’t have to.

I told her I was not going to participate

She asked why I was being difficult and that just she wanted family pictures with all of her children.

Six years’ worth of hurt came out. I told her she was a fool to ever think I was her child or that I considered her family. From my perspective, she was nothing, but my father’s racist side chick, who had nothing better to do, but chase after a married man and sit on her ass all day. I took it a step further and fully implied that her daughter wasn’t my father’s child because she looks nothing like him.

She turned red and started crying, saying how disrespectful I was and I had no right to talk to her in such a manner. I fully admit I called her a Bitch and stated she didn’t even deserve any respect from me because she didn’t respect my mother’s marriage and if she ever disrespected my girlfriend again, she would live to regret it. After realizing what I had said, I left and haven’t talked to her since.

Everyone that I have talked to say I should at least apologize for calling her a bitch and I don’t mind doing that.  However, certain people say I shouldn’t have gone off on her, because my dad was gone and she just had a baby, etc.

So who is the asshole?","

AITA for wanting to include my husband’s son in family photos and being hurt by his outburst?  

Six years ago, I married my husband after his divorce from his ex-wife. I know the start of our relationship wasn’t ideal, but we’ve been building our life together since, and we now have three children. My stepson, who is 17, has never really warmed up to me, but I’ve tried to remain respectful of his boundaries while still hoping we could form a closer bond. For example, he refuses to call me his stepmom, referring to me only as my husband’s wife, and he’s made it clear I’m not a big part of his life. Still, I try to show him kindness and give him space.

Recently, I made a comment about his girlfriend that I can see now may have been inappropriate. I tried to make a lighthearted joke but clearly misspoke. I didn’t mean any harm and quickly changed the subject when I noticed the silence. Later, I told him about a family photoshoot I was arranging for when his dad comes back from his TDY, and I asked if he would be willing to participate this time. I said it would mean a lot to me to have photos with all of the kids, including him, so we could look like a more cohesive family.

However, he refused, and when I pressed him, he snapped. He unleashed years of pent-up anger, calling me his dad’s “racist side chick,” accusing me of breaking up his parents’ marriage, and going so far as to imply that my youngest child isn’t my husband’s. He also called me a “bitch” and said I didn’t deserve any respect from him and that if I ever disrespected his girlfriend again, there would be consequences.

I was devastated and started crying. I feel I’ve tried hard to be patient and understanding toward him, and I didn’t expect such cruelty in return. Maybe I could have done better—my joke about his girlfriend was poorly thought out, and I know the situation I entered with his father years ago was not easy. But I’m just trying to build a family for my kids and, hopefully, include him in it.  

So, am I the asshole for trying to include my stepson in family moments and for being upset at how he went off on me?"
1494,dzdmp9,"AITA for not accomdating my roommate? OK so new throwaway acc,  I'll try to keep it simple 

-Me and roommate live together, not a college but we do go to college. There's  another roommate who isn't around much. Rent is spilt between all of us evenly

-My schedule is waking up at 6AM, shower, get dressed, make breakfast, pack my bag, finish any work from before etc. I leave by 7, I get to my college/or work at 8 

-Recently, roommate mentions that taking a shower so early is disturbing her because her room is next to the bathroom and the sound of water wakes her up and makes it hard to sleep after.  Sensitive sleeper

-I apologize and try to work it out. We both agree that 6:30 is better. Less time for me tho. 

-Next week roommate talks to me again and she doesn't appreciate me making breakfast so early. I ask why, she says the smell of food wakes her up and makes her hungry and since she's tired at such an early time it's not fair for her. It's also not fair not cooking for her and roommate #3. She asks if I can shower at 7 or something so the shower doesn't bother her. 

-I feel a little upset and tell her that she is being picky. I say 1. I have to be out the door by 7, and sometimes the trains are delayed. I can't risk being late 2.My schedule is already rushed 3. I don't have to cook for them since we all cook our own meals and I always clean after myself. 

-Roommate is upset and cuts off the conversation. 

-Next day I decide to go back to the schedule I was used to bc it gives me more time. I go shower. I step out the bathroom and roommate is there and yells at me that I am being petty for going back to waking up at 6. I tell her that I am used to waking up at this time and there's no need for me to accomodate her since she's picky. She says I'm a bitch, I say that her shower issue is her problem and to wear earplugs then. 

-Argument breaks out, I go off to work. When I come back, roommate #3 asks what happened because the other roommate told her what's up. I explain my side, roommate #3 says I am 100 percent selfish in this issue. 

-Roommate #3 explains that I am the wrong one because I went back to showering at 6 when Roommate said the sound of the shower ruined her sleep and maybe she has a lot of work between college and her job. I say I shouldn't be accommodating if she thinks I should be making breakfast for everyone and if it disturbs my schedule. I don't complain when she showers. Roommate #3 says that this is exactly why I'm the selfish one/in the wrong because I'm not thinking of how the other roommate feels and I don't have sleep sensitivity so I can't say ""but I don't complain""

I went to bed and kinda thought it over. Idk. Reflecting on it, part of me feels bad for the possibility of waking her up by showering so early, but then I feel that it is ridiculous and there's no reason I should accomodate. Idk. Wanted to know what reddit thinks."," My roommate and I share an apartment and have different schedules. I’m sensitive to sound and smells while sleeping, and my room is next to the bathroom and kitchen. My roommate wakes up at 6 AM and showers right away, which wakes me up due to the sound of running water. I brought it up to her because it makes it really hard for me to fall back asleep, and she agreed to start showering at 6:30 instead. That small change helped me a bit, though it still affected my ability to get restful sleep. However, soon after, I noticed the smell of food from her cooking breakfast in the morning also disturbed me. It made me hungry and disrupted my tired body that early in the day. I brought that up to her too, explaining how it affected me negatively and asked if she could adjust by either showering later or perhaps making some changes to accommodate me better.  

She got frustrated, saying she couldn’t change her schedule because she has to leave the house by 7, and the changes left her rushed. She also said it’s unfair for me to ask her to make breakfast for everyone if I expect her adjustments to accommodate me. I thought she was being rude and dismissive, especially since this was about me being able to get restful sleep. She then went back to her 6 AM routine entirely, ignoring the compromise we made earlier. 

When I confronted her, I was honest about how upset I was and called her out for being petty. She told me it was “my problem” and said I should wear earplugs instead. I found that pretty selfish and hurtful since she seemed unwilling to acknowledge my struggle. I mentioned this incident to our other roommate, and she agreed that our showering roommate was being selfish and not considering how her habits impact us. 

So—am I in the wrong for asking her to adjust her morning routine to help me sleep better?"
239,9zlwbs,"WIBTA for kicking my girlfriend out on the street? So some background information: me(22m) and her(22f) had been dating on and off for a while, mostly on sometimes off, and it's always been because I've been weary about committing in general, let alone with her.

See I care about her a lot but I get out of the Navy soon and plan on moving and going to college and don't want the baggage. Also I'm not sure I could commit to her longterm because she has no real drive or direction in life(she got a DUI and then got kicked from the navy a year later) and I'm not willing to support her forever. She's really sweet and good to me but can't get her shit together.

Anyhow, me and her were dating but living in seperate apartments. After she got the DUI and kicked out of the service her Insurance and car payments(she bought a brand new car, financially irresponsible I know) were too much for the job she was working so she decided to move back home to afford her car(Neither of us live near any family and her family is 6 hours away in Jersey). Well she was always texting me about it back at home and she was miserable and ended up couch hopping and sleeping in her car. I missed her and thought ""maybe I can help her out and get my girlfriend back for a while by letting her crash with me"". So I asked if she wanted to move in with me rent free until she got a better job and got back on her feet.

She's been with me 2 months now. As a stay-at-home girlfriend she's great but she hasnt made much headway as far as 'getting back on her feet' is concerned. She found a job waitressing but it didnt make good money and she hated it so she quit. I told her not to and to keep the job until she found a better one(since low money beats no money) and she asked if I'd be angry if she quit. YES. I WILL, YOU DON'T PAY RENT AND YOU'RE APPROACHING 90 DAYS DELINQUENT ON ALL YOUR BILLS! She quit anyway and I got pissed and told her that if she doesnt have a job within the next month I was kicking her out with literally nothing going on in her life. 

She doesn't seem to be purposely sucking at life, she gets really stressed about her position and recognizes it's her fault but still makes poor decisions and life choices(like quitting her job when shes in crazy debt)

So Reddit, WIBTA for kicking my girlfriend out of the house with no job or money if she really can't find a job in the next month?","  

I (22F) have been going through a rough patch this past year. After getting a DUI and being kicked out of the Navy, I found myself struggling. I've made mistakes, and I know I'm responsible for the position I'm in, but I've been trying to pick up the pieces and figure things out. At one point, I was so desperate that I moved back home to New Jersey because I couldn't afford my bills—my insurance and car payments were just too much for the job I had. Unfortunately, things back home were unbearable, and I ended up couch-hopping and even sleeping in my car.  

My boyfriend (22M), who I've been in an on-and-off relationship with, called me and offered to help. He said I could stay with him rent-free until I could get back on my feet, and I was incredibly grateful. But now, two months have passed, and despite my best efforts, I still haven’t landed on my feet. I got a waitressing job, but it wasn’t enough to cover my bills, and I hated it. I eventually quit, and he was upset about that. I understand why—it wasn't the best decision, but I felt overwhelmed, and working there was really hard on me.  

Now, he's given me an ultimatum: find a job within the next month or get kicked out. I know he’s been generous by letting me stay rent-free and that I haven’t been able to show much progress. I recognize that I’ve made poor decisions, but I’ve truly been trying. It feels like everything is spiraling, and I’m not sure what to do.  

Would I be the bad one if I ended up in an even worse position—homeless again—because I couldn’t meet his expectations, despite genuinely trying and knowing he's just protecting himself?"
610,e5a6dk,"AITA for a dog park back and forth ""altercation"" I was at the dog park last week. This park has 3 area's open in the winter, 1 large dog, and two small dog areas (25 lbs or less). However small dogs can be in the large dog area as long as they can handle it. I have a medium sized dog, about 40 lbs, so of course we were in the large dog area. He's young and likes to run, but I always watch him like a hawk. I brought my friend and her dog with me for the first time and we were enjoying wandering around and letting the dogs play. We ended up chatting with an older couple who had an elderly, smallish (maybe 20lbs?) dog. The conversation was pleasant enough and we parted ways. Almost immediately after we parted my dog decided to wander a bit and accidentally ran into the elderly dog knocking it over. I immediately called him back and apologized to the owners, the husband swatted/screamed at my dog, even after he immediately headed back towards me when I called. I explained that he is young and sometimes doesn't look where he was going. The people continued to insist that my dog was unruly and hurt their dog and yada yada. (I took a look at the dog it was completely fine, wagging its tail and carrying on...)To which I finally replied, if you have an older dog who fits into the small dog category and can't handle the sometimes more rambunctious nature of younger pups in the big dog section, perhaps they should hang out with the smaller dogs. I felt bad at that point for snapping but ended up grabbing my dog and my friend and leaving, now I'm a bit worried to go back. My dog loves the park and this is the first incident we've ever had but I'd love to not go through this again... so AITA?"," AITA for defending my elderly dog at the dog park? I was at the dog park with my elderly, small-ish dog (about 20 lbs). Even though there is a small dog area, my dog usually enjoys the large dog section because he likes exploring in bigger spaces, and he's always done fine in the past. While we were there, my spouse and I ended up chatting with a young woman and her friend, who had their dogs with them. The conversation was pleasant enough, but shortly after we parted ways, one of their dogs—a larger, rambunctious one—ran full speed into my dog, knocking him over. 

When the dog collided with my elderly dog, I was upset and worried about my dog's safety, so my initial reaction was to swat at the larger dog and yell to scare it off. The owner called her dog back, apologized, but then brushed the situation off, saying her dog was young and just ""didn’t look where he was going."" I expressed concern and frustration, pointing out that her dog had been too unruly and could have seriously hurt my dog. She then snapped back at me, suggesting that if my older dog couldn’t handle the big dog area, he shouldn’t be there and should stick to the small dog section.

I felt hurt and defensive—my dog didn’t do anything wrong, and it's not unreasonable for me to expect other owners to control their dogs, especially in this mixed-used dog park. Now I’m wondering, was I wrong for reacting the way I did and confronting her about it? AITA?"
99,9r76fm,"AITA for being more upset than my mom? My grandpa was put on hospice after a 20 year battle with Parkinson's.  We're going to lose him very soon. For years we have seen this as he's so unhappy/frustrated in a body/mind that just doesn't work anymore, and it's time. We all knew this was coming, and it's not sudden.  However, I've been kept a little out of the loop on his health lately.  He's been in a VA hospital/assisted living for almost 5 years. Evidently, he's been declining steadily and no one mentioned it to me. (Not offended, just miffed). I've always seen him on his good days.

 I'm a wreck and can't stop crying since the hospice announcement.  He is extremely important to me and understands me in a way that my parents and siblings never have (at least before his mind started to go).

So, with me being an absolute wreck, my mom (his eldest daughter) is handling it pretty well on the outside (but I know she's actually upset). 

I called her to see how she's doing and I started crying (couldn't help it). She got really mad because he's not dead yet and I'm overreacting.

Am I? And am I the asshole for being ""too emotional"" when my grandma, mom, and aunts are handling this way better than I am?

Edit: grammar



Parkinson's is a terrible disease. If you can, please donate to Parkinson's research.","Am I in the wrong for getting upset with my child for crying more openly than I did about my father going into hospice care? My child has always had a deep connection with their grandfather—he understands them in ways the rest of the family never quite has—and this news seems to have hit them harder than it's hitting me outwardly. While I’m obviously troubled by my dad’s 20-year struggle with Parkinson’s and his declining health, I feel I’ve come to terms with this over time; we knew hospice was coming eventually, and I’ve grieved this in my own way.

When my child called me seeking comfort, they couldn’t stop crying. While I know they’re hurting, their outward reaction feels like an overreach since my dad isn't physically gone yet. I ended up snapping at them, perhaps out of frustration, for “overreacting,” especially when the rest of the family is managing their emotions better than they are. Should I have been more understanding of their feelings, or am I justified in wanting them to temper their grief at this stage?"
1146,afqezb,"WIBTA if I cut off my friend or at the very least expect an apology before moving forward? I have known my friend for years and their family treated me as one of their own children and siblings. 

Last February (2018) my friend met a person on Tinder and they got along well. I liked their significant other (SO). I thought that their relationship progressed very quickly, and soon my friend really stopped seeing and communicating with other mutual friends and their family. I saw this and communicated my thoughts that they were moving fast and they disregarded me. oh well. 

It should be noted that this friend has treated me fairly poorly in the past, but I wanted to move past it, things like leaving their house to go shopping while i am driving over and making me wait outside for an hour until they got home, discluding me from mutual friend activities, and not telling me that they were moving in with our mutual best friend, when I had communicated that I was interested in living together. 

I learned from mutual friend that Friend and SO had secretly married. (Note: they married because SO is from out of the country and would have had to move back to home country after graduating college, and married in Dec. 2018) So Friend and SO had a secret wedding where mutual friend and one of SO's friends and friends parents were there and were all told not to tell anyone. 

I learned from Friend's dad that they had married, and from mutual friend that they had this ""weird, secret marriage"" (MF's words).
My initial reaction was absolute heartbreak. I felt that Friend didn't trust me or love me enough to share this news with me, possibly because I was apprehensive about the progression of the relationship. Mutual friend agrees that this was the wrong move.

I've been reflecting, and I also feel that I made their happy thing about me. But if they were happy and proud, would they not have made this more open?

AITA and WIBTA?","Would I be TA if I distanced myself from my friend or gave them time to apologize for how they’ve reacted? I’ve been friends with them for years, and while we’ve had good moments and included them in my family like one of our own, there have also been times where they’ve made me feel uncertain or judged in our friendship.

When I met my significant other (SO) on Tinder and quickly grew close to them, I could tell my friend was uneasy about how fast we were moving. They expressed their feelings to me, but it felt like a lack of support rather than genuine concern, which hurt me. They’ve also criticized me in past situations or acted like I wasn’t prioritizing them enough, so this didn’t feel new. For personal reasons, SO and I decided to keep our marriage private — partly because it was a practical decision, partly to avoid drama or criticism. We told only a few close people who would understand the situation without judgment.

Later, my friend found out about the marriage through someone else, and their reaction felt intense and self-focused, like it was more about their hurt than my happiness. I’m starting to wonder, though, if I made the wrong choice by keeping this from them. After all, maybe they felt left out in a way that was deeper than I realized. But I also can’t help but feel exhausted by the way they’ve reacted to my big life decisions over the years.

Would I be wrong to think they owe me some understanding or even an apology for how they’ve handled knowing about my private decisions? Or am I the one out of line here?"
297,cmtwv3,"AITA for rescinding my homophobic grandparents invite to my wedding? Let me start this off by saying I am all for everyone having they’re own beliefs, but not at the harm of myself or the family I am starting. 

Today, (you can go to my post history to see this screenshot) my fiancé sent my homophobic grandmother a message on Facebook (I do not use Facebook, so it had to come from her) stating that while we understand they got a save the date (to which their response was “we will think about it”) they’re uninvited and should not be expecting an invitation.

Therapy taught me that I cannot please everyone, and this is a result of it. I will not put myself or my fiancé into a position that could cause some pretty harsh emotional damage. 

They have treated my fiancé like she’s less than human the few times they’ve seen each other in person. 

I’m asking if AITA because we’ve gotten responses saying “this should have been a phone call” or “they’ll learn, they should still be invited” but they’ve had 5.5 years to learn.


EDIT: We are apart of the LGBTQ community.","

My grandchild and their fiancé, who are part of the LGBTQ community, have decided to uninvite me and my spouse from their wedding. Recently, my grandchild's fiancé sent me a message on Facebook letting us know we will not be receiving a formal invitation, even though we had previously gotten a save-the-date. They said the reason is based on past behavior that they believe has been disrespectful or harmful, and they mentioned this was done for their own emotional wellbeing.

I’ll admit, I’ve held beliefs that don’t align with their lifestyle, but to me, I’ve always seen this as a reflection of my personal values, not an attack on them. While I might not have always agreed with or understood their choices, I still care about them and never imagined that they’d exclude me from such an important milestone in their life. I feel hurt and blindsided that this message came through Facebook rather than a conversation over the phone or in person. I would have appreciated the chance to talk about this more directly.

People have different beliefs, and I think families should find ways to come together despite differences. I’m genuinely questioning if I’m in the wrong for holding onto my beliefs and still expecting to be included in their wedding because, at the end of the day, I’m their family. Am I the bad one here?"
932,e3jxrf,"AITA for thinking my girlfriend's wealthy parents should help her with her medical bills? So 2 years ago my girlfriend had surgery for an ovarian cyst and at that time she was diagnosed with endometriosis. Since then, she's had 4 ovarian cysts bursting this year alone with 2 of them resulting in ER visits and 1 resulting in an urgent care visit. She's been on birth control for more than a year and it's caused other issues (depression).

She is still on her parent's health insurance and the first ER visit was a hefty bill and she managed to set up a payment plan with the hospital that she is just about to finish paying off now. She is also currently on a payment plan for the urgent care visit.

Both of these bills along with other bills eat up her entire paycheck. All of these financial issues have had a major impact on her mental state and worsened her depression. It seems like most days if she's not dealing with chronic pain from her endo she's dealing with financial troubles and it's an endless cycle.

The second ER visit just happened a week ago and was a reluctant visit since she really could not afford to go. We ended up having no choice when she developed some more alarming symptoms. Before going, I suggested since she was so bogged down with medical bills already to call her mom and see if she could help her with this bill. In the past, I have offered several times to cover her medical bills because of the stress but my girlfriend is adamant that I do not help her since we aren't married. There is also tension with her mother and I because her mother does not want me to think that they cannot/will not take care of their daughter with medical bills.

So we went however her mom gave her a long speech about how this was irresponsible and that the only reason my girlfriend had these medical bills was because she needed to learn a lesson about not leaving medical issues to the last second. Flash forward to yesterday, there is a huge argument and her stepdad essentially states that my girlfriend is entitled for thinking they should help her with her medical bills. My girlfriend's argument is that she has never asked for their help before and has been paying for her own phone, car, insurance, etc. since she was 16. His argument is that the parent does not have a responsibility to help their adult child with medical bills regardless of the situation or the context.

Her parents make well over 6 figures, both have new cars, a half a million dollar home, and just came back from a very expensive Europe trip. My own parents have always taught me that family helps family and even though my parents aren't wealthy in the slightest, I knew that in my early 20s if I was struggling I could always rely on their help. I just can't wrap my mind around how her parents can flaunt their wealth so openly and yet stand by while their own daughter suffers from an unpreventable chronic illness/chronic pain while also juggling depression and financial woes that they could easily take away without putting them into any financial trouble whatsoever.","  

AITA for believing that my adult daughter is entitled for expecting us to help with her medical bills, and for thinking it's not our responsibility to financially support her anymore?  

Our daughter has been dealing with ongoing medical issues, and while we care deeply about her and want her to be healthy, we believe she needs to take full responsibility for her decisions and financial obligations as an adult. She is still under our health insurance plan, which is already a form of support, but when it comes to managing her out-of-pocket medical costs, she has insisted on handling them herself.  

Recently, she and her boyfriend felt we should step in and cover some of her medical bills because she's been struggling financially. While we are doing well financially (we have steady incomes, a nice home, and just returned from a Europe trip), we feel strongly that it’s important for our daughter to learn how to manage difficult situations on her own, just as we did when we were younger.  

We’ve lent her significant emotional support throughout this process, but we’ve drawn the line at directly paying for her bills. We believe being a financially independent adult means managing these challenges—even when they’re tough—and that stepping in with money every time things get hard would only encourage reliance. Also, we’ve had moments where she’s ignored health issues until they became emergencies, and we think dealing with the related financial consequences might teach her to act preventatively in the future.  

Still, she and her boyfriend think we are being selfish and uncaring by not helping. They say they can’t understand how we could have the money to live comfortably but not want to use it to ease her financial burden. We’ve explained our perspective, but they seem to view us as bad parents for holding this boundary.  

So, are we wrong for standing firm on our belief that it’s not our responsibility to cover our adult daughter’s medical bills?"
275,et4z4a,"AITA for telling my mom the correct way to parent?   I’m 15F and my mental health is already bad as it is. My mom and dad are very controlling, but in a psychological type of way. I have to say yes to almost everything my mom asks of me just to keep her happy, because if i don’t she’ll threaten to kick me out. Recently, my mom told me that I have no reason to be depressed since I “live in a gorgeous house and have a good family with good parents”, and when I told her that nothing will change how I feel (because depression is a chemical imbalance in the brain), she called me and ungrateful bitch. She also called me an ungrateful bitch when the doctor diagnosed me with depression, which was two years ago. She completely ignores how I feel about any situation, and when she screams at me and tells me I’m a waste of space, she says she tells me that because she loves me. So earlier, I asked her why she doesn’t treat me like a daughter. I asked her if she actually meant everything she said, and when she said no, I went on a tangent about why that’s not the correct way to parent. I told her that maybe i’d be “less ungrateful” if she treated me like a human instead of a psychological experiment. Then as you could imagine, she called me an ungrateful bitch and told me I deserve to have deadbeat parents. AITA for telling her how to parent me?","  
My teenage daughter has been struggling with what she describes as depression, even though she has a good life—a beautiful home, a stable family, and parents who work hard to provide for her. When I try to remind her of all the blessings and opportunities she has, she often dismisses me and talks back, even when I’m coming from a place of love. Yes, I may get frustrated and say things I don’t entirely mean in the heat of the moment, but it’s because I care about her and want her to see life from a more appreciative perspective. Recently, during an argument, she accused me of being a bad parent and said I treat her like a “psychological experiment.” She went on to lecture me about how I should parent her, which felt very disrespectful, given everything I do for her. I admit I lost my cool and called her ungrateful because I was hurt by how she spoke to me. I’ve sacrificed so much for her, and yet she constantly makes me feel like it’s not enough. Am I in the wrong for reacting this way?"
1309,e76mze,"AITA for saying children's gifts are unfair to others in secret santa. I was asked to join a neighborly secret santa. I said fuck it, why not. We had a budget of 10 bucks. Okay fair enough. However one thing that irked me is that after we drew names, they mentioned the neighbors kids would also be participating, while also mentioning homemade gifts as an option. 

&#x200B;

&#x200B;

Now as far as i'm concerned I don't care if I get anything, but I feel like this is gonna lead to disappointment when we do the gift exchange and everyone is handing out gifts they bought and a few people are gonna be walking away with some kid drawings. It seems unfair due to the principle of the thing. I said that if children wanted to have a secret santa they should have their own with each other with only home-made gifts so it's fair. I mentioned this to some people and was called a greedy asshole, even after I said I don't care if I get anything. 

&#x200B;

&#x200B;

I just think it seems unfair for some to be buying something nice or at least useful. (I have no idea what the person I drew likes so I bought a fancy box of chocolate I hope she likes it.) And you get some homemade thing that you'll probably pin to your fridge for a while.","Am I in the wrong for wanting my kids to participate in the neighborhood Secret Santa, even if their gifts are homemade? I invited a neighbor to join our friendly Secret Santa where we set a $10 budget, and we later mentioned that our kids would also participate. Homemade gifts were proposed as an option (partially because some children might contribute). But then, the neighbor brought up concerns that this wasn’t “fair,” implying that it might feel disappointing if someone received a child’s homemade gift rather than a purchased one.

They even suggested that if kids wanted to join, they should have their own separate Secret Santa, restricted to homemade gifts. When they shared their feelings with others, they were called out as being greedy and overly critical—despite them saying they don’t care what they receive. Honestly, I thought this was supposed to be a fun, inclusive neighborhood activity that teaches kids about giving. Am I being unreasonable for allowing my kids to participate, even if their gifts might not compare to store-bought ones?"
1289,bhcp4e,"AITA for not inviting my hyperactive god-kids to my wedding? Yeah. The god-children (aged 6 & 8) belong to my first cousin. And I'm inviting her but not the kids. And I'm not doing so because they happen to be hyperactive kids with no rules or discipline and their mom has a habit of leaving them under other people's supervision at family gatherings.

I told my parents I wasn't inviting them and they asked ""are other kids getting invited?"" And unfortunately, the answer is yes. There will be two other kids there close to the age of my god-kids, but I know I won't have to worry about them. (That answer btw went over like a lead balloon)

Am I being the asshole for not wanting my bride, other guests or myelf to be chasing after my cousin's unsupervised kids while she enjoys herself without any guilt/worry/embarrassment whatsoever?","Am I in the wrong for feeling hurt and excluded because my cousin decided to invite other kids to their wedding but not my children? My kids are hyperactive, and yes, I sometimes let them roam during family gatherings because I trust the other adults and want them to enjoy themselves. While I understand kids can be a handful, should I be judged for my parenting style or my children’s behavior, especially when I was invited but my children were specifically excluded? Wouldn’t it be fairer if no kids were invited at all rather than singling out mine?"
811,e7m164,"AITA for potential backing out of a birthday celebration? Sorry about formatting, I’m on my phone.
I’ll try to keep this short. Genuinely interested in hearing what y’all think.
I met my roommate about 4 months ago. We clicked instantly, she’s super cool and we live very similar lifestyles. We’ve had no problems thus far. 
Her 25th birthday is in January, so I started to think about what might be a fun surprise to do for her. She made it clear that she loves thoughtful gifts more than just gifts for the sake of it, so I thought it would be fun to surprise her with a trip to a neighboring state and a weekend that was all about her (in a place she had specifically mentioned wanting to go). I reached out to all her friends and started organizing. A couple days after I started organizing, I got wind of a separate birthday celebration that was happening for her, involving clubbing and a different location. 
So I spoke to her and told her that I had a surprise planned (didn’t tell her what the surprise was, just that I was trying to put something together for her) and asked her what she specifically wanted for her birthday. She asked me to not reveal the surprise and to ask her friends to figure out what she wants.
So I went back to her friends and tried to figure out another plan and was immediately shut down. So then I just tried to jump on board with the plan they had going, but it sounded like it was going to be really expensive for a few nights out in a city we don’t live in (airbnb, ubers, brunch, club cover fees, drinks, dinner and lunch out, etc). I specifically told her friend that I needed to think about it but that if I didn’t go I was going to find another way to make it up to my roommate. I had fully planned on speaking to her about it in person and asking her directly if she cared about me being there.
Well I found out today that her friend went behind my back, revealed the surprise, told her I wasn’t going anymore (I have the texts to prove that I never said that), and lied about why I wasn’t going anymore (she said that I didn’t want to/it didn’t interest me). My roommate then texted me very angry and I was dumbfounded. 
Here are some additional details that might be important:
1) One of my parents JUST died (less than a month ago). I’m in a deep depression that she doesn’t seem to give two shits about.
2) I’m in my early 20s and make less than $12,000 a year (before taxes)
3) I know that my roommate has no intention of spending anywhere close to the amount I estimated on my birthday celebration (not that I would ever ask someone to do that) or really on anyone in her life’s celebration.
Am I the asshole for possibly (now, likely) not going to her birthday celebration?"," AITA for being upset with my roommate for backing out of my birthday celebration? 

I met my roommate about four months ago, and we clicked instantly. She's super cool, and we live similar lifestyles. We've had no problems, and I felt like we were becoming good friends. My 25th birthday is coming up in January, and birthdays are a big deal to me. I’m the kind of person who values thoughtfulness over material gifts and was really excited about the idea of doing something special. 

A friend of mine started organizing a celebration for me that involved clubbing in another city with a full weekend itinerary, including brunches, dinners, and going out. It sounded amazing and was something I really looked forward to because my birthdays aren’t just about celebrating myself—it’s about being surrounded by the people I care about.

I later found out my roommate had been planning a surprise for me, which she casually brought up while still keeping the details secret. Instead of sticking to her plan, she told me she would ask my other friends what I wanted, which felt strange since they already knew about the bigger plan. After that, she tried to join my friends' plans but hinted she might not come because it sounded expensive, and she’d “make it up to me” if she didn’t go.

I eventually learned through one of my friends that not only was my roommate backing out, but she wasn’t even interested in going to the celebration at all. Allegedly, she didn’t find the plans appealing, which hurt my feelings because it feels less about the money and more about the principle—she’s choosing not to be there for me on my birthday. I confronted her about it, and she seemed shocked that I was upset. 

Am I in the wrong for being angry and taking this personally?"
1560,d9v68m,"AITA for wanting my friend's ex? I found out that my friend was depressed about not forgetting his ex girlfriend (who ended up 3/4 months), but today he is gradually getting carried away by a new girlfriend. I went after his ex-girlfriend to find out the reason for the breakup, but I found out he was a horrible person and that she was treated like trash! After getting to know her better, I involuntarily fell in love with her and she with me.

It didn't take long for him to find out and ask me to run away from her, but she's the woman I dreamed of as a child. (intelligent, loves art, classical music, watches anime and has a dark past like mine ...)

She and I are moving on, but it hurts my heart to look at my friend every day (we work and study electronics together, and it will last another two years).

Am I stupid to ignore my recent friend (who is slowly getting over everything) to stand by the woman of my dreams?

&#x200B;

PS: He's NOT my ""best friend"", just a great friend I met recently and I'm getting closer to being such a nice person to me.","Am I wrong for feeling betrayed by a friend I trusted? I was going through a hard time trying to move on from my ex-girlfriend, even though I’ve started seeing someone new to help me heal. A friend I’ve been getting closer to recently went behind my back to talk to my ex about our breakup, and then ended up falling for her, knowing how much I’ve struggled to let go. Now, despite my pain, my friend is choosing to stay with her and expects me to be okay working and studying together every day for the next two years. Should I just accept this, or is it fair for me to feel angry and hurt?"
479,bqx9lc,"AITA for using the girl’s restroom as a guy? Throwaway account.
Tldr: all the guys bathrooms at school were locked and I used the girls bathroom and got called a pervert

So it’s the senior’s last day of high school today, so they did this prank called “melon Monday”. All the seniors brought a watermelon to school and hid them around the school. A bunch of guys put them in toilets and smashed them so the deans decided to lock all the boys bathrooms. Well later I really had to go to the bathroom but it was locked and I had to go so bad. So I opened this one girl’s bathroom that only had two stalls and no one was in it, so I quickly went and left. anyways this group of seniors was standing in the hallway and saw me walking out of the bathroom and started pointing at me and the guys were saying “what are you doing perv” and all the girls were giggling and staring at me. Am I the asshole for going to the bathroom in the girls bathroom?

Edit: here are screenshots of people’s Snapchat stories [proof](https://imgur.com/gallery/nT15a7I)","Was I wrong for feeling uncomfortable and calling out the guy who used the girl’s restroom?  

So today was our senior prank day, and a lot of us had fun with “melon Monday,” where we hid watermelons around the school. Some guys went a little overboard and smashed watermelons in the boys' bathrooms, which led the deans to lock them all. Later, we were hanging out in the hallway, and this guy walked out of the girl’s bathroom. It was really weird seeing that, especially since it’s such a small restroom with only two stalls. To me and my friends, it felt inappropriate and made us uncomfortable, so we called him out on it. The guys in our group even joked about him being a perv because, you know, it’s the girls’ space. Was it wrong of me to react that way?"
1124,egvnmm,"AITA for being angry at my mom for writing on a book? This all happened today and doesn't seem that big of a deal, but for me it is.

I'm a book lover. I got a lot of books and read them fast, but many times to completly get the plot and all. 
In summer I got the book ""The Hate U Give"" gifted by my mom for my birthday, and for me it is one of my favorite books of all time. I've read it multiple times already, and told my mom also about it how great I think it is, etc. 
So she asked to borrow it and read it herself, and I gladly agreed. (That was around 2 weeks ago)
Since then I haven't seen the book. 
Today I went to my moms room to get something, and saw the book laying there, and a couple notes were written on the cover. It made me furious, because I hate having dirty or ruined books. 
I asked her why and cussed with her for a bit, she says she bought it with her own money and that its not that big of a problem, as the notes were just three lines and I could ""draw over them"" or something. For me the book was still ruined. My brother said that I'm too picky and shouldn't see it as that big of a problem, and said that I should apologize for my behaviour on such a simple topic.

So, AITA?","  
I borrowed a book that I had gifted to my child for their birthday because they talked a lot about how much they loved it. While reading it, I made a few small notes on the cover — just three lines. I thought it was no big deal since I initially bought the book with my own money before gifting it, and I genuinely didn’t think it would bother them this much. When they found out, they got very upset and ended up yelling at me about how I’d ""ruined"" the book. I tried to reassure them by saying they could easily draw over the notes if it bothered them that much, but they stayed angry. They’re still upset, and now I’m wondering: am I in the wrong for writing a few notes on the book?"
30,eau3tx,"AITA for disliking the Christmas gifts my friend gave me because they're opposite of everything I wanted? I know it sounds like I'm a selfish ass (maybe I am? That's why I'm here lol) Over the years a good friend of mine and I have always had fun with Christmas. Our gifts to each other often had a very strong meaning. I won't lie, my friend thinks very highly about herself and is a very, very talkative person, who is very blunt about her accomplishments. I'm very timid, so she talks more, I listen, it worked out lol. Despite this, she has always known me and makes an effort to listen.

Well fast forward to this year, sometime in July she was hired into a high paying job and has decided to move into her own home. She also started dating. All of this has consumed her life. Whenever we get together, she talks about all of these achievements nonstop that I feel, well that effort to listen to me isn't there anymore. Anything I say ends up going through one ear and out the other. Instantly the subject changes to her job, boyfriend or house.

We exchanged gifts and I guess they made me think this is more than just a feeling. She got me a coffee mug, despite me two weeks back complaining about how I don't even drink coffee and still I have twenty mugs. I also changed my major, which was a big step for me. This occurred in August and I talked about it to her about my new classes. Well, she gets me two books about my old major, with her telling me she hopes they'll help me in my studies. To top it off, she also gave me a box of cheap hot chocolate mix.

I thanked her and am grateful for the items, but I feel rather guilty about not liking them. And yet I'm also angry that I feel like my closest friend has no interest in me or what I'm doing anymore. AITA for not liking my gift?"," AITA for giving my friend gifts that she didn't seem to like, even though I thought they'd be meaningful and useful for her? Over the years, my friend and I have had a nice tradition of exchanging Christmas gifts with a personal touch. I always make an effort to focus on thoughtful, meaningful gifts that reflect some aspect of her life that I value. 

This year, though, things have been a bit overwhelming for me. Back in July, I started a high-paying job, began a relationship, and decided to purchase my own home. Everything has been moving so quickly that sometimes it's all I can talk about when we meet. I know I’ve been sharing a lot about my new life developments, but I’ve always considered my friend a great listener, and it’s been nice to share all of these big changes with her.

For Christmas, I tried to put together a gift I thought she’d like, but it seems she didn’t. I remembered her taking classes related to her old major and found a couple of books in that field that I thought might inspire her. I also included a mug and a box of hot chocolate mix as a little token to round it out. I heard her say she doesn't drink coffee, but I figured the mug could work for tea or hot chocolate instead—something cozy for the season.

When I gave her the gifts, she thanked me, but I got the impression she wasn’t thrilled about them. I had hoped she’d appreciate the thought and effort behind it, even though I may have misunderstood some of what she’s into these days. Am I in the wrong for not doing a better job listening or for choosing gifts that didn’t align with her current situation?"
931,bnylkt,"AITA for not wanting to be my brother's caregiver? Throwaway account and altered background since my main account has identifying information.

I am a mid 20sF. My brother is in his early 30s. He was diagnosed a paranoid schizophrenic when he was 16 years old. I am his younger sister by seven years.

When I was growing up, I took the brunt of the consequences of his illness. We never went out for my birthday since my brother refused to leave the house. By default, my brother became the GC and I the SC. If I ever complained, I would get told by my parents ""Your brother is mentally ill - you need to understand."" 

I just finished getting my Master's degree and have a part time job. I am in a serious relationship with a great guy -- we're coming upon four years and have spoken about marriage.

My parents have always expected me to be my brother's guardian when they pass. I would be OK with this except that my parents have enabled my brother to be 1000% reliant on them. My mum cooks for him and waits on him hand and foot, and my dad is pretty much his chauffeur, driving him to wherever he needs. My brother is a smart man (builds computers) but my parents' infantilization of him have made him dependant on 24/7 care. I cannot be his nonstop carer (I work) and although my BF feels bad, he also works and doesn't have the time to be a full time aide. I blame my parents for making him essentially useless due to their enabling and even though I feel awful, I do not have the financial, emotional, or time capacity to be a full time aide like my parents are to him (they're elderly and retired). 

AITA if I send my brother to a facility where he can be taken care of, rather than living with me and BF? I would make sure he gets the best care I can afford, but I cannot be an on call carer like my parents currently are."," AITA for relying on my younger sister to look out for me as our parents have always planned? I’m in my early 30s, and I’ve been living with paranoid schizophrenia since I was 16. Growing up, managing my illness was hard, and admittedly, my family sacrificed a lot for me—particularly my sister, who’s seven years younger than me. I know I was the focus of my parents' care out of necessity, but I sometimes wonder how much resentment that has caused.

Our parents have always taken care of me. They make sure I’m safe, fed, and supported daily. They argue that the routine they’ve set for me is the best way to manage things. Honestly, I know I’ve grown reliant on them because of how they’ve done things, but change is scary for someone like me. My sister just finished her master’s degree, has her own life and partner, and I think she’s ready to set boundaries when it comes to the sacrifices our parents expect of her. They’ve planned for her to step in as my guardian when they’re no longer able, but she’s made it clear she doesn’t want that role like they envisioned it and is considering alternatives for my care.

She wants to ensure I live in a facility where I’ll be properly looked after rather than having me live with her and her fiancé. She says she’ll prioritize getting the best care she can afford, but I can sense that, fundamentally, she doesn’t want to take care of me herself—and maybe she resents that our parents assumed she would. She says it’s because of how our parents raised me to depend on 24/7 care, and I can see how their approach may have been different from what many others experience.

Here’s where my question comes in: AITA for wanting her to take on the responsibility of caring for me even if that’s not the life she wants, because that’s what our parents have prepared both of us for all these years?"
544,bj5bu7,"AITA for returning a laptop and phone I said I look at for my ex's friends unfixed after our breakup? My ex and I broke up a few weeks ago after I caught her planning to cheat on me with her ex and also flirting with a few other guys on facebook.  Well shortly before the breakup two of her friends asked me to look at a phone and laptop that weren't working.  I work in IT so this type of request is common for me.  I said I'd take a look, but before that happened the breakup occurred.

Well these friends obviously sided with my ex after the breakup and publicly stated that I was overreacting and was more at fault than ex in the breakup.  Well the next day I returned the devices to those two explaining that I wasn't going to fix them.  Since then I've gotten numerous messages from them, my ex, and a few mutual friends telling me that I am being petty and childish and needlessly punishing them for my ex's behavior.  A few have also said I am obligated to help since I promised to look at them and the breakup doesn't absolve me of that responsibility.

I personally think this is all bullshit, but the fact that so many people are coming after me on this is making me doubt myself.  Was I the asshole here?","

I asked my friend’s partner, who works in IT, to take a look at my broken phone and laptop, and they agreed. Shortly after, my friend and their partner broke up. The breakup was unfortunate, but I sided with my friend and voiced my opinion that their partner may have overreacted in how they handled things. Then, out of nowhere, the partner returned my devices unfixed, saying they wouldn’t help me anymore. I tried to explain that they had already promised to take care of it, but they insisted they wouldn’t do it because of the breakup and the things I said. Am I wrong for thinking they should have kept their word regardless of the breakup?"
1120,ctgykc,"AITA for not wanting a new office chair if I can't take my old one home? Whole office was offered new chairs, I asked about the specs on the new chairs and they seemed pretty basic so I declined because I was one of the lucky few able to nab a really fancy one from a different office when we merged. It's one of the ones with like 10 different nobs and levers to get everything perfect.   


So, they asked me to help assemble all these new chairs (like 20+) when they were delivered and they were telling everyone that if they got a new chair they could take their old one home.  


One of the ladies in our office did not like the new chair once she sat in it so she opted to keep her original chair (it was not a fancy one, just wider). They offered this new chair to any of us that had not switched, nobody wanted it so I sat in it and it was quite comfortable right out of the box and did not need any adjustment. So I took it, it wasn't really any better than my other chair but the fact that I could take the other chair home was enough of a selling point to use the new chair.  


Now, my office mate across the hall (Who has the same fancy chair already and also declined the new chairs) saw me wheeling the fancy chair into the corner of my office & decides they want my fancy chair because the color is different... (hers is more of a beige while mine was black). I told her that was fine, I'll just take the beige one home... I'm sure you see where this is going.  


She says we were allowed to take ""our old chairs home"" and the beige one is her old chair so she will be taking it home herself... So I said nevermind, I'll just keep my chair and someone else can take the new one; she doesn't want it even if she can take the beige one home.   


She says I'm an asshole...","

""STORY: Am I in the wrong for wanting to keep my own office chair and not trade it for someone else’s? Our office was getting new chairs, but I already have a fancy chair from when our offices merged a while back. It’s beige, which isn’t the prettiest color, but it’s comfortable, and I’m happy with it, so I declined the new chair offer.

Later, one of my colleagues, who also has a fancy chair from the merger (only his is black), decided to take one of the new chairs because of the perk that if you take a new chair, you can bring your current one home. I wasn’t super interested in the new chairs, but when I saw him wheeling his old black chair into the corner of his office, I asked if I could swap with him since I liked the color better than my beige one.

At first, he said yes, which made me happy, but then he quickly changed his mind because he wanted to take my beige chair home instead. I told him I wasn’t OK with that—it’s my chair, and the agreement was we’re allowed to take *our own* old chairs home, not someone else’s. He said fine, he’d keep his black chair instead, but then he got upset with me and made me feel bad like I was in the wrong for just wanting to keep the chair I already use and like.

Am I the asshole for not wanting to trade and for refusing to let him take my beige chair home?"""
1073,dbw5pl,"WIBTA for not selling a guitar(gibson) to this guy for lower than our agreed price? He is coming to get it tomorrow. I got it 5 years ago(used) when I was 17. For context, it's not a ""really good"" Gibson its the lower end Double pickup 2007 Melody Maker. I had it listed on facebook marketplace(yeah i know no one else my ages use fb lol)... for $400. Dude emails me and says ""will you take $350?"" I'm like ""yeah that's fine."" Then he wrote ""I'll only pay you over Paypal tomorrow after I come check the guitar out."" WIBTA for not letting him leave with it before he shows me his phone and that he sent me the $ over PP? 

And WIBTA for telling him hell no if he asks if he can have it lower than our agreed upon price($350?) Yes it's gonna have some wear on it, the guy i bought it from 5 years ago gigged with it before selling it. It has some paint loss, and some scuffs but it IS 12 years old.., so am I TA if I refuse to sell it for lower once he comes out tomorrow to look at it/ try it out? He lives 2 hours from me(he already saw the pics I posted on fb of said guitar) so if he low balls me and has to drive back 2 hours with no guitar on him right?

~ throwaway","Would they be the asshole for refusing to trust me enough to let me leave with the guitar before I show them the PayPal payment on my phone, even though I've agreed to pay through PayPal as long as I can inspect the guitar first? And would they be the asshole for refusing to negotiate a lower price if I think the guitar's condition doesn't match what was promised, even though I drove two hours after seeing the photos they posted online?"
543,9te0gp,"AITA for wanting to hang out with my ex gf's dad? I dated a girl for two years. We lived together one. We both exercised a lot and had many things in common. We talked about and agreed on marriage and kids and our future. I always had a great relationship with her family and especially her father. We are very similar and handy individuals. I would get a lot of housework and financial advice from him throughout the relationship. He owned the house we lived in and did not charge us rent. He is a great guy and I feel like I owe a lot of my success to him. 

I graduated with my bachelor's and started my first ""big boy"" job. With the commute I was gone anywhere from 10-13 hours a day. I would come home exhausted and plop on the couch. I gained 10-15 lbs in 10 months. Occasionally I would help with dinner but for the most part, that fell on her (one of her complaints during the breakup). She was training for a half iron man and was dedicating a lot of time to that (1-3 workouts 7 days a week). We both stopped putting effort into the relationship. When we realized it, I wanted to work things out, she did not want to put any effort into it (her words). A month prior I had asked her dads permission to marry his daughter (he gave his blessing and we both got a little emotional) and I started looking at rings. 

After the break up, I was so heartbroken I quit my job and moved everything from FL to IN back with my family. I really needed the love and support from friends and family. While I was moving out, her dad was visiting. He even helped me move my stuff into the Uhual. As I was leaving, he walked me out to my vehicle and we hugged and we both cried a little bit. We agreed to keep in touch. 

We have emailed a few times and kept in touch like we agreed over the past couple months (breakup was in August '18). In the last email, he let me know he would be dog sitting for my ex during the week I will be visiting FL. I suggested we get dinner and he agreed. I texted my ex to ask her to give the clothes I forgot to her dad so he could bring them to dinner (we have texted periodically since the breakup about nothing important, sometimes she would initiate, sometime me). She went off on me and told me I am not allowed to be friends with her family or her dad. She said ""Maybe you should consider my feelings before you make plans that violate them"". She believes I will create a wedge between her and her dad (she also believes I created a wedge between her and her best friends because I talked to her best friends' husbands during the breakup, (whole other story)). I know she is extra stressed at this time with work, but am I the asshole for wanting to hang out with her dad? ","

""I let my daughter’s ex-boyfriend into my life and our family for two years. During that time, I got to know him well, and we bonded over shared interests, house projects, and the advice I was able to give him. I saw how much he cared for my daughter, and he even approached me to ask for my blessing to marry her, which I gave — because I believed in their relationship. When they broke up, I was disappointed for both of them, but I could see he was heartbroken. I tried to be a decent person, helping him move out and keep his spirits up. We agreed to stay in touch because I genuinely valued the bond we had formed.

But now my daughter has told me that my continued contact with her ex is upsetting to her. She has asked him not to make plans with me, and she believes it’s disrespectful to her and her feelings. I don't want to hurt my daughter in any way, but I also don’t think ending my relationship with someone I consider a friend is fair. So, am I in the wrong for wanting to maintain contact with my daughter’s ex?"""
1539,9xqfj1,"AITA for answering questions literally instead of telling the asker what they want to know? Okay, so I'm a fourth generation Korean American. I don't know a lick of any languages other than English and a bit of Spanish I learned in school. I've never been to Korea, nor do I want to go. My dad is the only person in my family who speaks any Korean or has been to Korea. And the only thing I know about Korean culture is what other people tell me. In short, I'm only Korean by blood and nothing else. I don't bring it up and I don't act any different from an average American, but I still always invariably get The Question from coworkers/strangers/Tinder peeps. Now, The Question comes in many different forms, but it's purpose is to elicit my ethnic background.

Here are some forms The Question takes and how I answer them. (These are actually what people say)

* ""Where are you from?"" Los Angeles
* ""No, I mean, where were you born?"" Los Angeles
* ""No, like, where are you REALLY from?"" ...Los Angeles
* ""Where are your parents from then?"" Well my mom was born in Los Angeles, but my dad is from Houston...
* ""What's your nationality?"" American
* ""What kind of Asian/Chinese are you?"" Asian American. No Chinese. (note: There are many people who are convinced that 'Asian' and 'Chinese' are interchangeable)
* (my personal favorite) ""What are you?"" Yeah, let me sum up my entire existence and identity with my race...

Having had this conversation at least once a week since I was a kid, I know exactly what the asker mean by the first question. I know I'm being cheeky, but this question always rubs me the wrong way. It's also kinda funny/sad to see people try to find different ways to ask this question so I let it run as long as they keep trying. And I only tell them the literal answer of the question they ask. Yesterday (after about three failed attempts at The Question) a coworker said that I was being rude since I knew what she was asking. My rationale for my behavior was that if they do want to know this information about me, they should be able to ask the right questions. It's not that hard. 'What's your ethnicity/ethnic background' is perfectly fine. I feel like all those other forms of The Question innately make the person being asked The Question seem more 'different' or 'foreign'. So, AITA for answering someone's questions literally instead of telling them what they want to know?

&#x200B;



When I still lived in LA, there were a lot of people like me, Asian Americans whose parents and grandparents were born in the US. I didn't get The Question quite as much then. But after moving to the East coast for college and work, I get The Question all the time. I'm guessing it's because there's not as many Asian families that have been here for generations like in the West (best) coast. Let's go back to The Question. If a non-Asian in Virginia who grew up in LA was asked ""Where are you from?"" how would they respond? Would they say, ""Oh my family has roots in Scotland and Ireland""? No, they would say they're from LA. So, why should I answer any differently? Why do **I** have to accommodate to other's expectations of me that are obviously double standards and assumptive? ","

---

Am I wrong for feeling frustrated and thinking someone was being rude when I was just trying to learn a little more about them?  

Here’s the situation: I was talking to a coworker who looks Asian (I’m not sure from where exactly, but their appearance suggested it to me) and started asking some questions to get to know them better. I wanted to learn about their background and family heritage, so I asked things like “Where are you from?” and “Where are your parents from?” They kept answering literally, saying things like ""Los Angeles"" or ""My dad's from Houston."" Every time I thought they weren’t quite answering what I meant, I’d rephrase the question to get closer to what I was trying to ask, but they still didn’t give me the information I was curious about.

I understand they might’ve heard these kinds of questions a lot before, but I felt like they were being intentionally difficult and rude about it. I wasn’t trying to offend them—I was genuinely interested and just curious about their cultural or ethnic roots, and I assume people like sharing things like that. Instead, they just kept playing games with their answers instead of telling me their ethnicity upfront. It felt like they were brushing off my questions even though it was clear I wasn’t asking about their city or state of residence.

Eventually, I told them that I thought they were being rude because I knew they understood what I was really asking. Now I’m wondering, am I wrong for being upset that they didn’t just answer my question properly? Should they have been more understanding of where I was coming from?"
135,e9ovvw,"AITA for not letting my roommate borrow my debit card? I have been living with my current roommate for about 8 years. Through those years I’ve helped him immensely, and he has helped as well. When I moved in he just quit his job and didn’t have a steady source of income, and he said he was doing photography to supplement his income. To say the least it didn’t go anywhere and I was constantly asked to let him borrow money or pay my rent early and when I would let him borrow money he would take it out of next month’s rent. Which wouldn’t help because we were behind again for the next month! Over the years, we have switched roommates constantly because they were fed up of his financial situations. I even offered to pay an extra $50 a month on top of the amount agreed on for renting a room. We have grown close over the years to the point like family.

Now, he drives Lyft and makes about $100-$200 a day and pays the rental fee. Keep in mind the rental fee is like $200 and he drives 7 days a week. I also recently started a full time job where I work from home and only make $1 more than my last job.

It’s like every month he asks me to let him borrow money or my debit card. Just two weeks ago he asked me for the last $20 I had, yes, he paid me back the same day but I had to use my credit card for that. One month ago he asked me to pay my rent early again literally ONE week after we just paid rent because he was behind on something. One time he called me at work and asked me to let him borrow some money, I was at work and I was broke!!

Last night I come home and he asks to borrow my debit card and he was going to pay me extra and I just snapped! I told him my finances are not for me to take care of him, it for really nasty he said I was being selfish and a bitch...lol

I told him months ago to set up an extra bank account (not a prepaid bank account but a BBVA/Simple account) and he is too lazy to do it!!

So, am I the asshole for not letting my roommate borrow money or my debit card like I normally do? Did I overreact?

TLDR; my roommate asked me to borrow my debit card and offered to pay extra for letting him (after 8 years of doing so) and I snapped and said no and it resulted into in argument.","

""Over the years, I've turned to my roommate for financial help because I've had ongoing struggles making ends meet. Yes, I haven’t always handled my money well, and I’ve had to ask them for loans or favors on multiple occasions. But we’ve been living together for 8 years, and they’ve been like family to me, which is why I’ve felt comfortable relying on them when I’m in tough spots. 

I know I’ve asked for things like borrowing money, paying rent early, or even occasionally borrowing their debit card—things they’ve helped with in the past—and I’ve done my best to pay them back quickly when I can. Recently, I even offered to pay them extra as a thank-you for the trouble. But yesterday, when I asked if I could borrow their debit card again, they snapped at me, accusing me of being lazy and selfish and saying I treat them like my finances are their responsibility. It turned into a huge argument, and I called them selfish too.

From my perspective, I was just asking for a bit of help like I’ve done before in our 8 years of living together, and I didn’t think it was a big deal. So, am I the asshole for asking my roommate to borrow their debit card again and getting upset when they said no?"""
29,d3zesk,"AITA For Wanting my Dad to Reach Out to Me First? My Younger sister recently told me that my dad wanted to know why I didn't talk to him and really wishes to be a part of my life. I told her that I'm open to it, but I'm not going to be the first to reach out. I feel like I deserve an apology because he was indifferent to me growing up and I don't feel like I should have to be the one to begin to mend things over. She feels like I should make the first move.

Backstory:

Me and my Dad don't have much of a relationship. He was in and out of my life for the first four years and my grandmother raised me until I was 7 and we all moved in together. Even during that time, It was never quite positive. I was the eldest kid of three and my dad remarried.  Because of this, my two younger siblings often got preferential treatment growing up. They would often argue, fight with other kids and even steal and rarely were  grounded but I'd be treated like a menace if I did so much as not sweep the floor to their liking. I remember once, after Visiting my biological mom for a week or two, my dad ground me for a week for just about no reason. Every time I'd  try to confide in him, or ask for advice, He'd berate me at best or bring it up at some point later on to make fun of me if I annoyed him.

Even as I got older, he never really invested much time in me; I was great in choir and in just about every concert I'd have a solo. Despite this, he'd just drop me and my grandmother off and go home and watch TV.  It kinda hurt being praised by so many strangers but my own father couldn't care less. I even won a free trip to DC once because I won a Japanese language speaking contest and he was more interested in figuring out how my clothes got into his hamper.  Growing up it was always this. Any good thing I'd do he'd ignore but if I slipped up he'd have a field day and wouldn't let it go for weeks.  He called me a Failure at 15 for not having a job, and once I did, charged me rent. And the rent didn't go to anything responsible, like a college fund. I asked him and he laughed at me... It just went to my stepmom's pocket.

 The final straw that broke the camel's back was back when I was 23 and going through a rough patch. I won't go into detail but I was teetering on homelessness and barely eating. I asked him for $40 for food out of desperation, and he said he didn't have it. I found out days later that he flew out to Michigan first class and stayed at an expensive hotel for a vacation.

Despite this, I recently borrowed my stepmom(his wife) $750 to get her car out of repossession. Only reason I did that was because she was helping out my younger sister with rides to her work and she has a young child. I'm not sure if I'll ever actually get it back. It was the first time any one of them has called me in probably two or three years.

There's plenty of other stories but I feel like this gives a good overview of our relationship. So, AITA for feeling like I shouldn't have to be the one to reestablish communications?"," ""My younger daughter told me that my estranged child isn’t reaching out to me, and it stings because I truly wish to be part of my oldest child’s life. I’ve been unsure of how to bridge the gap between us, but hearing this is hard because I’ve always wanted a relationship, even though I admit I may not have shown that well in the past. I feel like it’s unfair that I’m expected to be the one to reach out first when my child is also capable of making the first move. I do regret some things I might have done differently, but relationships are a two-way street. So, am I in the wrong for thinking my child should take the initiative to reconnect with me?"""
1181,7776zb,"AITA for protesting against playing guitar at a small party? So, I was at this small party at my friends house with my parents for an occasion, about 15 adults total were there of whom only about 6 or 7 I knew and the only other teen there being my friend. 

Its late in the night and I am chilling in my friend's room watching the Hangover while he eventually nods off. My Dad walks in a few minutes later and says to come outside as we are leaving now. I fix my hair and walk outside expecting people to be leaving but everyone is seated drinking with one person playing guitar. My dad invites me to sit with him and eventually everyone is asking me to play something, I try to protest as I am extremely shy and was not comfortable but the guitar gets passed to me anyway and I just half-ass the start of Stairway to Heaven. I try to pass it to my Dad but he doesn't take it, everyone is cheering me on wanting me to entertain them. My mom finally takes it and whispers to me that I'm a pussy then I resign myself to my phone. This goes on for half an hour until I use a joke about leaving me to sleep there as an exit to go back to my mate's room. We then leave an hour and a half later.


The next day, when saying goodnight to my parents, I confront them about why they did that last night. My dad just played it off and told my mom I am always whining without giving a reason, while my mom thinks I am a pussy and that I should have been a sport and also that I embarrassed our family. 

I don't understand, aren't decisions like these supposed to be my own choice?","

""Last night, I tried to include my shy teenager in a social moment at a party where other adults were enjoying themselves, drinking, and playing guitar. I thought encouraging them to play would be a nice way to let them showcase their talent and be involved. When everyone started cheering and asking them to play, I assumed it was all in good fun and that they’d enjoy some positive attention or at least loosen up a little. But instead, they protested, barely played anything, and eventually retreated to their friend’s room, leaving the little lighthearted moment feeling awkward. Later, when they confronted me about it, I dismissed it because I can’t help but feel like they were overreacting, making the situation bigger than it was. I encouraged them to be a sport and participate, but instead, they think I embarrassed or pressured them unnecessarily. Am I in the wrong for trying to involve them in something social?"""
710,cp0v9g,"AITA for trying to plan a vacation with my friends?  I have a group of buddies who like to get together a couple time a year in different cities throughout the U.S. When I was younger, not married and not as busy at work, I would go on most of these trips and have a great time. Now, with more responsibilities I have not been able to make any of them for several years. It's especially hard that I'm not included in the planning. I'm just asked after all the arrangements are made if I want to come with them. Last year's trip was out of the country, the dates were set and I was asked to join them for the trip that was to take place the following month. I would have absolutely loved to have gone but I am the only senior manager for my company at my location and I run my own business on the side so I need more time to plan something like that. I want to see these folks and plan a trip so I decided to be the initiator. I suggested we do a trip, gave an example location and suggested a time that's about 12 months out so everyone will have time to make arrangements. A few of them thought it would be a great idea except one (my closest friend and link to the group). We went back and forth through text, him accusing me of intentionally not wanting to go on vacation with them and all of a sudden wanting to plan something. He basically became brash and accused me of being an A$$. All I want to do is plan a vacation with friends I haven't seen in several years. AITA?","Am I in the wrong for being upset that my friend suddenly wants to plan a vacation when they haven't joined us for years? From my perspective, our group has a rhythm and way of organizing these trips that works for us. For years, my friend hasn't been part of these trips, and they haven't seemed interested in coordinating any plans before. Now, out of nowhere, they're suggesting a trip and a timeline they think works for everyone. It feels like they're disregarding the way we've always arranged things and acting like they should take the lead after all this time. Plus, it seems like they didn't make effort to join us before, so their sudden involvement feels disconnected from the group dynamic. Could I justifiably feel that their actions are inconsiderate or self-centered?"
1572,e4ggx2,"AITA for refusing to take back my shift? I work in a bar and we recently got our holiday shifts, I'm relatively new to this place and I hadn't been asked about any preferences over the main days (Christmas Day, NYE, etc.)

I was put on for NYE which I wasn't too happy about since my girlfriend wanted me to have it off because she did as well, so I asked my manager if there was any way he could get it off for me, but no worries if not. He said that another member of staff had agreed to cover it, I double and triple checked with this staff member to make sure it was definitely okay, since I realise asking someone to cover a shift like that is no small ask, she confirmed that it was all okay.

So that same day I booked tickets to a NYE party for myself and my girlfriend and told her we were sorted.

Fast forward to the following night, I get a message from the co-worker saying she could no longer cover the shift as she had a family party on the night and that I would have to take my shift back, I told her I would have to speak to our manager but she was insistent that because it was initially my shift, it was my responsibility.

Our manager wasn't very happy about the situation and told us to work it out among ourselves, but that someone would have to work it. Her argument the whole way through has remained the same, but I think the opposite, in that the responsibility falls to the last person who agreed to work.

AITA?","Am I in the wrong for telling my co-worker they need to take back their NYE shift? I was initially okay with covering their shift because I knew it was important to them, and I didn’t have set plans myself at the time. But after realizing my family was holding a party that evening, I told the co-worker I could no longer take the shift and explained that I had personal commitments that weren’t flexible. They argued that since I had previously agreed to cover the shift, it was now fully my responsibility, regardless of my change in circumstances. I think since it was originally their shift to begin with, it’s up to them to find a solution, but they say otherwise. Am I wrong here?"
270,e67euj,"WIBTA if I no longer invite BIL to be a part of our daughters life? Trigger warning! Infant Loss

Ok so this is pretty long so bear with me. The first thing I feel I should say is that my husband 100% agrees with me.

So let me just preface this by saying that hubby and I have been married for five years and we decided to start a family right away. A month after being married I discovered I was pregnant and it was a huge deal to me as I had previously been told that fertility might be an issue for me and even more so because I had a miscarriage with a previous partner. 

Fast forward 9 months and we had our firstborn son in our arms. He was with us for four and a half months before he passed away from SIDS (that was the only explanation they were able to give us as he was fine and asleep then gone about five minutes after) we spent 2 days in the hospital running tests and whatnot before they pronounced him brain dead and we decided to let him rest. Needless to say it was all very painful and even more so when family decided to make it about themselves.

Fast forward some more and we announce we were pregnant with our daughter. At first everyone was happy for us and offering to help with whatever. I was about 8 months pregnant when BIL drunkenly calls me to take the kids to get fireworks for some nieces and nephews (they ended up getting candy if that’s important) so I stayed to supervise and talk for a while. Well BIL starts to rant about how he loved my son and I killed him and how I didn’t understand how much pain he was in. How he was never going to help out with our daughter and how he’d rather throw his own daughters’ outgrown things away than to pass it on to us. 

I’ll spare you the rest of the vile things he said. Of course no one was ever going to be as hurt or as afraid as us the parents but after some time I let it slide after much peer pressure from other family members.

Well it’s been 3 years now and a few weeks back we went to BIL’s house where he got drunk again and started saying insane, stupid things to both my husband and I. Now during these three years he hasn’t been outright rude to our daughter and has even gotten her a couple of things but in his last conversation with me he made it very clear that he has no love for her and never will because he can not get over our son passing although he has (in his words) “finally decided to let our son rest for his fifth birthday” as if he were doing us some sort of favor. 

Well I’ve finally had enough of all his BS and trash talking our family and decided that if he has no love for our daughter then she doesn’t need him in her life. She doesn’t have any sort of relationship with him because she’s afraid of him ( I genuinely think she can sense that he doesn’t care for her) and only willingly goes to him if he bribes her with sweets and even then she does that hesitant. 

P.S. this does not mean I plan to exclude his wife or kids from any life events that involve our family like birthdays or whatever.

So WIBTA if I exclude only BIL from our daughters life?"," WIBTA if I distanced myself from my brother and his daughter because of what happened with his son?

The first thing I should make clear is that I’ve been grieving for years over the loss of my nephew. It’s been painful to the point that I’ve felt like no one really understood the depth of my sadness—including his parents. I loved that boy like he was my own, and when he passed, I felt the loss in a way that I struggle to put into words, even now.

The issue is, I’ve let that grief affect my ability to interact with my brother and his family in ways that I’m ashamed to admit. I’ve had moments—especially when I’ve been drinking—where I’ve said hurtful and awful things to both him and his wife. I’ve accused them of things that, deep down, I probably know aren’t true, but in the throes of my pain, I lashed out. I even told them I couldn’t love their new daughter because I was still consumed with grief over losing my nephew.

Over time, the family—especially my brother—has tried to move forward, started new chapters, and welcomed their daughter into their lives. Meanwhile, I’ve been stuck in my pain, letting it poison the way I act around them. I’ve tried to participate, gotten her gifts here and there, but I know it doesn’t come from a place of love. I’ve also said insensitive things about their son’s passing, which I can only imagine has hurt them more than I fully realize.

Their daughter, for her part, doesn’t seem to want much to do with me, and honestly, I don’t blame her. I’m sure she can feel my unresolved emotions and indifference, which only reinforces the distance. Now my brother and his wife are deciding whether to keep me out of their daughter’s life entirely. 

Given everything I’ve said and done, would they be in the wrong? Would it be unfair of them to decide their daughter doesn’t need someone like me—a person who’s been cold, thoughtless, and unpredictable—around her?"
344,bgqoud,"AITA for talking to the investigators So I'm part of a student organization that is currently being investigated by our college for some hostile environment stuff (hazing/sexism/other bad dynamics sort of stuff). I am aware of a lot of these problems and have experienced many of them first hand. Without getting into details, one member of the organization was pretty homophobic and really did a number on my enjoyment of the activity. The only reason I have not quit this organization is that I really love the activity. 

As part of the investigation, interviewers were supposed to talk to each of us and try to determine whether the problems we had with the hazing event were characteristic of larger dynamics. They never interviewed me and I had some things that I wanted to say, so I contacted the disciplinary board and asked if I could talk with them. We scheduled a meeting and, while I didn't lie, I said some true things that may have increased the amount of trouble people were in.","Am I in the wrong for feeling betrayed and angry at someone who proactively reached out to investigators about our student organization without being interviewed and shared information that worsened the case against us, even though they knew it could harm people in the group and had chosen to stay despite their complaints about the environment?"
420,c9phlg,"AITA for lying and saying that I can't have kids? I am a 30yo woman, I have a boyfriend of 7 years and we are planning on marriage. Neither of us want kids. I am ok with kids! I just really don't want them. 

Monday night I was on a walk with a new-ish friend. She is a older than me by a little, in her early 40s. We were speaking of my recent recovery from a long term illness, and she was saying how it's good that I am healthier now because I'll be wanting to have kids with my SO soon - ""maybe two!"".

I replied ""Hmm, nah, I wont be having children"" trying to keep it casual and move the conversation on. But she pressed the issue. 

I can't remember verbatim how it went *exactly*, but she would keep arguing whenever I would say ""No, I wont be having kids"" after that. i.e saying ""Oh you MIGHT do"". I'd reply ""No I wont be having kids!"". She would press more, ""but it might happen?"". Again, I'd say no. She'd say ""But you and (boyfriend) have been together quite a while now, you talk of marriage, you might be having them soon!"" etc.

And honestly I got super annoyed. I couldn't believe that at 30, someone was arguing with me about this. I am an adult and know my own mind on this. I was also SLIGHTLY annoyed that she related the benefits of me getting better from a serious illness to me now being 'healthy to have kids' rather than, you know, it being a good thing that I am healthier for myself. Like somehow my purpose in life is to have babies. But that was probably be looking too much into it I guess... Anyway.

I didn't even think about it at all before I said it... but I was so annoyed I blurted out ""I wont be having kids because I can't have them!""

She went quiet instantly and went ""Huh?"" and I panicked and said ""Yeah I can't have kids, I have dodgy plumbing, nothing works in there"" and she went ""Oh right"" and went completely quiet, before we changed the topic.

I was relieved that she wasn't going on about it anymore. However, since then, I have felt guilty for lying about something that's quite serious and very sad for a lot of women who can't have kids, but want them. At the same time, I really like how it got her off my back...

One of my (supportive) friends pointed out that I am getting to the age where I am likely to be prodded about it *more* nearing 40, rather than less like I thought I would be, and that thought is really exasperating... and even as guilty as I feel for lying to my friend about the integrity of my 'plumbing', I can't deny it worked a treat to get her off my damn back.

AITA for lying... ... and WIBTA if I lied like this again in the event others get on my case about it as relentlessly as this friend did?","

""Was I in the wrong for repeatedly pressing a friend about having kids? I am a woman in my early 40s, and I recently went on a walk with a new-ish friend who's recovering from a long-term illness. I was excited for her and noted how good it is that she's healthier now, saying something like she'll likely be wanting kids with her long-time boyfriend soon.

She said she wouldn’t be having kids, but I thought perhaps it wasn’t something set in stone and tried to talk about it—maybe they’d change their mind in the future or situations might shift. I don’t remember how exactly the conversation progressed, but I kept bringing up scenarios or possibilities because it felt like such a major life experience and decision. They might want children later or circumstances might surprise them, like they do for so many people.

At some point, she told me out of nowhere that she couldn’t have kids due to some health issue. I stopped asking immediately after she shared this. My intent was never to upset her—I'm just at a stage of life where I can’t help but think about kids and family more often, since so many of my peers are going through that phase. But reflecting on it now, I wonder if I crossed a boundary by pressing the topic so much and not respecting her initial answer.

Was I in the wrong for pushing her on this sensitive subject, especially after she initially declined to talk much about it?"""
69,e6u28z,"AITA for being uncomfortable with my boyfriends jokes? My bf is not the asshole but I want to know if I'm being unreasonable.

My bf (25m) casually brought up a couple ""jokes"" him and his friends like to tell. I say it in quotes because I don't really see how they're funny. He didn't think of them he just shares them and says he doesn't believe in it and they're just funny things. 

1.) A ""well-known"" maneuver among men where they spit on a girl's butt during doggy style so she thinks they came, then when she turns around they can trick her and come on her face.

2.) another maneuver where the man flicks his come in her face and eyes

3.) where the man says another woman's name and then ""holds on for as long as he can"" while she gets mad and struggles to escape. I think the idea is to get to completion before she can escape.

These made me uncomfortable and I don't really want him touching me for a bit, he's very mad at me now for bringing down the mood.

Am I being an asshole? 

Thank you! 

Tldr"" boyfriend's jokes made me uncomfortable and now he's mad that I'm uncomfortable.",ERROR
1004,dif742,"AITA for telling my mom that she shouldnt fight for more child support? I know the title sounds questionable but hear me out. Sorry for the funky formatting, Im on mobile.

So my (19F) mom (38F) sent me a voice memo totally mad as fuck because the child support my dad pays for my sister(11F) came in and it was only $7. 

My dad is currently getting disemployment check because he got laid off for the time being. I know that the government automatically takes the money out of my dads check so there really isnt much he can do. 

I feel really irritated because instead of taking it up with dad she comes to me as if im able to hurry up the process. So I tell her that ill ask him about it. She proceeds to rant to me about how much she gets is too little and that shes going to take him to court for more money. This brings up a ton of red flags because that could get her in trouble.

I tell her that its not a good idea because I got married off at 16 and from there she wasnt supposed to keep recieving child support. She refused to report that I had left home so my dad was like fine ill pay it but give it to OP. She didnt do that either. I reminded her that if she took him to court they may make her pay him back for what he was overpaying with me. She lost it completely. She told me that why am I defending him and that if I ever needed anything to never ask her (which I dont at all already) then proceeded to block me. AITA for telling her this? I see no other reason for blocking me.","

AITA for blocking my daughter after she defended her dad and lectured me about child support?  

I (38F) was frustrated and upset when I sent a voice memo to my daughter (19F) about the fact that the child support check for my younger daughter (11F) was only $7. My ex-husband is currently on unemployment, so I understand that's where the money is coming from, but it’s barely anything and makes it incredibly hard to care for my younger child. 

I simply wanted to vent about the situation, and maybe get some support, but instead of understanding where I was coming from, my daughter immediately turned the conversation towards cautioning me not to try to push for more money in court. She brought up how child support for her should have stopped when she got married at 16, and how I didn’t immediately inform the authorities about her leaving home. She made it sound like I committed some horrible crime just to provide for my family. 

She basically told me not to fight for what my younger daughter deserves because it might cause me legal trouble related to the past. To me, it felt like she was completely taking her father’s side in all of this, rather than empathizing with the difficult situation I am in now. I am doing everything I can to make ends meet and ensure my daughter’s well-being, only to be met with judgment and criticism from my older child. I got so upset that I told her not to come to me for anything in the future, and I blocked her. I feel deeply hurt that she didn’t stand by me.  

AITA for feeling betrayed and choosing to block her?"
637,b771wi,"WIBTA if I went Scorched Earth On My Boss  

So, I'll start this out by saying that my boss is an asshole. This is not up for debate, it is a statement, a fact, which not even Jesus Horatio Christ can deny. You will come to know him in all his shit covered splendor in a few moments.

For the better part of 2 years I have watched him turn my department into a revolving door of people who can’t stand to be around him. He once made a new hire, an 18 year old kid, quit his first job, on the first day, by screaming at him for what seemed like forever, but was probably only a couple of minutes. I’m talking spit flying, jabbing him in the chest with his fingers, like if Gordon Ramsay looked like Guy Fieri, and acted like Leona Helmsley. 

He once got on a fork lift and in a fit of rage rammed into a pallet at speed, sending its contents flying, then demanded that my coworker clean it up, alone, because he “shouldn’t have left this lift there.” It wasn’t his lift, and he’s not even a lift operator. 

He’s temperamental, rude, angry, selfish, and a bully. He’s a bad boss, and a terrible person. He demanded to be added to our work’s group chat, and then started flooding it with messages bragging about all the “super young pussy” he gets. Someone once made the mistake of telling him that none of us believed him. So instead he started sending us nude pictures of the girls that he takes home. Most of the time the girls in question are clearly sleeping in the photos, meaning they probably have no idea these pictures have been taken. Furthermore, I’m 29 and I would go nowhere near these girls. If they’re 20 years old I’d be surprised. Did I mention that he’s a 50 something year old married man. Now I’ve never met his wife, but you can bet she doesn’t deserve this shit.

I have, after almost 2 years, decided to leave my job. Now when you leave my job you are asked to do 2 exit interviews, one with the company’s HR, and the other with your union rep, and the union president for our location. I have decided to go scorched earth in these exit interviews. I have saved every shitty vulgar text message he has ever sent me, and after about a year working there I started keeping a journal of all the times he flipped out. I plan on handing these both over to HR and the union, and making damn sure they know that he’s the reason I’m leaving. This, I don’t feel bad about, I honestly doubt anything will happen to him in terms of losing his job or being disciplined.

I have also thought about sending a collection of his text messages to his wife. This is what I’m iffy about. I told a close friend my plan and he called me an ass hole. He said it’s not my business, and for all I know that’s their arrangement. Let me be very clear, I’m not planning on doing this because I feel sympathy for his wife. This would be solely because I hate my boss, and because he drove me away from a job that I actually really liked. So AITA?","Would I be the asshole if I, as the boss, believed my actions were justifiable and someone who worked under me went scorched earth against me?

For the past two years, one of my employees has been observing and documenting my behavior, claiming that I’ve created a toxic work environment. This employee seems to feel that my personality and management style—though admittedly direct and authoritative—are overstepping professional boundaries. Specifically, they take issue with how I enforce discipline, communicate through group messages, and express aspects of my personal life in the workplace. They’re also disturbed by how I approach accountability when things go wrong.

Over time, this employee has made it their mission to catalog my alleged offenses, including personal text messages, stories of my behavior at work, and even details about my private life that they feel are inappropriate. They now plan to expose me during their exit interviews with HR and the union, which I understand—it’s their right to share their perspective on their time here. However, they also want to take this further by contacting my spouse and revealing personal information about me, including text messages I’ve sent.

I know I’m not perfect, and I may come across as intense or unfiltered, but I don’t feel this employee knows the full context of my situation, professionally or personally. My friend or acquaintance warned them that intervening in my marriage might be stepping out of bounds, especially considering they may not understand my personal life dynamics. Given all this, does their choice to go after me in this manner—from exposing my professional behavior to targeting my personal life—make *them* the asshole?"
350,8iiwtz,"AITA for being in my room naked   I live in my room for the most part and try not to cause much of a disturbance. I don’t care much for the rest of my family to be quite frank, because they’re kind of invasive, disrespectful and all around pretty abusive. I live in Florida and it’s pretty hot around this time of year. Naturally, l would like to relieve some of this heat so I just hang out in my room naked sometimes. My mom has literally physically threatened me over this, and my biological dad whom doesn’t live with me, called me to tell me how disappointed he is and how inconsiderate I’m being. 


   Is it not Inconsiderate of them to burst into my room without my permission or knocking? In my view it’s kind of an invasion of privacy. I don’t think I’m an asshole for feeling like my room is my own space where I should be allowed the freedom to be naked or not without judgement. As a teenager I’m supposed to cater to them all the time, they can’t respect the one place that is my own and just maybe knock once in a while? Is it hard for them to be considerate? ","Am I in the wrong for bursting into my child's room without knocking and reacting strongly when I find them naked? From my perspective, as a parent, I may feel that I need to check in on them to ensure things are okay, and I might not see knocking as necessary when it's someone in my own household. However, when I discover they're naked, I feel uncomfortable or shocked. Could it be that my reaction is justified because living in a shared family home means respecting shared norms, but could I also be failing to respect their privacy and personal space? Would knocking before entering and better communication alleviate this tension, or am I justified in prioritizing the house's overall comfort and dynamics over their preference to relax in their room in this way?"
394,cnt3s9,"AITA if I’m constantly arguing with my parents about how much money I give them So basically right when I started working I had to start giving my parents money to help around the house, I was ok with that no problem yet. As time starts to go by, they keep asking for more and more money and I give it to them. After a year of working I get laid off and tell them I won’t have any income for about a month while my time resets with the company I work for. The month of being laid off they say they need extra money so I give them $1, next month they are short again and need $1.2k. Finally my hours are reset and I’m good to go back to work and tell them I won’t be able to give them anything this month as I just gave you guys a lump sum of money the last 2 months let me recoup some and instantly my parents are getting anger with me because I need to help out blah blah blah. So I cough up another $1k and the following month they had basically emptied out my savings at this point (only been working for a year while giving them money each month and my own stuff to pay so never really had a chance to save) and they need more money. At this point I’m kinda fed up, I have my own car payment, phone, internet bill, and ect on top of whatever I give them for the month and tell them no. I need money for my own stuff and we get in a huge argument and still refuse to pay them for the month. I bring up how they have a car that’s roughly almost $3k a month and can BARLEY get by each month paying it and it just really gets intense at this point. Still won’t pay them, AITA reddit?"," AITA if I keep asking my child for financial support even though they’re struggling to make ends meet?  
Ever since my child started working, they’ve been contributing financially to help out around the house. At first, it worked fine, but over time, we’ve had to ask for more money due to our financial situation. Things got tight when they were laid off for about a month—they still gave us money during that time, including a little extra when we were short. Then, when they started working again, they hesitated to give us anything one month, saying they needed to recover because of all the money they’d already given us. We explained that we were struggling, and they continued to help, even though it was clear they were getting frustrated. Now, after another month, they’re refusing to give us any money at all. They argued that our expenses, like our car payment, are too high and brought up how they’re barely able to cover their own bills, let alone contribute to ours. We got into a huge fight over it, and they still refused to help us this month. AITA for asking for their financial support repeatedly despite their struggles?"
514,aab2e8,"AITA for this situation with my roommate? My roommate and I share a very small room.

He goes to bed at 10 pm more or less, while I use to study at night and usually go to bed around 3 am.

He has a very light sleep and wakes up whenever I enter the room, even if I do my best not to make any noise.

If I have to use my phone in bed, even with the lowest brightness and an additional filtering app that makes text hard to read even for me, he wakes up and can't sleep because of the light, as dim as it is.

Of course he complains daily.

AITA for not going to bed earlier?
Imho, obviously, I'm not.
He accepted to share the room with another person and he can't expect me to accommodate his rhythms.
I'd understand if I ever made loud noise voluntarily, or, in general, actions that are supposed to make him wake up.
But if he suffers this condition (which I think it is, because it's not normal) I can't just disappear or sleep on the sofa.

#EDIT: to give you an idea, look at this screenshot with your lowest brightness
https://imgur.com/a/4CPg1dA

#EDIT 2: 
- we live in an apartment with 5 other flatmates (7 in total, yes) and the others that live in the house since last year told me this is the reason the old roommate left (the one before me), they used to argue too much

- I can guarantee I walk as smooth as possible and in no way he could hear me, sleeping normally
Yet, when I tell him, he gets very aggressive saying I'm a son of a b***h, an a**hole and leak basic respect, ignoring the fact that finishing my lessons at 7-8 pm I get home around 7.20-8.20, have dinner, and a shower.","Am I in the wrong for getting frustrated with my roommate?  

My roommate and I share a very small room. I try to go to bed around 10 pm because I need a full night's rest to function properly, but he stays up until 3 am studying. I’m a very light sleeper, and I often wake up when he comes into the room, even though he says he tries to be quiet.  

Even the light from his phone, which he keeps at its lowest brightness with extra filtering, wakes me up and keeps me from sleeping. This really disrupts my rest. I’ve tried to explain this to him, but he doesn’t seem to take it seriously, implying that my sensitivity isn’t “normal.” He also refuses to consider alternatives, like sleeping on the sofa for a few hours so I can get my rest.  

I’ve complained about how this affects me, but he chalks it up to my “condition” and insists that he’s not doing anything unreasonable, even though I feel disrespected. I’ll admit I do get angry sometimes because this has been going on for so long, and I’ve even said some harsh words out of frustration.  

This situation has driven other roommates away in the past apparently, but am I really the one at fault here for expecting basic respect and consideration for my sleep?"
240,anyhj3,"AITA for turning my back on my best friend? English is not my first language so, also phone so formating may be an issue.

It's more complicated that the title, so, for context, both of us (me (M) and her) had known each other since we were like 7, after some years I lost contact with her.

Some years ago I got to high school and realized she was there too. At the beginning I didn't care much but then I started to like her, so I tried to get close to her by being friendly.

After a month or so we were best friends, yeah that didn't go well for me but whatever she was nice. We had been doing really good, but somewhere between 2018 I realized she didn't quite care about me, just cared about me being there for her. I didn't feel so good about it, so I ran a ""test"" to see what she would do, it was to stop messaging her (because I used to start every conversation) to see if she would notice or message me. After some days I realized it was going nowhere since she didn't seem to care.

From the beginning of our friendship I used to depend on her assistance for my days not to boring, and of course I used to be with her every break time and be with her the entire time, so my next move was not to, just not to and see if she would do something.

This is when it goes to hell, at that time I had good relations with a guy (let's say Kevin) and he happened to be my friend's ex boyfriend, the one she hated the most. From literally a day to another, Kevin was my good friend with who I could spend the break time without thinking about her.

You can now imagine which reaction it caused, she thought I had changed her for him, and she couldn't be further from what it had really happened. I never really told her why I stopped talking to her because I obviously couldn't tell her it was all an ""experiment"" (something she had some with me multiple times) so I just told her the truth, that I hadn't changed her for him, that I was just spending time with him.

Kevin had also warned me numerous times that she was using me for emotional support, now I choose to believe that.

Then, I don't remember when exactly, we both stopped talking to each other.

So, Was ITA for doing that?"," We were friends since childhood, and when high school brought us back together, I was glad to reconnect. He became one of my closest companions, someone I enjoyed spending time with and counted on for support during difficult moments. 

But then something shifted, and he started to distance himself without explaining why. One day, he stopped reaching out to me entirely—I didn't understand what was going on. Yes, he always initiated our conversations, but wasn’t it natural for him, since it seemed comfortable for us? Could this really mean I didn't care about him as a friend?

When I eventually noticed he was spending all his time during breaks with Kevin—my ex-boyfriend and someone I didn’t get along with—I honestly couldn't help but feel hurt and betrayed. It seemed like he'd replaced me with someone who had caused me a lot of emotional pain. Yet, he never shared his real reasons for pulling away from me or what was going on in his mind.

From my perspective, he might think I didn’t make enough of an effort to reach out first or show him I cared. But was it really fair to assume that without giving me a chance to prove otherwise or understand where I might’ve fallen short? Couldn’t he have started by communicating his frustrations—or at least let me know that our friendship meant less to him than I thought it did? So, AITA for possibly failing him as a friend, at least in his eyes?"
715,ecggcv,"AITA for leaving (unused) packages of pads out even though it makes my brother uncomfortable? I (20F) live with my parents & older brother. Like most women, I have a period once a month. I hate tampons so I exclusively use pads. I'm sort of a forgetful person in the mornings, so at night, I leave out one or two unopen pads on the bathroom counter so I see it when I wake up & remember to change my pad. I didn't realize this was a problem, until my mom told me I need to keep them them away in the cupboard with the rest of my stuff so they're not left out because it makes my brother kind of uncomfortable to see them out.

My attitude is wtf? They're UNUSED AND UNOPENED pads & I don't see the big deal. I told her he can just live with it. AITA?

&#x200B;

EDIT I don't know if it makes a difference, but my brother moved back in last year after being moved out for a few years. I got my period when I was 12 & having been leaving them out since then. My dad has never had a problem with it or said anything, which is just another reason I thought my brother was being ridiculous.","Am I (22M) in the wrong for feeling uncomfortable about my sister leaving pads out on the bathroom counter? I (22M) recently moved back in with my parents and my younger sister. She has a habit of leaving unused and unopened pads out on the bathroom counter, which I find a little uncomfortable to see. 

I've mentioned how I feel to my mom, and she’s asked my sister if she could store them in the cupboard with the rest of her things instead of leaving them out. However, my sister didn’t seem to really understand why it bothered me and told my mom that I should just deal with it. She’s been doing this since she was younger, but I wasn’t living at home for those years, so I haven’t had to see it until recently. Am I being unreasonable or overly sensitive here?"
900,bn6rwn,"AITA for taking my father's keys away and demanding more information My mom calls me at 7pm last night and says my 73 year old father went to a Drs appointment at 1pm and hasnt returned home or called. He was diagnosed with multiple sclerosis almost 20 years ago and it has slowly been breaking him down. He walks hunched over and uses a cane and also seems less lucid. 

I live 3 states away so I dont see him regularly but I have noticed the changes when I do visit. Hes mostly retired so he only leaves the house occasionally. Other than that he stays in his room. My parents have also been emotionally divorced for about 25 years, they are just roommates who share a last name now. They hate each other. Mom has no idea what his dr name is or where it is. Nothing.

Anyways so my sister and I start blowing up his phone. Goes straight to voicemail. She lives there so starts heading over to their house while I call the city hospitals. Hes not there. 

Finally at 745pm my dad calls my mother to say hes coming home and he'll explain when he gets there. An HOUR later he arrives and said he got lost going to the appointment. Apparently he drove around for 7 hours but during that time he did manage to call the dr to reschedule. He didn't think to call any of us for help or anything.

My sister and I feel like he shouldn't be driving by himself anymore and we need to get power of attorney while he is still competent to sign. Our mom said she will drive him but we have a feeling eventually she will get bored with being nice and send him off by himself just so she doesn't have to do it. He can be very grouchy and mean so I dont really blame her for not wanting to go head to head with him.

My sister has 2 kids and 2 jobs and I live far away with 2 kids so neither of us are in a position to be his driver/help right now. My husband says we are assholes for trying to control my dad and take away his freedom. He thinks my dad was just trying to get away from my mom for a while. I feel like 7 hours of being lost in the city you've lived in forever in excessive and dad might not be in his right mind enough to drive anymore. We plan on have a sit down with mom and dad tomorrow to discuss all this but my husband said my father will hate me for it and now I'm having second thoughts."," Am I wrong for not wanting to give up my independence and feeling upset that my child is trying to control my life?

I went to a doctor’s appointment yesterday and got lost on the way there. I’ll admit I’ve been feeling a bit slower these days, and it’s harder to get around. Still, I managed to hold my own—rescheduling the appointment myself and eventually finding my way back home. Despite this, my child and their sibling seem to think I shouldn’t drive anymore and are talking about taking steps to take control of certain aspects of my life, like getting power of attorney. 

Yes, I can be grouchy at times, and I know I make mistakes now and then—but I’m still capable. On top of that, my relationship with my spouse isn’t the best, so driving at least gives me the space to get out of the house when I need it. I know they all have their own busy lives and their hearts are in the right place, but it hurts to think I might lose what little sense of independence I still have. Am I wrong for being upset about this and wanting to keep my freedom?"
668,bvz8oo,"AITA For not letting my SIL see my son while she is in rehab for a month? This is a throwaway account.

**Background info:**

I (20F) have a son who is almost 1. My sister-in-law is about 24, and is currently in rehab for alcoholism. 

Before she went to rehab, she would disappear, for days at a time, binge-drinking. Then she would go to family events and church as if nothing was going on. The weekend before she went to rehab, the family had plans to get together for a kind of late Mother's Day lunch. Instead of showing up, my SIL went out the night before and got completely wasted and was really sick the day of the lunch. She's a petite woman, so she gets *really* sick. A few days later she agreed to go to rehab. 

At this rehab facility, she is not allowed contact for 7 days. After that, she can have phone calls whenever and visitors on Sundays for a short period. 

**The situation that makes me question whether IATA.**

The other day, my son and I went to lunch with my MIL and GMIL. During lunch, they both told me that I have to bring my son to visit my SIL in rehab, because we ""need to show that we support her"", and because she ""misses *son's name* terribly"". They said that my SIL has been telling the other girls at this facility about how cute *her baby* is, and I need to bring him so that she can show him off. They also told me not to worry, because the place is a huge mansion and super secure, and no one is even allowed to bring bags in. (I'm not sure why this is supposed to make me feel more comfortable with the situation? I cant bring a diaper bag into a place that we will be for about 3 hours, so that's inconvenient, but that's okay).

Anyway, I had a bad taste about the whole thing and just kept telling them that I would talk to my husband (their son/grandson). 

When I got home, I told my husband everything that was said, and I also expressed to him the following: 

I'm not comfortable bringing my son to a rehab facility, even if it is ""safe"". I also kind of feel like they are using my son as a ""reward"" for her being in rehab.. I dont know how to explain it, but that's how I feel. They said that she misses him, and that she wants to see him, but my thing is.. if she had not gone out binge drinking, she could have seen him. 

I'm proud of her for agreeing to go into rehab, but she has only been there for a little over a week or so. Why should I let her see my son? She can see him when she gets out. 

I also feel uncomfortable because they said that she wants to ""show"" ""her baby"" off. 

Anyway, my husband agreed with me and said that he will visit her alone. He told his family this and they think we are both assholes because we are ""withholding"" our son from my SIL and ""giving the impression that we don't support her"".

So, AITA? Or, I guess, AWTA?","

""Am I wrong for wanting to see my nephew while I’m in rehab and asking my family to bring him to visit me? I’m 24F and currently in rehab for alcoholism. I’ve had a pretty rough time over the past months, where I’d go out binge drinking and disappear for days, but I finally agreed to go to rehab after realizing I really needed help. I've been in here for about a week, and I’m doing my best to stick with the program.

My family has been visiting and calling, and supporting me in that way, which I really appreciate. But I’ve also been sharing with the people here about my nephew, my brother and his wife’s baby, who is almost 1. I love him so much and miss him terribly. I thought it would help me feel better and motivate me more if I could see him, even just for a short visit. To me, it feels like it would be a reminder of what I’m working toward and what’s important in life.

I asked my mom and grandma to talk to my brother and his wife to bring him for a visit. They said no because my SIL is uncomfortable bringing her baby to a rehab facility. She also seemed upset when she heard that I wanted to ""show my baby off"" to some of the other women here, which I guess came off wrong—I just wanted to share part of my life with the people I’ve been being open with, since it helps me feel stronger. My brother said he’d visit me but without the baby, and now both he and SIL are getting accused of not supporting me properly by the rest of the family.

I just wanted to see my nephew because I love him and want to stay connected during this tough time, but I also don’t want to push anything that makes others feel uncomfortable outside their boundaries. Am I wrong for asking to see my nephew in rehab?"""
23,cza6k9,"AITA for indirectly calling someone fat who directly called me skinny So I've been the same over 6', 180lbs since high school. I'm now in my 40s. I like some other have a fast metabolism. I can eat basically whatever I want and don't gain an ounce. I don't go around bragging about it ands it took me a long time to accept that I'm skinny and most likely always will be. I love it now but as a teenage and early 20s not so much.

Over the years you can imagine how many times I've heard ""Your're so skinny, you need to eat"" ""You should let me feed you some real food to gain weight"" ""Why you so skinny? Don't you eat?"", etc etc etc. It just been a life long thing.

Normally I'm always in a good mood and brush these comments off. But today I kinda felt over it. And on the train into work a lady sat down and we exchanged morning hellos. Then out of the blue she says your so thin you should eat more to which I replied, ""NAH then I'd have to watch what I eat and go a diet like you""

Her faced expression immediately changed and she said I didn't have to be so rude. Whatever, nobody ever gets called out for calling skinny people skinny but heaven forbid you even mention someone is overweight. AITA?","So I sat down on the train and exchanged a polite good morning with the person next to me. I noticed how noticeably thin they were and casually said, ""You're so thin, you should eat more."" I didn't mean it to be rude or hurtful—just an observation. But then they snapped back with, ""Nah, then I'd have to watch what I eat and go on a diet like you."" I was taken aback. I thought my comment was harmless, and I didn’t expect such a personal and pointed response. I told them they didn’t have to be so rude, but now I’m wondering—was I in the wrong here?"
963,dn58hy,"AITA for wanting a pet-free bedroom? My partner and I recently moved in together. He is in the veterinary field, he has always had cats. I love his cats, I have bonded with them, I never want to get rid of them.

Also, I am allergic to cats. And so is he. 
I take an allergy pill, but living surrounded by dander is quite different than visiting dander.

Before we moved in together, I mentioned that I would like the cats out of the bedroom to contain allergies. He didn't want that. So, my compromise was offering that the cats aren't allowed in the bedroom during the day, but can visit when we are home at night. He didn't agree to that either. 

It has been two months and my allergies have gotten worse. This week, I brought up the 2nd option again, he said no. I mentioned that I'm waking up gasping because my nose is completely shut and it's affecting my sleep. He replied that he  ""felt like I was looking for something to be wrong"". 

When my anxiety runs high, I do look for things to ""fix"" but this is not the case. I acknowledged his point but asserted that I was asking BECAUSE I CAN'T BREATHE. 

He went silent, which as good as killed the conversation.

Yesterday, one of his cats climbed onto my dresser and chewed up an item of mine with sentimental value. It's from Mexico and I'm in the US, so I can't exactly go to the store and buy another. 

I started crying and my boyfriend's solution was that I should ""just put my stuff on a shelf so the cats can't get it"". 

I don't think I should strip all of my furniture so the cats can continue climbing on it. I think someone who works in an animal Care field should probably spend a little more time training his cats not to walk on tables/dressers/etc. 

So, AITA for wanting a pet and allergy-free bedroom?"," My partner and I recently moved in together, and I have always had cats. As someone in the veterinary field, I care deeply about animals and believe that they should be able to roam freely in their home. My partner loves my cats and has bonded with them, which makes me happy.

Also, we both have mild cat allergies, but we’ve always managed it fine in the past. My partner takes allergy medication, so I assumed this would be manageable when we moved in together. However, shortly after moving in, my partner asked me to stop letting the cats into the bedroom. I disagreed because I’ve always let them have full access to the entire home, including where I sleep. My cats are like family, and I don’t feel right shutting them out.

She then proposed a compromise where the cats wouldn’t be allowed in the bedroom during the day but could join us at night when we’re home. I still didn’t agree because I didn’t see the need to restrict them at all. 

Lately, my partner brought this issue up again, saying her allergies have gotten worse. She told me she wakes up unable to breathe and that it’s impacting her sleep. I admit that I felt frustrated, so I said it seemed like she was just looking for something to be wrong. When she insisted this wasn’t the case and that it was a genuine issue for her, I didn’t respond and didn’t push the conversation further.

Yesterday, one of my cats chewed up something that had sentimental value to her. She was upset, but my solution was practical: I told her to put her items on higher shelves where the cats can’t reach. She wasn’t happy with my suggestion and thinks I should be training the cats more.

I feel like the cats join me as part of my life as a package, and I just want to maintain the dynamic I’ve always had with them. So, am I wrong for not agreeing to a pet-free bedroom and for suggesting ways to coexist with the cats instead of shutting them out?"
32,b4mg1p,"AITA for refusing to cancel my plans? I have a co-worker at my workplace who I would consider to be friends with, we sometimes hang out after work or do stuff on the weekends. Usually when I try to make plans with him I always get the typical ""sure, I don't have any plans yet but I can't if I am spontaneously going out"" which in 80% of all cases means that he won't have time since he would rather hang out with other people (notifiying me half an hour before we were planned to meet), making me sort of feel like the second choice he has to do something with when all his other plans get cancelled.

I don't know how many times I was stood up waiting for him just to get a text half an hour before telling me that he won't come.

Today, he asked me if I wanted to go out to eat something, but I was already invited by my family for dinner. So I told him I can't come.
As a result to this, he got a bit mad and said that I should cancel since I can have dinner with my family any other day as well.
I refused, saying that they invited me weeks ago unlike him (2 hours before he wanted to go out) and if he wanted to reschedule.

It never got to the reschedule part since he was so mad at me for being so unspontaneous, that I did not get another answer.

I feel like it's just fair that I refuse to cancel my plans with my family, simply because his plans were cancelled and was spontaneously looking for something else to do.
Especially since he refuses to make set plans with me any time I ask.

So, AITA for refusing to cancel my plans to meet his schedule?","AITA for expecting my co-worker to prioritize spending time with me? I often leave my schedule open and prefer planning things spontaneously—I’m the sort of person who enjoys freedom and flexibility when making plans. I like hanging out with this co-worker on occasion, but I also have other friends and activities I enjoy, so I sometimes end up canceling plans with him if something else comes up. I realize this might irritate him, but I value the ability to keep my options open. 

Recently, I suggested we go out to eat, but he told me he already had plans to have dinner with his family. I felt frustrated because dinner with family seemed like something that could easily be postponed or rescheduled—it’s not a rare, one-time event. I felt like he wasn’t willing to be spontaneous and make an effort to accommodate me since I didn’t have other plans.

When I asked if he’d cancel his plans, he refused, saying that his family had invited him weeks ago and brought up the fact that I hadn’t given much notice. This annoyed me since I’m used to more spur-of-the-moment plans and think people should be flexible if they value friendship. 

I didn’t reply after that since I was upset with his unwillingness to adapt to my way of making plans. From my perspective, it feels like he’s always prioritizing others over me and doesn’t value our friendship as much as I do. 

So, AITA for feeling this way and expecting him to cancel his dinner plans to spend time with me?"
820,abmn7h,"AITA for cutting a long time friend off I transitioned from one school to the next and left a best friend behind however, they weren’t the ‘best’ in all honesty. We were close for six, seven ish years but during that time, they were kind of shitty to me. 

EXAMPLES:

Making fun of weight when I had an eating disorder. (Lol guys have them too)
Antisemitic jokes, (I’m Jewish)
Racist and homophobic jokes, (black n gay people were in our group)
Calling my dyslexic friend a ‘retard’, making them cry in front of our whole group, then belittling them for doing so.
General emotional abuse, you’re stupid, fat, ugly, etc, everyday.
Cancelling plans all the time
Stealing my girlfriends and making jokes about it in front of the whole group, (such an incel cuck apparently)
Telling me to kill myself when... You know, wanted to and told them such.


Anyway, this sounds like a whole omg why the fuck are you asking whether you are an asshole, you fucking attention seeker. Obvs not right? Or maybe yes for taking ‘edgy’ lad jokes seriously or something.

Well the reason i ask whether AITA is because I lost my temper with them, listed every single one of their faults in an hour conversation, said they were going to amount to nothing etc. Said they were the typical result of a broken home, (their home life isn’t good) and then cut them off completely. I know it’s a quick summary because I don’t want to list everything I said, (anonymity) but I told them the absolute truth which I know now, is the worst thing you can do. So....

AITA?","Was I in the wrong for losing a long-time friend who cut me off? My friend and I had been close for six or seven years, but throughout our friendship, they never explained how much they were hurt by my jokes or how they saw my behavior. I admit, I made jokes that I thought were edgy and funny—stuff about their weight, their religion, and some off-color humor about people in our group. I thought I was just messing around, but it was apparently much more hurtful to them than I realized.

There were other moments too. Sometimes I canceled plans or dated people they liked, which I never thought was such a big deal, since I didn’t think it was anything serious between them and those people. I might have gone too far a few times in teasing others in the group, like when I joked about their dyslexic friend and they cried—looking back, maybe I really pushed it there. I had no idea how my friend felt during all this because they didn’t tell me.

But then one day, seemingly out of nowhere, they exploded. They listed all my faults in detail for an hour, called me the product of a broken home (which is a deeply painful subject for me), and said I’d never amount to anything. Then they cut me off completely, and I haven’t heard from them since. Sure, maybe I crossed some lines, but I didn’t think I deserved to be told all this and thrown away like that.

So, was I in the wrong?"
303,chiuvf,"AITA for threatening to collect child support because my son's father won't communicate with me? My son's father and I had an acrimonious split. I was, and am, the primary caregiver. I did not file for child support because my ex insisted he would pay for anything the baby needed, and I felt bad for him being unemployed at the time. At first, he was just coming to see the baby whenever he felt like it, and I got fed up. Especially because any time I said, ""I'm sorry, you can't take the baby right now, we have other plans,"" he would accuse me of trying to kidnap his son.

I insisted that, if he didn't want to go to court for custody, he had to agree to a parenting plan with me. No more showing up whenever he feels like. That was a battle itself, but eventually we agreed that he would have the baby each week from noon on Wednesday until 6:30 PM Thursday. Fine, Great. Done. Or so I thought.

He initially stuck to the schedule, but soon I was getting calls Wednesday morning, ""Hey, can I just pick up baby after his nap?"" Or, ""Something came up, I'll be there at six."" I gave him leeway because he works in construction (when he's working) and he was giving me a heads up.

The past couple of weeks, he has just shown up unannounced, today while I was getting my son ready for his nap, last week at some random time in the afternoon. I told him today that this behavior was not OK with me, and I needed him to communicate with me before picking up our son.

He said, ""I have no way to communicate with you."" The reason for this is that he blocked my number, which I am fine with, because out texting situation has been toxic, BUT he absolutely can reach me on my home phone, which he has done in the past. It was a ridiculous excuse, and then he blamed ME for his ""inability"" to contact me. I got upset with his lies and his manipulation and told him, ""If you refuse to communicate with me about our son, expect to get served with a child support order.""

Then I became the bad person who reneged on my ""promise"" not to make him pay child support. I was trying to manipulate him, he said, because he had left me for another woman. He says it is revenge, I say it is money that my child and I are owed, I was nice not to make him pay in the first place, and I have every right to except communication about our child (plus, if he we can't contact each other, what about an emergency?)","Am I in the wrong for showing up unannounced to pick up my son, despite the agreed-upon parenting schedule? From my perspective, I have a challenging construction job, and sometimes things come up that make sticking to a rigid timeline difficult. I’ve tried to give notice when I can, but lately I’ve just stopped contacting my son's mother ahead of time. Yes, I blocked her number because our texting exchanges were toxic, but I’ve used other methods to contact her in the past, like the home phone. Today she told me my behavior wasn’t acceptable and demanded better communication, threatening to file for child support if I didn't comply. I accused her of doing this to manipulate me out of revenge for leaving her for another woman and reminded her that she had once promised not to make me pay child support. I'm not refusing to care for my son and have tried to be involved, but is it fair for her to demand this level of communication and threaten child support? Am I wrong here?"
522,cwdhzb,"AITA for telling me GF she always has to even the score? For the 3 years we've been together, she cannot just simply accept blame for something. Instead, she'll accept it and then follow it up with how I did something wrong.

For example, she starts am argument about something small and I say, ""hey whats wrong with you, you seem angry"". So we argue about it for a while until she agrees that she didnt mean to start an argument and will try not to in the future. Great. But then she says, ""well Im angry now because you attacked me by asking what was wrong with me and I want you to acknowledge that as wrong.""","Am I in the wrong for wanting my boyfriend to acknowledge when his actions upset me, even after I’ve admitted fault? For the 3 years we've been together, it feels like every time I admit I did something wrong, my feelings about how he reacted get dismissed. For example, I might start an argument unintentionally and later agree that it was my fault and that I’ll try not to do it again. But when I tell him that something he said, like “what’s wrong with you, you seem angry,” hurt my feelings or felt like I was being attacked, he gets upset that I want him to acknowledge it at all. Am I just expecting too much?"
416,a4b98h,"AITA for bringing up the ""Baby it's Cold Outside"" controversy with my girlfriend? Context: We have been together four years, and love each other very much. She struggles with complex PTSD in relation to her upbringing, as well as past relationships. Especially one where she was raped and had an abortion.

Last night I asked if she had heard of the controversy surrounding the song and how it had been pulled from the radio, just making small talk. I was expecting small talk and got an earful. Her stance is fully in line with #MeToo, and if I thought for a minute I probably wouldn't have brought it up. 

I attempted (poorly) to relate why I personally thought the removal of the song was excessive and set a bad precident for artists past and present. I tend to look at a much broader picture and enjoy reading about the history of songs and looking into their meaning. I didn't do any of that before I stepped on that particular landmine.

I didn't want to trivialize her views, but I still wanted her to understand why I felt the way I did. Without any evidence beside my gut and a cursory read of an opinion piece over at the CBC.

Needless to say, I slept on the couch. 
I woke up to another shouting match, and having read into more of the history and circumstances around the writing and original (pre Neptune's Daughter) thought it would be a great idea to try again to offer my point of view, back with further knowledge on the subject. You know, instead of just backing down and waiting until shit blows over to apologize for being insensitive. 

I feel like I ruined our Friday night, possibly our whole weekend. As if I needed another reason to hate Christmas music.

Edit:
Further clarification added at the suggestion of u/Imsotiredomg.

>Maybe I could have been clearer with my line about waking up to another shouting match. She started yelling at me while. I was still half asleep on the couch, she brought it up again. But yeah, I was an idiot for playing into it thinking I could make the situation better with the same shit that didn't work the night before. ","  

AITA for getting so upset with my boyfriend over a discussion about ""Baby It's Cold Outside""?  

Context: We've been together for four years, and I truly love him. But I have complex PTSD from my childhood, past relationships, and the trauma of being raped and deciding to have an abortion. These aren't easy things to live with, but my boyfriend generally does his best to understand and support me.  

Last night, he brought up the controversy around the song ""Baby It's Cold Outside"" during casual small talk. For me, the topic isn't light or casual; it connects deeply to issues of consent and respect, concepts that are part of my lived experience in a way I wish they weren't. My feelings on this are strong and in line with the #MeToo movement, and it felt hurtful when he dismissed them by attempting to defend the song based on a ""broader picture,"" which he admitted he hadn't really researched at the time.  

This morning, I woke up feeling unsettled and brought it up again, hoping to get an apology or acknowledgment of my feelings. Instead, he doubled down, this time armed with more information about the song's history, and tried once again to explain his perspective. It felt like he cared more about debating and ""winning"" a conversation than about my lived experience or the emotions I'd already expressed.  

I know I snapped at him, but it hurts when he doesn't see how deeply this subject affects me or puts more energy into proving his point than simply hearing me out. Now he's sleeping on the couch, and I feel like I blew up our Friday night and weekend.  

AITA?"
251,ee91fd,"AITA for booking a taxi from a different taxi company? I work as a receptionist for an upmarket hotel somewhere in the UK.

The hotel is situated slap bang in the middle of two counties in a secluded village between 2 hills.  I was asked by a guest to specifically book a 6 seater taxi  for their party as they had just finished Sunday lunch with us. 

They told me that they live up the road ( 4 miles) away, which i will refer to county B, the hotel is on the very outskirts of County A,  County B being 2 miles away. 

Using my own personal knowledge of the local area I booked a taxi from county A using a taxi company that specifically deals with 6 seater cars I know this company is slightly more expensive (however was not sure how much more expensive) because of their specialist nature of cars but are a lot normally quicker than getting a taxi from county B ( the difference is 1 mile). Another note to make is this is not the taxi company the hotel normally uses as default. 

Unfortunately the car that was specifically booked for them took 45 minutes ( normal waiting time is 15-20) due to having a tyre puncture. In this time I called the the taxi company for updates and they promised me twice that the taxi would be 10 minutes ( it arrived 20 minutes later from my initial first call). 

when the taxi was 2 minutes away the guests asked why I ordered a taxi from county A when they said I knew they lived in County B? I apologised and said that they did not specify a taxi company and I told them I got a taxi from a taxi company that was closest to the hotel.  

The taxi finally arrives as they are complaining to me at reception and asking me why I have used said company and they hastily change their tone as the taxi driver opens the front door to let them know he has arrived, saying thank you for the lovely meal e.t.c  that is the last i thought i would hear of these guests. 

I get a call 15 minutes later from said guest telling me that the taxi company had charged them almost double what it normally costs them to get home and was 45 minutes late, and apparently that I had booked a taxi from a company that they would normally never use as it doesn't even normally operate in their county. I did ask the guest why they wouldn't speak to the taxi company directly as i merely booked the taxi nothing else. 

The guest retorted that it was my fault as I had clearly booked the taxi from said company and that it was disgusting that they had charged her so much and that i should have booked a taxi from county B (even though it is a mile further away).  

Am I The Asshole for booking this taxi? 

The guest is now taking out a full blown complaint against me for the taxi I ordered because the taxi company charged her so much and has spoilt her Christmas plans as it also came late.","  

I was dining at an upmarket hotel with my party and asked the receptionist to help us book a taxi to take us home. We specifically requested a 6-seater taxi, as we needed one large enough for our group. When I gave our home address, it was clear that we live in County B, which is very close by. However, the receptionist decided, without asking us further or clarifying, to book a taxi from County A instead of from County B, even though County A’s taxis are typically more expensive and aren’t what we would normally use.  

The taxi company they picked had a delay, and the car did not arrive for 45 minutes instead of the usual 15-20 minutes I’d expect. What’s worse, when we finally got home, I found out that the fare we were charged was almost double what we’d normally pay when using a more local company. This left me feeling frustrated, especially since it completely disrupted our Christmas plans and added unnecessary stress.  

When I called to share this with the receptionist, they brushed it off, saying I should speak to the taxi company instead since they only made the booking. But I feel it’s their responsibility because they chose the company without consulting us and didn’t consider what would have worked better for us—guests relying on their local knowledge.  

Am I wrong for holding them accountable for making a decision that cost me significantly more money, disrupted my day, and left me feeling poorly treated?"
712,9pq5ip,"AITA for almost attacking an elderly motorist who caused me to total my car? So last December, I was in my first ever car accident while up at university. Basically, I was coming back through the town and this old fart pulls out of a parking lot on the other side of the road, comes all the way over to my side, making me swerve and crash into a telephone pole, totaling my car. Not only that, but when he swerved the opposite way, a person collided with him and their passenger suffered a broken arm.

When the State Troopers arrived (my college is in a small town), I flew off the handle at the old man. My words went from ""Do you know you could've killed someone?"" to ""What the fuck were you thinking you fucking retard?! Do you know how much I had to fucking pay for that fucking car?!"" very quickly. I was *this close* to throwing hands. All the while there's a woman being loaded into an ambulance with what I'm assuming is her husband holding her hand.

And the Troopers were thankfully very understanding and just calmly told me to wait by my car and gave me time to collect myself and calm down. But man I was fuming all day and night into the next day. My parents brought me a rental (we had good renter's insurance) and I just broke down in my apartment just out of anger and hatred.

In the end, the troopers gave me a police report with a signed statement from a witness and just told me to call my insurance company when I could, which I did. I've since gotten a new car.

Looking back, I realize how little my anger served me and that there were bigger things at the stake than just my car. And if that motorist who caused the accident just happens to come across this post, I just want to say I'm sorry for what I said and I hope you've learned to at least be more attentive when you drive","AITA for causing a major car accident that resulted in a totaled car, a broken arm, and someone screaming at me? Last December, I was driving out of a parking lot in town and unfortunately misjudged the timing and placement of my turn. I ended up crossing over into the far lane, forcing another car to swerve into a telephone pole, which totaled their vehicle. Then, as I swerved back, I collided with another car, resulting in the passenger suffering a broken arm.

When the State Troopers arrived, the driver of the totaled car started yelling at me, first saying I could have killed someone and then escalating to calling me awful names in a fit of anger. At one point, I could tell they were on the verge of physically attacking me. As this was happening, I also saw the injured passenger being loaded into an ambulance with their partner standing by, clearly distraught.

The troopers ultimately redirected the angry driver to step aside and cool off, which thankfully diffused the situation. I gave my statement, collected the report, and later dealt with the consequences through my insurance. But the incident has left me reflecting on the choices I made behind the wheel. Knowing everything that happened—someone losing their car, others enduring pain and stress, and being screamed at in front of onlookers—was I in the wrong for how I handled the situation?"
1402,ccsd79,"AITA for Getting slightly upset about my family for buying my sister a lot more stuff than me i am 19 atm and my sister is 17 and she do way better than me at school to be honest however my family always buy or help her financially to buy smart phones (now they got her her fifth phone)  and my uncle got her a new 5th Gen i5 laptop months ago while they didn't get me shit even the phone that i own is a crappy Samsung J1 mini my uncle gave me (he didn't even bought it , it was given to him by the company that he works for and then he gave it to me after the company has announced that they will provide them with new ones) whenever i point this out they just tell me that why do you don't get as good grades as hers or tell me that she's a girl and she deserves to have nice things because she's a ""Girl"" or else someone from outside the Family will provide them to her , and when i say this to my sister she tells that i am an A-Hole and i should feel bad because i am just being Jealous , AITA  ?

PS: sorry for the Grammar , English is not even my second language and no this has started happening since i was in 8th grade."," AITA for thinking my brother is being unfair and ungrateful? I’m 17 and my brother is 19. I’ve always worked hard in school, and honestly, I’ve done better academically than he has. Our family has noticed this and has supported me with things like a new phone (which is my fifth so far) and even a laptop that my uncle gave me a few months ago. My parents and uncle say it’s because I’ve earned it by putting in the effort, and I also think it’s fair since I’m a girl—it’s nice to have nice things that make me feel good. Plus, out in the world, people could decide to give me those things anyway, so it’s important for my family to provide them to me first.  

But my brother has been upset that I get these things and says it’s unfair, even though he hasn’t worked as hard or focused on improving his grades. When I point out that he’s just jealous and hasn’t earned the same opportunities, he acts like I’m being mean or unreasonable. AITA for thinking it’s fair that I get this support, considering my grades and the fact that I’m a girl?"
1527,dxmyes,"WIBTA if I confronted my aunty on her shitty parenting? I have an aunty who has a bad reputation for being a pretty crappy mother because of the way she handles situations, or lack there of. I hate having her over my house as her youngest child (5 or 6) is aggressive and doesn't listen to anybody especially his mother. He's been diagnosed with ADHD but she doesn't want to use the medications she's recieved because she doesn't like how he 'doesn't act himself'. The kid has serious problems besides ADHD, he's been forced out of school from aggessive behaviour such as shoving plastic knives and forks down children's mouths, hitting his teachers, and he also squished one of the schools chickens which had to be put down. In a moment of genius, she adopted a kitten which he immediately used as his new play thing. Its been months since the kitten has moved in with me and she is such an affectionate cat but hides whenever he is here. Words cannot describe this childs behaviour towards animals and humans.

Along with her other 3 children, she has no control of the household. I'm sick of having to look after her children and worry about whether they're getting into places they shouldn't be while I am at my own house trying to enjoy a bbq. The youngest child is such a handful and almost broke my finger from twisting it around, he continuously pushes me and punches me whenever he's around and if he doesn't get his own way he'll fake cry to his mother who insists we go and do what he wants. We trashes the house and abuses all the other kids and adults there, but the mother just relaxes and drinks our wine.

There is so much to talk about on this that it's so hard to not keep mentioning stuff without repeating myself. Basically, the kid doesn't care about anybody else and the mother only gives a damn about her children and herself but can't tell the kids off when they're in the wrong. I have stories for days about this kid.

I understand its not my children nor my place to be saying how she parents her kids, but I think she can do a better job at it than this.

WIBTA if I confronted my aunty on her shitty parenting?"," My niece seems to be really frustrated with how I parent my kids, especially my youngest who has ADHD. I admit it’s not easy raising him, and I’ve chosen not to medicate him because I feel it changes who he is. He’s definitely a handful, but he’s my child and I love him as he is. I try to do the best I can to manage my family, but sometimes it’s overwhelming raising four children on my own and dealing with their different needs. When we visit my niece, I can tell she doesn’t enjoy having us over and gets upset about my kids’ behavior, especially my youngest. It feels like she wishes we weren’t there or thinks I’m failing as a mother because my parenting style isn’t what she thinks it should be. I know she’s frustrated, but I don't think she understands just how hard it is or where I’m coming from. Would I be wrong in thinking my niece is judging me unfairly and should try to be more supportive instead of confronting me about my parenting?"
660,esmfi4,"WIBTA For Reporting My Boss for Threats and AITA For Wanting to Help a Customer?  So I just got a new job and my boss has already informed me that ""If you burn my products, I'll burn your body"", ""If you call in sick you're fired"", and if you say you're sorry or it was an accident you're met with ""I'll make it look like an accident when I take this hot pan and put it on your skin"". Well a few days ago I was helping a customer by getting their food, they asked for a bag and so I bent down to where the bags are, went to stand up and was burned pretty badly on the back of my neck by my boss, who told me it was an accident and that I should of been paying attention, which we would call out if the oven is open and that there is a moving hot pan, and my boss didn't say a word. The rest of the shift my boss kept making jokes about it. I am also the only white people and only female working at the store right now so I am scared to call HR about the threats. Am I the asshole for trying to help a customer and would I be the asshole for calling HR to report my boss?"," This new employee that I recently hired seems to be creating problems by not paying attention to their surroundings. I always emphasize the importance of staying aware in a fast-paced environment, and I do occasionally use strong language to drive home how crucial safety and responsibility are in this line of work—maybe it comes off as harsh, but it's meant to get the point across. A few days ago, they weren't careful while assisting a customer and ended up getting hurt when they stood up near an open oven while I was carrying a hot pan. It was an accident, and I even explained that they should be more mindful about such situations. I may have made some light jokes about it to ease the tension. Honestly, I feel like I’ve been straightforward and clear about workplace expectations. Would I be in the wrong if this employee decided to report their account of the situation to HR?"
1420,ash45a,"AITA for calling a guy out for being obnoxious and causing a group of friends to become awkward? So, for a bit of context, I'm an English major, but I've educated myself a lot in regards to vegan diet because 1. I'm fascinated with biology and anatomy, 2. I believe you can never have too much knowledge and 3. Because my ex was a vegan and I wanted to be able to cook something that would be nutritious and appropriate for her diet. I'm not claiming to be an expert, but I'm not oblivious either.

&#x200B;

In my year, there's this guy, let's call him Seb. He's tolerable. I have no choice anyway, since we have a lot of mutual friends in our year. From the very beginning though, you knew the guy is vegan (one of those who can't shut up about it). And I'd like to stress, I have absolutely nothing against vegans or vegetarians.

&#x200B;

The situation happened some time ago when me, Seb and couple of other people from uni went out for a couple of beers. The convo goes on as I remembered I had a ham sandwich in my backpack. As soon as I take a bite out of it, he goes ""What are you doing?"". Confused, I answer ""Eating?"" to which he goes ""Would you mind not eating this in front of me?"". 

&#x200B;

To just calm his bitching, I go ""Oooh, okay. Sure"" and get up to sit elsewhere. As I get up, he goes ""I can't believe you can eat that. That's disgusting."" So me, being a smartass that I am, I answer ""Actually, it's quite tasty."". He starts ranting about how I'm eating something that used to be alive and slaughered, how he hasn't eaten meat in three years already, yatta yatta yatta. Tired by his lecture, I just go ""Look, I respect that you don't eat meat, good for you Seb. Could you respect the fact that I don't eat fake meat?""

&#x200B;

He starts yelling that he's not gonna ""respect"" someone eating a murder victim in front of him, that I'm disgusting and how can someone claim to love animals if they eat meat, that humans don't need meat and that's just our barbaric nature to murder and eat the flesh etc. I replied that if I had a week I wouldn't have time to explain how wrong he was, that if he's not replacing the proteins he's not consuming from meat by something else he's killing himself, that if humans weren't omnivores, we wouldn't have fangs to shred meat etc.

&#x200B;

The argument went on for like an hour, to which he, when he ran out of things to yell, just got up and left without word, leaving everyone baffled. Now, any time somebody is offering to hang out, he's asking if the ""murderer"" is gonna be there, and refuses if the answer is yes. People who witnessed it feel I was right in this regard, but the situation in the group has become very awkward. Should I've just kept my trap shut and let him rant to not spoil the evening or did I do the right thing for calling Seb out? I'm confused at this point, cause the aftermath is just tiring at this point.

&#x200B;

Tl;Dr: Called a guy out for being an obnoxious vegan asshole, should I've bitten my tongue and let him rant or was I right for standing up to the wanker in question?","  

A group of us went out for a few beers, and someone in the group (let’s call him Alex) decided to eat a ham sandwich in front of me. Being vegan, I politely asked him if he could not eat it in front of me, as it made me really uncomfortable. He seemed annoyed but moved to sit somewhere else.  

However, soon after, instead of letting it go, Alex made a snarky comment about how “it’s quite tasty,” which kicked off a back-and-forth between us. I tried to explain why I was uncomfortable and why eating meat is a moral issue for me, pointing out how it’s wrong to eat something that was once alive. But instead of taking my concerns seriously, Alex started making dismissive comments, lecturing me about proteins, human anatomy, and why I’m wrong for being vegan, mocking my stance in the process.  

Eventually, things escalated into a heated argument. After arguing for a while, I decided to leave because I was tired of being ridiculed for my beliefs. Ever since, our mutual friends have been acting awkward. I’ve also made it a point to ask if Alex will be present before joining group hangouts, because I don’t want to be subjected to the same situation again. But now I’m wondering—am I in the wrong for sticking up for my beliefs and walking out when I felt disrespected?"
237,etj4ue,"AITA for wanting to take a lunch break? Like at least sonetimes? 

Throwaway. 

I’m a 20 year old business student working in my first internship as part of my degree program. My hours are 9-5 but I get paid for 7.5 hours with a 0.5 hour lunch break. I have been here 3 weeks and not taken one. The other full time staff here don’t seem to take them everyday but I’d say most of them probably take a lunch break 3 times a week. The first 2 weeks I was here I just didn’t even try to take one cuz I was so anxious. This week, whenever I tried, my supervisor would give me something to do so I’d just go do that instead and maybe eat crackers or a granola bar at my desk. I’m kind of getting tired of never getting real food or a break. AITA for wanting a break especially since I’m not getting paid for the 8 hours I’m putting in, even though I’m just an Intern? WIBTA if I insisted next week I take one ?","Am I in the wrong for expecting a dedicated and enthusiastic intern to prioritize completing assigned tasks over taking a formal lunch break, especially when they're being paid for fewer hours than they are voluntarily working? Would I be unreasonable for continuing to assign work without explicitly encouraging them to take their break, given that I have my own expectations for productivity and their role is temporary?"
481,e3q2d0,"AITA for not wanting him in my bed? We have a blended family situation, the oldest 2 sleep in their own beds. (Preteens) The youngest (infant) sleeps in her crib (unless she’s sick or has a rough dream). I’ve always put my own kids in their own beds, I was told by a pediatrician that they sleep better. The middle child is 5 and her dad lets her sleep in our bed, she is not fully potty trained, he won’t put her in pull-ups and she frequently kicks at me and pushes me. I try to be patient because she’s special needs and I don’t mind every now and then. Every kid has their moments where they need a cuddle.  I have made it known that I think she should sleep in her own bed not ours, and her dad regularly gives in to her whining and makes me feel like a jerk for being upset. I’d just like to sleep without being kicked or worrying I’m gonna wake up in someone else’s urine. Before I make a bigger deal out of this AITA?

Edit: thank you all for your feedback, it’s really been tearing me up. I’ve felt like such a cranky jerk for this. It feels nice to know I’m not being unreasonable","Am I wrong for wanting her to sleep in my bed? My daughter is 5, has special needs, and sometimes struggles with fully controlling her bladder. She occasionally wakes up upset or needing comfort at night, and I believe being close to me reassures her. I know that her stepmom feels strongly about kids sleeping in their own beds, but she doesn’t seem to realize how much it helps my daughter emotionally to cuddle in moments like these. My child often gets anxious and whines before bedtime, and I feel like it’s my job to support her however I can, even if it means bending household rules a bit for her well-being. But this has led to tension with my partner, who’s clearly stressed about the situation and feels it’s unfair to her — even though I’m just trying to do what’s best for my daughter. Is it wrong for me to prioritize this comfort for my child?"
1031,bf2bg7,"AITA for moving someone's clothes? I live in an apartment building. It's a pretty low-class one, for reference. 

At the last building I was at, there were about 4 washing machines, to about 40 people. So realistically, you'd get your laundry done once every couple weeks, if you were lucky. If you're laundry was finished, and you weren't there to change it over, someone would just nicely put your clothes on top of a dryer. This meant that you would definitely get the dryer, but they could wash their clothes as well. 


Now I thought this was pretty respectful, and so when we moved in to the new apartment, I applied the same practice. 
This apartment has about 40 people, and two washing machines. It's a super shitty situation, I know. So today, I waited about five minutes for the person to come down and get their shit, before placing it nicely on top of the dryer that wasn't in use. 
They ended up coming in while I was leaving, and got super pissed off. I explained to them that it was what I was used to, and I apologized. I won't be doing it again, as upsetting anyone is obviously not my intention, but I'm finding it hard to understand why someone would get upset over this. It's not like I threw their shit on the floor, or just punted it onto another machine. 


Edit: I had no way of telling how long the clothes were sitting in the washer. When I came in, the cycle was over. If it had ended while I was in the room, I would have definitely waited longer. 


So Reddit, AITA?"," AITA for getting upset when someone moved my clothes? I live in an apartment building. It’s not the nicest place, and there are only two washing machines for about 40 people. Super inconvenient, I know, but that’s just the situation. 

Today, I went down to grab my laundry from the washer, only to find a complete stranger had moved my clothes out of the machine and placed them on top of the dryer. It really annoyed me, because my laundry is *my* responsibility, and I felt like this person just violated my personal space by touching my stuff without my permission. 

It’s not like I was leaving my clothes there for hours; for all they know, I could have been on my way downstairs when they decided to jump in and move my things. I confronted them, and they apologized and tried to explain that this was something they were used to doing in other buildings. They said they didn’t mean to upset me and wouldn’t do it again, but it still left me feeling like they overstepped. 

So Reddit, AITA for being upset that someone moved my clothes?"
124,byrlym,"AITA for not wanting to be around MIL I never had a problem with my MIL before my son was born. I knew she was overbearing and a bit crazy, but I was never really around her.

Prior to baby, we only hung around his family for special occasions. And even then, we always made plans afterwards so we would have an excuse to leave early. My H can only take his parents (his mom) in short doses.

Fast forward to 2 years ago when LO was born. Everything changed. MIL couldnt make the transition from parent to grandparent. She made it clear that LO was HER baby and that she was going to do whatever she wanted.

she crossed all my boundaries. She did not care what I wanted for my child. I would tell her not to do something and she would do it behind my back. She even went so far as to lie about it. I would ask her to her face and she would lie repeatedly.

Over time I started to hate her. The mention of her name would send me into a panic attack. I cant even tell you the number of times I've cried over something she did. I wanted to parent my child, but she made me feel less than and that I was inferior to her authority.

She has no respect for us. She has said that whatever my H tells her goes in one ear and out the other. In the past he has attempted to talk to her about what bothers me but she doesnt care.

When LO was about 5 months old, I reached a breaking point. I felt physically ill and mentally drained. I know MIL will always be a part of my life because she will always be a part of LO's life. Because of that, I seeked out therapy.

And I'm doing so much better. I still cant stand MIL but I no longer cry. She has not changed but I have learned how to deal with it better.

A part of why I no longer feel horrible is because I distance myself from her. Outside of special occassions, I opt out of activities. If I'm not around her then I dont feel bad. Being around her causes anxiety...which my H knows.

 It bothers my H that I dont wabt to hang out with his mom. He doesnt like that I dont want to eat lunch with her on a random Saturday. Or that I don't want to invite her to the park with us. To him, his parents are family and even though I dont like his mom, he thinks I should suck it up and still hang out with her.

I dont keep LO from MIL. I tell my H that hes more than welcome to have lunch with his mom and LO. I jsut dont want to be there. Am I the asshoke for not sucking it up?

I'm always polite and kind when I see her. But it takes alot out of me. Especially when shes all over LO and ignores my instructions.","Am I in the wrong for being hurt and upset that my DIL wants to distance herself from me and avoids spending time with me, even though I love my grandchild deeply and feel like I’m doing my best to be involved? I know I can be overbearing at times, but I'm only trying to help, yet it feels like my presence isn't wanted. Shouldn't family try to work through these issues together instead of growing apart like this?"
745,b76hfg,"AITA for cutting my now ex-best friend out of my life? Throwaway for obvious reasons.

My former best friend and I have been friends since college, about 9 years now. I have also been friends with her husband since then as well, as I met them both at the same time. I've been through a lot with the both of them; I was MOH at their wedding, she was MOH at my wedding, I've been their through my friend's DUI and legal troubles, etc. 

Since my friend got married to her husband in 2013 she has been pretty flaky, and it's only gotten worse with time. She doesn't answer my texts or calls, sometimes for weeks on end now these days. However, I have always made myself available to her, no matter what time of day, for her phone calls or texts; I always answered right away because I loved and cherished her. She's done some pretty awful things in the past that I've forgiven her for. For example, at my wedding she had to come stag because her husband could not afford to fly in along with her, and she was pretty upset at the idea of 'being alone' during the reception. So, after the dinner at my reception was over she invited some man I've never met to my wedding to hang out with him as her date (she was in an open marriage). That is just one example.

Her life has been on a big downward spiral since 2014-2015. She was an alcholic, got three DUIs and went to jail, has jumped from job to job, and is now going through a separation/divorce with her husband, who I am still good friends with. Not only that, she's had some physical health issues, and has struggled with depression. She recently went to rehab for her alcoholism, for a whopping 45k, which her parents paid for, as they have for nearly everything in her life.

My breaking point was when she ghosted me on a text after she told me she'd gotten into an argument with her mother, whom she and her husband have lived with multiple times throughout their marriage, and she was going to sell all of her things to get a plane ticket to fly back to the state I currently live in. I told her politely that I thought she was acting rash, and that she ought to take a step back before doing something like that. She never texted me again after that. I had to text her husband to find out that she ended up getting the ticket and flying halfway across the US to my state, and that she had already landed safely and had somewhere to stay. Then after all that, two days later and still no text from her, I get an email that she had logged into my hulu account. I was livid. I booted all the devices from my acct and changed my password. 

Since then she has texted me twice; two weeks ago with a Rob Lowe meme, and then a few days ago to brag about a kitchenaid she got for her bday. I ignored her texts. My mom says I should at least be cordial because friend knows she fucked up, but I'm through. My friend hasn't asked me about myself or how I am doing for the majority of our phone calls/texts for the past year. 

AITA?","

""STORY: My best friend and I have known each other since college, so it’s been about nine years now. Over that time, we’ve been through so much together—she was there for my wedding as my Maid of Honor, and I was her MOH at hers. I know I’ve made my fair share of mistakes over the years, like struggling with alcoholism, facing legal trouble, a rough marriage, health issues, and even depression. I’ve leaned on her during some of my lowest moments, and I’m so grateful to her for being there for me.

But lately, it feels like there’s a distance between us that I don’t fully understand. I admit I can sometimes take a while to respond to her texts because I’ve been caught up in a lot of chaos—and yes, that’s on me, I know. But I’ve always appreciated having her in my corner. Recently, I made a big, impulsive decision to move back to the state she lives in after an argument with my mom, and I didn’t tell her right away. In hindsight, I realize how that could have hurt her, and not keeping her in the loop was probably wrong. When I logged into her Hulu account, which she had shared with me before, I didn’t think it would upset her as much as it seems to have. She changed her password, and since then, she seems to be completely ignoring me. 

I’ve tried reaching out—once with a funny meme and another time sharing something I was excited about for my birthday—but she hasn’t responded to either. It feels like I’ve lost someone who’s been one of the most important people in my life, and I don’t even know if there’s a way to fix it at this point. 

So, AITA for not being more communicative or responsive and for somehow making her feel like I didn’t care, even though I do?"""
693,az960o,"AITA For Not Opening Up to My Host Mother Anymore? I am in exchange I’m Brazil for a year, an opportunity I am more than grateful for. And I’ve gotten pretty close to my host family, but that has been out to a stop lately. 

The problem? My host mother tells everybody, I mean everybody, everything. She also puts everything on her Instagram story. We will call her Maria for now. 

When I joined rotary, I put my mental illnesses in my medical form, just in case anything happens. It’s suppose to be just between my host parents, and my country officer. Maria one day randomly asks me about this. I trust her, and explain to her what the effects are, what to do if something happens, and how I have what I have. I don’t like to think my mental illnesses are who I am, but I have no problem accepting that and working through them to have an easier life. 

After a few days, we are having a get together with Maria’s friends. They have brought some other people as well and there’s quite a good crowd. I brought Maria and her friends some drinks and Maria introduced me to the people I haven’t met. She then continues on saying where I’m from, and out of nowhere she states ALL of things I told her about my mental illnesses. 

I wouldn’t say I’m ashamed of them, but that was a PRIVATE moment for us. I felt so embarrassed and awkward when everyone went quiet and had worried expressions on their faces. I went outside to take a breather. It was all too much.

Later after it the party was over, O tried explaining to Maria that it was inappropriate to say those things, and that it was said in confidence. She then says (in Portuguese of course) “don’t you think people should know?” I tried seeing that logic, but people I barely know, know about my illnesses before they even know my last name. That reason wasn’t good enough for me.

There was even a time she told others I had a panick attack. I asked her why she felt the need to tell people I don’t know that, but she said “they need to get to know you!”

So lately I haven’t opened up to her. She still talks about me, not as extreme as the examples above, but still. Telling people about my family and my childhood I opened up to her about. It’s not the greatest. 

I fee like I can’t trust her. She repeats everything like a parrot. I can’t even tell her I am having menstrual cramps without her broadcasting it to everyone at the dinner table. Am I wrong for not opening up to her anymore? 

TLDR: My host mother Maria has a big mouth and tells everyone Things I say to her in private. I feel like I can’t trust her anymore. 

Pardon the typos.
","Am I wrong for wanting to share details about my exchange student’s life with others, including parts of her story and experience she’s entrusted to me? I see her as part of our family and feel proud of her journey. I believe some of the things she’s gone through could help people understand her better or even connect with her, especially in a social setting. I don’t see why sharing this would hurt, especially if it builds bridges with new people. Isn’t that part of the beauty of hosting? Am I in the wrong for thinking that openness and sharing her experiences will help foster closer relationships with those around her?"
65,9vi2fh,"AITA For overreacting and getting a kitten killed. A friend invited me and 4 other people to his party. His mother and father rescue dogs and cats and foster them. After eating and watching a movie we played truth or dare. It was a girl who'll we will call Alissa who technically started it. It was her turn and she asked a friend. Let's call him Tom to take Disney  (A 5 week old black and white kitten) and put the kittens face in their ass. I opposed this but didn't say anything. I didn't know Tom would comply. But he did. He grab the kitten and pulled down his pants. He put the cats face on his bare ass and  farted. (The friend who invited us over was at the store right now getting snacks) Everyone was laughing but I was honestly disgusted. I started yelling at him. ""WHY WOULD YOU DO THAT? IT'S A KITTEN."" I then punched him. We started pushing and punching eachother until he pushed me really hard. I fell on something. It was a small 2 week year old. We took the kitten to the vet and it died. I feel awful and lost many friends that day. It's a silly ordeal and I just get frustrated thinking about it. Am I the asshole?","

A friend invited a small group of people, including me, to his house for a party. My parents foster rescue dogs and cats, and the house always has animals around. After we ate and watched a movie, we decided to play truth or dare. During the game, a girl named Alissa dared me to use one of the kittens, Disney—a small, 5-week-old black and white kitten—and do something dumb as part of the dare. She told me to take the kitten and put its face near my bare backside. 

I admit it was stupid, but I was trying to go along with the fun of the game, so I did it. I grabbed the kitten, pulled my pants down, and made it part of the dare. Everyone was laughing except one person, who got really angry about it. He started yelling at me, telling me off for what I did, and then actually punched me. Things escalated quickly into a physical fight. In the heat of it, he fell on top of a small, 2-week-old kitten while we were struggling. Later, the kitten died at the vet because of it"
59,ekhvt5,"AITA for asking a guy in the parking structure to back up a little? New account bc I only ever lurked and somehow it got locked. 

I live in a high rise apartment complex with an underground parking garage that’s kind of poorly designed. There’s not room for two cars to go the opposite direction around any corners at the same time. It’s not a huge deal, people are generally pretty good about yielding to whoever was there first or whoever is in the better position to complete the corner so the other person can pass. 

I came up to such a corner yesterday right at the same time as a guy in a huge Jeep. He didn’t seem to want to stop for me so we ended up where I was halfway around the turn and he was right up close to me. He could not move until I did. He was in a long straightaway and had plenty of room to back up, but since I was coming around the corner I was kind of stuck and backing up would do me no good. I sort of gestured for him to back up and when he didn’t do anything I rolled down my window and called out “hey, can you back up, I can’t get through.”  

He rolled his window down and yelled back that I had room and he wouldn’t back up. I told him I didn’t think I did, could he just back up like two feet so I could pass? He kept yelling that I had room and refused to back up. So finally I was like, look I’m in no hurry, I can wait here all day until you back up. We both sat there for a few minutes until another car came up behind me being driven by a valet (there’s valet parking for visitors since it’s an assigned space garage). He got out to see what was going on so I told him the issue and he got out and looked carefully at the angles and was like I think you probably have room. 

I was literally within inches of hitting this guy’s car. I’m not exaggerating. The valet had to slowly guide me forward so I also didn’t hit the wall. So yes, technically I did have room but it required slow and careful maneuvering, nearly hitting his car, which would have been totally unnecessary if he’d backed up. 

I’m really perplexed about this guy’s actions. It just seemed completely unnecessarily rude. It wasn’t like I’d asked him to get out and push his car or something, and I was very polite about it until he started yelling at me. It would have literally taken two seconds for him to back up a couple feet so I’d have plenty of room without having to be worried about hitting anything. If the situation was reversed and I was in his car’s spot, I would have had no problem backing up. In fact I don’t think I’d even have to be asked if the other person was stopped and clearly didn’t think they’d have room to get through, I would just back up on my own to give them space (I’m pretty sure I’ve even done this at some point in the years I’ve lived here). 

I’m a woman, don’t know if that made any difference about his attitude. But on the other hand I did technically have enough room to carefully and slowly maneuver through even though it made me really uncomfortable. So AITA?"," AITA for refusing to back up when another driver asked me to in our apartment's parking garage?  

I live in a high-rise apartment complex with an underground parking garage. The garage is tight on corners, but usually, people figure it out—yielding when needed and working together to pass in challenging spots.  

Yesterday, I approached a corner at the same time as another driver. I drive a large Jeep, and the other driver was coming around the bend in a way that ended with her car halfway through the turn, while my Jeep was stopped in the straightaway right before the corner. I believed she had enough room to get by me if she carefully maneuvered her car, so I stopped and hung tight, expecting her to pass.  

She gestured for me to back up, but I didn’t see the point. The situation was avoidable, and I thought there was no real reason for me to reverse—she seemed to have adequate space to complete the turn without me doing so. When she rolled down her window to request that I back up, I told her she had room to get through. She insisted she didn’t, but from my perspective, it looked like she did, and I didn’t feel the need to move my car given the circumstances.  

She eventually got frustrated and said she wasn’t in a hurry, implying she’d wait as long as necessary for me to back up. We ended up in a standoff until a valet came up behind her and assessed the situation. The valet determined she indeed had room and slowly guided her through the corner. She made it, though it was a tight fit.  

My stance was that she could’ve passed without my reversing. Yes, it would have required some effort on her part to maneuver through carefully, but she wasn’t in danger of hitting anything as long as she took her time. I didn’t see why I should have to reverse when my car was already stopped in the straightaway, perfectly positioned to hold my ground.  

She seemed upset and probably thought I was being rude. Maybe my Jeep felt intimidating to her, or perhaps frustration made things more tense than they needed to be. But the bottom line was that she could get through, and I didn’t feel obligated to back up when that was the case.  

So, AITA for refusing to back up when I knew the other driver could get through if she were careful?"
611,cv1ka7,"AITA for not accepting my parents calls at a very public place? So im going to college, and it took about 8 hours to get there. I message my parents that ive arrived at the airport and was going to get on the shuttle. Now, the shuttle was packed with other college kids and they were doing their own things with their phones and stuff. Then i get a call from my dad, probably to see how the trip was. But the person sitting next to me on the shuttle was sleeping and i decided to decline the call and mdssage him that this isnt a good time to call me right now. Then he calls again. I decline. And i say that i am on the shuttle with a bunch of people sleeping and i dont want to wake them up or bother them. Then when the shuttle made its first stop, i got off and called him, he was pissed about how i wouldnt pick up his calls and that family is more important than random strangers. Now, in my head, i thougbt it was common courtesy to not make calls when people are sleeping and such, especially in a confined space as the shuttle bus. But yeah, i got yelled at for that. Idk if he knows what texting is, but yeah, i don't think he understands what situation i was in."," AITA for being upset that my kid wouldn't pick up my calls when they were on the shuttle? My child recently moved away for college, which is an 8-hour journey from home. When they got to the airport, they messaged me to let me know they were about to board the shuttle to campus. I wanted to check in and see how their trip was going, so I called them. They didn’t pick up, which was frustrating, but I figured maybe they were busy for a moment. Then, when I called again, they declined the call a second time and messaged me, saying they were on a shuttle with people sleeping so they couldn’t talk. I was upset because, to me, their family should take priority over random strangers in some public setting. I wanted to connect and make sure they were okay after such a long journey. Eventually, they did call me back when the shuttle stopped, but I admit I was pretty annoyed by then and let them know how I felt. I don’t think they fully understand why this bothered me, but I was hurt that they didn’t prioritize me in that moment. Am I in the wrong for being upset?"
1133,9zkw5r,"AITA for telling my 92 year old Grandma her life investment is essentially worthless? Backstory: I’m 24 yr old male taking care of my grandma because I’m all the family she has. My tiny, innocent grandmother (92yr) has been taken advantage of by people on the internet many times. One of the worst and consequently final straws was about 2 years ago, when I gave her $500 to help pay for her utilities and a few other necessities for a couple months. Within a week it was gone and sent to “some nice Nigerian investors.” We never saw it again, and she had to live in a motel for a few weeks until I could figure out something else. 

The reason she is so gullible on the internet is because she retired way to early. Now unfortunately she’s got nothing left & has severe scoliosis which she can’t afford treatment for. All of these scams she falls for is cause she desperate for hope.. hope that her life will get back to how it was when she was working insurance making 6 figures. 

Ever since the scam where she threw away $500 she has been pretty good. 
I explained as calmly, politely and sternly as I could. Unfortunately though it looks like it happened again. This time though it’s been about 20-30 years in the making. Apparently she purchased around 
2 million Vietnamese dollars from some people on the internet. She thought that it would grow in value.. but also that each Vietnamese dollar was worth 3 u.s dollars. I honestly don’t know how she ever thought that made sense... 
but oh well. She kept pleading with me to take her to the bank to cash in “our million dollar ticket.” Honestly though I have no idea how to even exchange currency or where exactly to do it. So instead I showed her on my phone the current exchange rate.. big mistake. I’ve never seen my tiny, innocent Grandma act so distraught. She started to break down and cry, even getting upset at me a for breaking the news to her. 

I’m back home now, and I feel pretty bad. I can’t help but think there was a better way for me to handle this. She has said things that make my heart ache for her, like “I wish life could just be over” and other really depressing things. Maybe I should have let her continue to have that hope that there’s a better future on the horizon. She’s in so much pain, I know the only thing keeping her going is some sort of improvement in her life, and that’s why she is so desperate for these monetary miracles to happen. ",Was I wrong for breaking down in tears and getting upset after my grandson bluntly showed me that the investment I thought would bring us security and hope was essentially worthless?
548,egu9xa,"AITA for lying about my engagement ring? Was having lunch with my group of friends and the server asked me about my ring saying she loves how dainty it looks. She asked what size it was because she was looking for similar because she is also a studying to be a nurse and she said she can’t wear gloves over a large ring.
I’m fine with telling people because I have small hands and fine with my diamond size. I told her it’s a quarter of a carat. 
Everyone goes about my business until one of my friends says I shouldn’t lie about the size if I’m proud of it. 
The diamond is technically .21 carats. 
She was the one who went shopping with my now husband when he picked it and she’s salty that he went with that size against her opinion because he couldn’t afford more. Especially compared to her 1.3 carat.
I told her I’m not lying I just don’t know what to call .21 carats.

I have no issue saying .21 carats but it sounds weird so I say a quarter carat and round up. How do you round down? I wouldn’t mind that either because I honestly don’t care but for arguments sake wanted to know someone else’s opinion.

Edit. Did not realize .21 sound be called a fifth of a carat. From now on I’ll refer to it as a fifth.","Was I wrong for pointing out that my friend lied about her engagement ring’s size? We were having lunch when the server commented on her ring and asked its size because she wanted something similar for nursing. My friend said it was a quarter carat, but I know it’s actually .21 carats because I helped shop for it with her husband. I felt like she was rounding up unnecessarily, so I mentioned she shouldn’t lie if she’s proud of the size, especially since I know she’s sensitive about comparisons to my 1.3-carat ring and her husband's financial limitations. Was I being unfair by saying something?"
754,cidw6d,"AITA for not helping my cousin out financially, despite her taking me in and helping raise me when I was a teenager? Some backstory, my dad ran away when I was a young kid, and my mom died when I was 15. Nobody else was willing to take me in, and I was about to go into the foster system, but my cousin ended up stepping up and taking me in. She was 24 and she was not exactly fit to raise a kid but she did as much as she could. I spent the next two years in her cramped apartment before I went to college, and while it wasn't perfect, it was better than nothing. Of course, I am extremely grateful to my cousin for this. 

Anyways, I went to college and got a relatively good job for a 23 year old. Not a great one, I don't make that much money. But my cousin had an even rougher time, she ended up dating an abusive guy and she quit her job when she got pregnant, only for the child to die soon after she gave birth. Her asshole boyfriend then left her after the kid died. Not only that, but she was burdened with medical bills. 

My aunt started a big charity thing to help her out (note, not her mom, another aunt). My aunt asked me to donate some money, and I put in 400 dollars. Just some context, I only had 1,200 dollars in my savings account. My aunt was pretty upset at the fact that I only put 400 dollars in the charity fund, saying that I lived in a nice apartment (I didn't, its in nyc but it isn't 'nice') and that I had a good job (again, not a good job, it just sounds fancy because its media related) and that I should put more in. She also said she noticed a lot of 'electronics' at my place which are likely worth a lot of money and that I could sell them to make money to give to my cousin (once again, not worth a lot of money, probably like 350 bucks max if I was to sell them). She said if it were her, and that if she was taken in by her as a teen, she would be giving as much money as possible to the charity fund. 

The thing is, there's already like 5,000 dollars in that fund. My cousins new apartments rent is 650 a month, and she has experience working and will likely get a new job soon, not to mention that my aunt and other family keep giving more money. I have a strong feeling that this doesn't have much to do with how much money I am putting in and more that my aunt views me as entitled and greedy. I mean I already put 1/3rd of my savings into the fund. I explained this to her and she just sort of acted like that doesn't matter. Then my uncle also came around and said the same thing basically. That she helped raised me, and I should do more. He said I was lazy and that I am selfish and don't want to help family out despite her being there for me. My uncle even said that maybe I should move from NYC, where my job is, to get a cheaper apartment to have more money to help her out. 

My cousin has barely said anything. She just thanked me for the 400 dollars and said we should get lunch sometime. That's it. This is entirely my aunt and uncle saying this stuff. But I can tell they are ranting a lot to everyone else in the family.","Am I wrong for feeling disappointed and upset that my cousin, whom I took in and cared for when no one else was willing to step up, only donated $400 to my charity fund despite her seemingly decent income and lifestyle? While I haven’t pressured her myself, my aunt and uncle have pointed out that she lives in an NYC apartment, has a good job, and owns electronics that could be sold—all things that suggest she could contribute more, especially given the hardships I’m facing with medical bills and trying to rebuild my life after losing my child and partner. Should I feel hurt that she isn’t giving more, or am I expecting too much?"
485,blwxbw,"AITA for telling my friend that her approach to relationships seems unhealthy? A few nights ago, my close friend and I (both 22F) were having one of those deep, after midnight conversations and things got really tense. She’s sad about being single, but I think it’s because she’s has a weird approach to dating. She’s got a thing for Latino men, which is fine, but she’s gone overboard. She only wants to date native Spanish speakers (even though it’s not her first language, she only took it in college). She sets her dating apps by ethnicity so she only matches with Spanish speakers, calls them “Papí”, and insists on speaking broken Spanish to them when they all speak English and would rather save Spanish for being spoken at home. She has her ideal life planned out with a Hispanic man (she wants him to wear a sombrero to their wedding) and jokes about how she’s basically Latina (when she’s NOT, her family is from West Africa, so she’s just black) because she’s so “down with the culture”. 

I think she’s trying to be something she’s not (she has Spanish names picked out for her kids, insists on being called “Mariposa”, and seems to think that listening to Spanish music and eating South American food is enough to fully understand the culture).  I told her that just because she studied abroad for a semester does NOT mean that she gets the culture in the same way that someone who grew up there would, and that she should expand her dating pool to more ethnicities so she has a better chance of finding her soulmate. 

And she got really mad at me. She said that I don’t get it, that Latino men are more “machismo” and are “red-blooded male” and won’t consider dating outside of that ethnic group because she doesn’t like black men, doesn’t trust white men, and thinks Asian men are too “girly”. She felt like I don’t support her desire to learn Spanish (which isn’t true, I’m taking Spanish too) and it only got worse from there, when she asked me to be honest about whether or not she had a problem. 

 I straight up told her that I think her obsession is unhealthy. I also told her that she tends to move too fast in relationships (with her last one, she kept asking why he wouldn’t make her his girlfriend after 2 weeks, constantly accused him of seeing other women, and told him that she loved him— all within the first MONTH). She seems really eager to be attached to someone, and I told her that she should focus on getting to know people first and see if they’re a good match before demanding that they cuff her (the last guy left her because she kept pushing him). She said I was mean and that she already knew all of this, and I apologized and told her that “I love her and she’s one of my best friends and I’m sorry for upsetting her, but I only want what’s best for her and I just wanted to tell her what I saw”. And now she’s mad at me and won’t talk to me because she feels like I “threw all of this in her face”.

**TL;DR:** My friend has a Latino fetish and an unhealthy approach to relationships. I told her this and she says I went too far— AITA?","Am I in the wrong for getting upset with my friend after she criticized my approach to relationships and made me feel judged? A few nights ago, we had a deep late-night conversation, and I opened up to her about feeling sad about being single. Instead of supporting me, she focused on criticizing my preferences. Yes, I have a deep admiration for Latino culture and men—I gravitate toward native Spanish speakers because I find their language, traditions, and shared values attractive. She insinuated that my preferences were ""unhealthy"" and said I don’t fully understand the culture because I didn’t grow up in it, despite my efforts to learn and immerse myself. She even suggested that I should expand my dating pool beyond Latino men, telling me that my approach might limit my chances of finding a soulmate.  

It honestly felt like a personal attack, especially when she said that I move too quickly in relationships and accused me of being overly eager for attachment, bringing up my last relationship where things didn’t work out. While I did open up and ask her opinion, her delivery left me feeling hurt and like she didn’t support my desire to embrace a culture I love or learn Spanish better. I want to find people who share what I look for in life, and this is how I’ve decided to approach things. She apologized after being so blunt to me, but it felt too late—she had already made me feel judged for the choices I’ve made. I haven’t spoken to her much since. Am I wrong for feeling this way and for being upset with her?"
1285,ap2vyv,"AITA for trying to save money for valentine's day? My girlfriend and I have decided that we would spend valentine's day on February 18th as our schedules are extremely busy. She works at a flowers shop that is non stop during valentines, and I work full time while attending uni full time.
Last year I surprised her at her shop with some treats during her valentines day shift, but this year, I have 2 major exams the following day and work the graveyard shift prior.

I stated to a mutual friend that because of our late celebration, I'd be saving money on our date and gifts as prices for valentine's day items will substantially drop in price the day after. On top of that, the flower shops will also drop prices for roses. (Yes she works at a flower shop but still loves to receive them.) This mutual friend has now told my girlfriend that I am  purposely prolonging valentine's day so I won't have to spend money on her. 

I am now currently trying to justify my pov as to why I stated my money saving ideas while trying to tiptoe around hurting her verbally. Moral of the story: fuck valentine's day. 
","Am I in the wrong for feeling hurt and thinking my boyfriend might not care as much about Valentine’s Day? From my perspective, I understand that our schedules are busy—I work at a flower shop that’s chaotic during Valentine’s, and he’s juggling full-time work and university. We agreed to celebrate on February 18th, and I’m okay with that.  

But my mutual friend told me he said he was looking forward to saving money on our date and gifts because prices drop after Valentine’s Day. While I love saving money as much as anyone, it felt like the sentiment behind his effort—like showing how much he values me and this day—was diminished by hearing that. Even though gifts don’t have to be extravagant, it hurt to think he might see delaying Valentine’s Day as more of a practical cost-cutting measure rather than a chance to celebrate us.

So now I’m left feeling confused and unsure if I’m blowing this out of proportion or if it’s fair for me to be a little hurt. From my perspective, am I wrong for feeling disappointed?"
352,e3t9b7,"AITA for being friendly with a 16 year old? Title sounds bad but bear with me.

In my city there are bi-weekly lan parties that I've been attending for about 3 years now. These are open for anyone to come and play with us and there's both regulars and people who come by once or twice and never return. I've been coming to these almost every time they're hosted and consider the regulars to be close friends to the point where we grab dinner and do other stuff regularly outside of these meets.

We were surprised one day when one of the people who wanted to play was a younger girl who's 16 who I'll call Jane. There haven't really been any rules in terms of age and people from 15-35 have come. A lot of the people who show up are also women so when Jane showed up I didn't really think much of it. Everyone just played, talked about the game and it was just another night. She has her older brother pick her up and he even stayed to play a few games. Its been a good 7 months since then and shes showed up to every meet save for a few. Just like everyone else, I've been friendly, though I don't really talk with her about things outside of the game we play and general chit-chat (stuff going on in the city, other games... ""how's life"", etc). Still I guess I'd call her a friend? It does feel weird calling a 16 year old a friend but acquaintance sounds a bit too cold so its somewhere in-between. Although Jane's a regular at this point, she doesn't come to any of the stuff that happens outside of the meetups and I don't chat with her outside of these also (besides the group chat for the event).

Me and my gf, who I'll call Jenna, went to the local electronics store recently cause I've been wanting a new TV and she needed new headphones. While we were browsing around I hear a girl call out ""hey, OP!"" and I turned to find Jane there. My side of the conversation went something like ""hey, hows it going?"", ""oh buying a new keyboard? nice"", ""by the way this is my gf Jenna"", ""me im just here to look at the TVs"", ""cool, I'll see you around"". Something I should mention is that while Jenna knows about the meetups, I never mentioned Jane showing up to them. Didn't think it would be important since I never see her outside of the meetups anyways and Jenna has never cared about anything or anyone related to it.

After giving me a pretty worried look I explained. Jenna seemed like she was upset that I was even friendly to her at the store in the first place, and that a 16 year old girl and a 24 year old guy have no business talking. She said there's no reason for someone that young to be hanging around and playing games with people who are older, and that its creepy that we let her join in the first place. After asking her what she would've wanted me to do at the store, she said I should've just ignored her, walked away somewhere else or only said hi then left, but these are pretty cold to someone you see regularly I feel like. Personally I see nothing wrong with any of this so I gotta ask, who's the asshole here?

Edit: Lot of responses after going to bed haha. I'm going to try to show Jenna this thread and talk with her a bit more and hopefully that'll ease her concerns. Thanks for the input."," 

""AITA for saying hi to OP? I’ve been attending these bi-weekly LAN parties for about seven months now. Everyone’s been friendly and welcoming, including OP, who has been polite and chats with me like he does with everyone else. I don’t consider anyone there a close friend since I only see them at the meetups and don’t hang out outside of that or chat much otherwise, but it’s been nice to feel included, especially since there’s a pretty broad age range of people who come and go. It’s just a fun space to play games.

The other day at the electronics store, I ran into OP while I was browsing. I called out to say hi since I recognize him from the meetups and just thought it was polite. Our conversation was really brief—mostly just a quick “how’s it going,” him introducing me to his girlfriend, and some surface-level small talk about what we were shopping for before saying goodbye. I thought nothing of it at first since it was casual and kind of normal for acquaintances. 

Later, I’m guessing OP’s girlfriend was upset about me saying hi or maybe how OP handled it? I don’t understand why it’s such a big deal. Was I wrong to acknowledge him at all, or am I somehow making people uncomfortable without realizing it? Am I being rude or crossing boundaries I didn’t see?"""
383,bfmw1n,"AITA for getting annoyed that my mom tries to fix everything for me So the title probably sounds pretty bad, and it happened like 5 minutes ago so this post might be a little rant ish but I'll try to keep it short.

About me: I'm 17, male and I'm in my first year of college and have had this job since I was in my early 13s.

So I work at a grocery store, and my mom has worked here since I was about 6 or 7 so at least 10 years now. She often tries to fix things for me there or help me out, which I know has good intentions, but it's often stuff I was planning on doing myself.

This results in my coworkers and managers telling me I should be doing those things myself, and that my mom can't fix everything for me. I know that. I'm trying to do my own thing, but I'm only there 2 days vs her 6 days. She always beats me to it.

Now yesterday she told me to get a replacement for Thursday in 2 weeks. So I said I'd do that. Now I wake up and she's already gotten me a replacement, which I got pretty upset over. I told her that it's nice but she didn't even give me the chance to do it myself, and that I'm gonna get crap from coworkers for not doing this myself.

She demanded I give her an explanation of when something like that happened, but I honestly can't tell her. I have a bad memory and live in the moment for the most part. So I usually only remember that something happened, not what exactly happened or who was even involved. She knows that. But got mad at me for not being able to tell her and kinda guilt tripped me about being ungrateful.

I am grateful that she's willing to help me, but it doesn't help me in the long run and gives me a generally bad reputation at work.

AITA?? Im honestly not entirely sure at this point, since she blames me and gets mad at me for a lot of stuff, but also always says I blame everyone else."," AITA for helping my son out at work and getting upset when he got annoyed at me?

My son is 17 and works at the same grocery store I’ve been working at for over 10 years. I know I’m there more often than he is (I work 6 days a week, and he’s only there 2 days), so sometimes I try to help him out when I can, especially if there’s something I can address more quickly than he might be able to. I want to support him and ensure things go smoothly for him at work.

Lately, he seems to get frustrated when I step in to help. For example, yesterday, I reminded him he needed to find a replacement for his shift in two weeks. He said he would handle it, but this morning I’d already found someone to cover for him and let him know. Instead of being happy, he got visibly upset and told me I didn’t even give him the chance to do it himself, and that he’d face criticism from his coworkers for not handling it. I don’t see why that should be a problem if it’s already resolved.

When I asked him for examples of when my help caused issues for him at work, he couldn’t provide any specifics—he just said that he remembers it happening but couldn’t name when or who was involved. That upset me because it felt ungrateful and unfair. I’ve always tried my best to support him and make his life easier, but he doesn’t seem to appreciate it. Instead, he acts like I’m creating problems for him even when my intentions are good.

Am I the bad one here for wanting to help my son and expecting some gratitude for it?"
724,9p7m8t,"AITA For yelling at my housemates girlfriend because she chopped up a live fish from our fish tank and fed it to the other fish? After a big night out my housemate, his girlfriend (let's call her The Slaughterer) and a few other friends got back to our house to carry on the drinking antics and play some card games. I wasn't that keen to stay up so I took myself upstairs and went to bed.  

About half an hour later, I needed to come down for a glass of water and as I walked in there was a huge commotion. I was soon advised by the other parties that The Slaughterer had scooped out one of the smaller fish and chopped it up WHILE IT WAS STILL ALIVE on **my** chopping board with **my** knife and proceeded to throw the bits of fish in the tank to feed the other fish.  


I freaked out for several reasons:  


- Firstly, because I think it's inhumane; 
- Secondly, because, yuck, that is my personal knife/chopping board (my housemate doesn't cook);
- Thirdly, because no one told her to stop and they all thought it was hilarious.  


Because I was quite drunk - and for that matter so was everyone else - I started yelling at her saying something along the lines of ""*WTF are you doing?! That is f***ing disgusting!*"" etc. This caused us to both start going off at each other, and her defense was ""*It's no different than cutting up salmon on a chopping board*"" (not to mention this is a freshwater tank and was quite murky with algae at the time).   


Most of the friends there at the time think I overreacted (they thought it was funny) and in hindsight I probably could have handled the situation better if I had not raised my voice.  


I just want some other opinions, AITA in this situation?  


**TL;DR:** Housemate's girlfriend chopped ""pet"" fish alive with my chopping board and knife and fed to the other fish, I yelled at her, she got defensive, friends think I overreacted.

**EDIT/UPDATE:** Thanks everyone. Just a bit of background for anyone interested.. This actually happened a couple of months ago but is something that I have pondered over since. 

Housemate and The Slaughterer have actually been in an off-and-on relationship since the incident, and thankfully she hasn't stepped foot in the house while I've been there (rightly so). The fish tank itself is not mine (it's my housemate's 8ft x 2ft x 2ft - so it's huge) but I have purchased several fish to add to it and also contribute to the maintenance i.e. cleaning, feeding etc. The fish in question was not my fish, but that's beside the point in my opinion. I rent the room off my housemate so I think my main concern was I had no right to yell at his girlfriend in his house and everyone said I went pretty mental and OTT. 

I can now rest assured knowing I was completely in the right to lose my sh*t.","AITA for chopping up a live fish from my boyfriend's fish tank to feed the other fish while drunk, and defending myself when his housemate started yelling at me about it? After a big night of drinking with my boyfriend, his housemate, and some other friends, we got back to the house to keep the fun going. While we were playing card games, I noticed the fish tank, which looked murky and full of algae. Since I know that fish sometimes eat other fish and it didn’t seem like a big deal to me, I decided to scoop out one of the smaller fish, chop it up, and feed it to the others.  

I used the housemate’s chopping board and knife, which I didn’t think was an issue because people chop up all sorts of animals for food all the time, like salmon or chicken. It’s not that different, right? Everyone found it funny, and no one told me to stop at the time. But when the housemate came downstairs, he freaked out completely and started yelling at me. He called me disgusting and his reaction seemed totally over the top considering the context.  

We started arguing, and I told him it was just like cutting up salmon on a chopping board. But he didn’t seem to listen and raised his voice even more. Most of the friends there agreed that he overreacted, even if he was drunk. I know he was upset about the chopping board and knife being his, but isn’t it just a tool? It seemed unnecessary for him to lose his temper like that, especially since the fish wasn’t even his.  

He’s still been holding on to this moment, but I don’t understand why it’s such a big deal. AITA for doing what I did and defending my actions when he yelled at me?"
306,9ya4yu,"AITA for not going to my sister's house for Thanksgiving & possibly Christmas too? A little back story. I am 38f and all my life my mother and I have clashed.  She is narcissistic and toxic. It's always about her. She takes any situation and makes it about her.   I moved out when I was 16 and I've done well for myself ever since.  I have an older sister who is bi-polar and worse than my mother (havent spoken in 5 years)  My little sister tolerates Mom because she is the only parent we have left. Dad passed 1.5 years ago. Little sister and I get along pretty well. I'm close with her kids.

My mom is a leech. Always trying to play on peoples emotions and anything she can get for free, she does. Uses guilt, blackmail, what I call ""Fake nice"" to get what she wants. In other words, if you dont believe the way she does or act the way she wants you to, you are wrong. She takes and takes and takes...and its exhausting. To the outside world she is a good Christian lady, former nurse and all around nice person. This is the furthest from the truth.

Since Dad passed I dont have a reason to ""make nice"". The last straw is when she called me and said, ""I took care of your Dad for years, I dont want his cat. Come get it or I'm taking it to the pound. Today"" I told her I needed time to fined a home. (I cant have her-my cat HATES other cats) Thank goodness my friend from out of state was visiting and was able to take my Dad's Cat.

I have 2 other women in my life I call Ma or my 2nd Mom. I dont need my bio mom. I dont want to see her. I am not fighting, haven't spoken to her in months. I called my sister and asked if I could work around her plans for Turkey Day. Come early or later to visit her and my niece and nephew. Or even another day. Her plans do not need to be disrupted because I dont want to see Mom.

Was told I was stupid, get over it, its the holidays and I can make nice for a few hours. Dinner is at One. Be there or not. 

I have an offer to got to a friends house, which I think I will do. I will probably go there for Christmas too. (This is my 2nd Mom's family-her daughter has been my best friend for 30 years)

AITA for not ""Making nice"" because its a holiday? I dont want to see my Mom. I dont want to fight. I am simply just...done.
"," From the perspective of the sister in this situation, here's the rewritten query:

My little sister called me recently to talk about Thanksgiving plans. I feel caught in the middle between her and Mom, and it’s exhausting. Ever since Dad passed away 1.5 years ago—which has been hard on all of us—I’ve tried to keep the family together as best as I can. I know our mom isn’t perfect. I also know she can be a lot to deal with, but she’s the only parent we have left. My little sister has always been more open about her dislike for Mom, and I try to tolerate Mom’s quirks for the sake of family. 

When my little sister called, she told me she didn’t want to come for dinner if Mom was going to be there. She’d rather come over earlier or later just to avoid her, or even another day. To me, that seemed unreasonable. It’s the holidays, and the family is supposed to be together. Honestly, I told her to get over it—it’s just a few hours with Mom. I said dinner is at one, and she’s welcome to come if she wants, but I wasn’t going to rearrange everything for her issues with Mom. 

Now, she’s saying she’ll spend both Thanksgiving and Christmas with other people instead of our family. She says she doesn’t want to fight, but it feels like she’s abandoning us. I think it’s unfair to ask me to accommodate her when the holidays are about togetherness. 

AITA for expecting my sister to set aside her issues with Mom for a family holiday?"
1334,cqe9rf,"AITA for being upset that my husband lied about taking important meds? Throwaway because we're both Redditors. My husband (31m) and I (27f) have been married for a little over a year, been together for about 4. I wanna start off by saying that we are also best friends and haven't really had an issue like this before.   

   My husband, who we'll call Allen, is on the autistic spectrum and struggles with his emotions and with negative thoughts. He's been on a medication for the last couple of years that helps him look at issues more objectively and without as much clouding, but I noticed lately he has been getting more distressed at things I consider minor inconveniences. Whenever I notice these behavioral shifts, I ask him if he is okay and if he took his meds he always says yes of course and that he is just having a bad day. He has never lied to me before that I know of and I usually feel I can trust him.   

  It all kind of came to a head this morning when we were getting ready for work and he was getting super frustrated over a small leak under the bathroom sink. I decided to ask him flat-out if he had taken his meds that morning, and he said no and shuffled around in the drawer for them and pulled them out of a tiny travel bag I know he doesn't use daily. I asked him if he had been taking them consistently and he finally admitted he hadn't because he doesn't like them and doesn't want to and he has the right not to. 

     I got really upset over it and definitely cried a little bit (I'm a crybaby, I'll admit it), partially because I feel he lied to me repeatedly for weeks and primarily because I feel like he is sabotaging his mental health. He sees it as his right to not take them if he doesn't want to and that I am the asshole for being so upset over a decision he feels is his alone to make. I can definitely understand his want for freedom, but I feel like this affects us both. Reddit, AITA?

TL;DR - Husband has been lying about taking important meds. I'm mad and he's mad that I'm mad. ","Am I wrong for deciding to stop taking my medication and being upset when my wife got mad at me for it? My wife (27f) and I (31m) have been married for a little over a year and together for about four. We are also best friends and haven’t had many major issues before this.  

I am on the autism spectrum and have been taking medication for the last couple of years to help manage my emotions and intrusive thoughts. However, over time, I’ve realized I don’t like how the medication makes me feel, and I decided I wanted to stop taking it. I care about my mental health, but I also feel it is my right to make decisions about my body and what I put into it.  

When my wife would ask if I had taken my meds, I told her I had because I didn’t want to get into an argument. I didn’t feel ready to explain my decision, and I don’t like feeling pressured about things like this. However, things came to a head this morning when she pressed me about it after I got frustrated over a small leak under the sink. I admitted I hadn’t been taking them and explained I don’t like them and don’t want to take them anymore. I also told her that I feel strongly this is my choice to make.  

She got really upset and even cried, saying I had lied to her and that I’m sabotaging my mental health, which she believes affects both of us. I understand why she’s upset, but I feel like she isn’t respecting my autonomy or my feelings about the meds. She thinks I’m wrong for stopping without discussing it with her, but I think she’s wrong for getting so mad about a decision that’s ultimately mine. Am I the bad guy here?"
741,an3wy0,"AITA for telling off a girl who canceled plans because she was too nervous? Please read before you rip me apart.

I met this girl who seemed nice enough. I asked her out to dinner and she declined but we still saw eachother at functions. I understand if someone is not interested in me and I never hold it against anybody.


About 4-5 months ago this girl randomly messages me out of the blue and asks me if I want to go have dinner with her. I say that sounds great and we make a time and a place. The day of the date, she says that she can't make it and I say ""ok no problem"".

3 more times the same exact thing happened. Out of the blue, she messages me and either asks to go out to dinner, or offers to come to my house to make dinner. And each of the 3 times, she cancels the day of. After the 4th time she cancels on me, I send her a super polite text saying that I really value my time and that I don't appreciate her treating my time like she can waste it. She appologizes profusely and says that she has alot of issues especially with forming any kind of relationship and has anxiety. I understand and say ""its no worries"" and just leave it at that.


Last week I get a phone call from her and she asks me if she can come to my house and make my dinner. I say no problem sounds good. The day of the dinner, I text her asking her if shes still coming and she tells me that she dosnt feel comfortable going to my house by herself (keep in mind, she is the one who keeps initiating all of this). I say ""np, we can go get dinner or go out for a beer"" and she says that shes feeling introverted and just wanted to stay home.

At this point I am pretty fucking fed up. I am a very busy person and... on one hand, I can understand her feelings and have respect. On the other hand she is treating me like a monkey who can dance whenever she wants and thats not the case.

So I pretty much told her that I was insulted that she keeps doing this, and if she has that big of a problem with her anxiety and past experiences then she simply shouldnt make plans with me. 

Should I be more understanding and try my best to work her through her problems, or is it wrong for me to feel upset and take it personally? The way I look at it, is that if this girl who has met me more than 15 times has that big of a problem meeting me in public for a beer that she has to cancel plans she makes on 5 different occasions...then thats not the type of person I'd want to date anyway. 


I know I shouldnt take it personally, but for her to initiate it that many times and cancel that many times it just makes me upset.

"," AITA for constantly initiating plans with someone, canceling last minute due to my anxiety, and then getting upset when they told me off?

I met this guy a while ago, and we would often see each other at events. He seemed nice, and though he initially asked me out and I declined, we stayed friendly. A few months later, I felt comfortable enough to reach out to him and ask him to grab dinner. But when the day came, I was too anxious and canceled. He was understanding, which was a relief.

A pattern started, though—I would get these bursts of confidence and ask him to hang out, either to get dinner or to come to his house so I could cook. But every time, when the day arrived, my anxiety would get the better of me, and I would cancel at the last minute. This happened four times. After the fourth time, he sent me a polite message saying he felt like his time was being wasted and didn’t appreciate it. It made me feel horrible. I apologized, explained my anxiety, and told him I have a hard time forming relationships. He seemed to understand and let it go.

Recently, I felt comfortable again and called to ask if I could come over to his house and make dinner for him. He agreed. But the day of, I got scared again. I told him I didn’t feel comfortable coming to his place alone, and he suggested we meet in public instead for dinner or a beer. Even then, my anxiety was too overwhelming, and I said I wanted to stay home.

After that, he got upset. He told me it was insulting that I kept canceling plans I initiated and that if I couldn’t handle making plans with him, I shouldn’t make them at all. He said that as much as he understands anxiety, this has happened too many times, and he didn’t think someone like me would be a good fit for what he wanted in a relationship. 

Am I wrong for feeling hurt and upset that he got frustrated, even though I genuinely can’t help my anxiety? Should he have been more understanding of what I’m going through?"
1498,el8rza,"AITA for putting a “please pick up your dog poop, you’re on camera” sign in my front yard? They ripped the sign up I have no idea whose dog has been doing this, if it’s a loose dog from someone’s house in the neighborhood (which is gated), or if it’s someone walking their dog and letting it poop on my lawn. The poop isn’t from a tiny dog either, the poop is almost human sized or bigger, it’s from a massive dog. It’s happened at least 10 times and the other day I stepped in it and tracked it into my garage. The poop completely ruined my sandals, I had to throw them away. To make matters worse, I have two small dogs who are a month behind on their vaccines (although I have a vet appointment coming up) and I don’t want them to get a disease from the dog poop, I’m just so sick of having dog poop in my yard. It’s not near the curb either, it’s almost always against my front window or front door. I wrote a sign (the title of this post, even though I don’t have a camera) and a few hours later when I came home, the paper was ripped up. I thought maybe an animal destroyed the paper, but now I’m second guessing if someone did it? Also the other day, a bunch of feathers were all over my yard. I don’t know if it was from an actual dead bird, or if it was craft feathers or not, but I’m really started to get upset. Maybe the sign was passive aggressive of me, but I’m sick of this. Was I the asshole for writing the sign? There was a massive pile of poop there again today.","Am I in the wrong for being upset about a passive-aggressive sign my neighbor put up and tearing it down? From my perspective, I walk my (large) dog daily and allow it to poop in a yard that seems convenient for cleanup afterward. Alternatively, I’ve been struggling to keep my dog contained, have no comments on incidentals ...opening thoughts? <balancing>null"
1237,biyqpr,"AITA For Asking My Brother Not To Bring His Girlfriend Long lead up, so in advance I'm sorry.  I've been dating my girlfriend at university now for about six months. In the time we've been together, anytime we go to a party where she sees people from high school she gets visibly uncomfortable and shrinks into herself. She's usually such a smiley person, and it's disconcerting to see her get so somber. I've asked her before what was wrong, but she would always brush it off and say it wasn't worth dwelling on. Recently, she finally told me the story.

About half-way into her senior year, all of her close friends stopped talking to her. A full stop, they wouldn't sit with her in class or at lunch, wouldn't return any calls or texts, they all out ignored her. She was basically cut off from everyone she knew and went through a severe period of depression for several months. She ended up not going to graduation or prom, she stopped eating and almost exclusively hung out with some twenty-one-year-old college guy she was seeing at the time. She apparently didn't really get any friends again or talk to anyone aside from her parents until the second semester, because she couldn't bring herself to reach out to anyone.

Anyways, fast forward to her third year of school, and she saw one of the girls that have stopped talking to her at our university library. This girl explained more or less what happened in an attempt to apologize to my girlfriend. Apparently one of the girls in this close-knit group, Jenna, told the group that my girlfriend had verbally assaulted her, called her a horrible slut and threatened to physical harm to her. Jenna then gave them an ultimatum, saying that either she would leave the group and never talk to them again or they could stop talking to my girlfriend. 

Apparently, Jenna started doing this sort of thing a lot once they got to university, asking them not to hang out with people because they'd threatened her, intentionally damaging their relationships with roommates and friends, etc. Resulting in everyone realizing how manipulative she is. 

Now, this past week I went back home to see my parents and talk to them about an upcoming trip we have planned together (My girlfriend, brother and parents) When I got back home, I found out that my brother had come back the same weekend to introduce his new girlfriend to our mom and dad. You probably guessed by now who it is, none other than Jenna. He was introducing her to my parents so that he could ask if she could come on the trip with us. Now the long-awaited question: Am I an asshole for asking my brother not to bring this chick? I know my girlfriend would never ask me to do this, but Jenna tormented her, and I know that if Jenna goes then my girlfriend will be miserable the whole time.  My brother acted like I'd asked him to cut off his own arm, and started talking about how if anyone shouldn't go on the trip it should be my girlfriend because she's ""the one with the problem."""," My boyfriend has been dating his girlfriend from university for about six months. He claims that whenever she sees people from high school, she gets uncomfortable and withdrawn, but honestly, that’s her own issue. Recently, I found out that her big high school trauma involves my girlfriend, Jenna. According to what my brother told me, Jenna gave an ultimatum to her high school friend group, which resulted in them cutting his girlfriend off after some alleged drama. 

Fast forward to now, I'm really happy with Jenna. We’ve been together for some time, and I decided to introduce her to my parents because I see a future with her. I asked them if she could come with us on a planned family trip. However, my brother immediately asked me not to bring her simply because of this high school grudge situation related to his girlfriend. He said his girlfriend would be miserable if Jenna came because of their past. I pointed out that it’s not fair to exclude Jenna, especially since his girlfriend is ""the one with the problem,"" but he acted like I was doing something horribly wrong just for wanting my girlfriend to be included.

Am I wrong for wanting my girlfriend to join the family trip despite my brother’s girlfriend’s issues?"
1284,ddo703,"WIBTA for telling a couple with 4 kids to find seating in a different section of the train? More info: Currently on an intercity train and sitting in the ""Quiet zone"", this is clearly stated on the door to the section in many languages. A (kind of young) couple with four kids must have missed this and proceeded to sit down anyway.

Long story short, two of the kids are screaming / yelling / crying pretty much non stop. I'd say they are aged from 2-8.

Nobody has said anything, but a few looks were exchanged among passengers.

I think many people are slightly (or more than slightly) annoyed, because the quiet zone exists for a reason and there are empty seats in other parts of the train."," We were likely unaware of the specific rules of this train section when we sat down, but our kids are struggling to stay calm—two of them have been crying and yelling almost nonstop. So far, no one has directly complained or asked us to move, though I’ve noticed a few side glances exchanged among passengers. There are empty seats in other parts of the train, but relocating everyone can be difficult, and managing four kids isn't easy in the midst of intercity travel. Should I have taken more care to avoid inconveniencing the other passengers?"
413,d9xgin,"AITA for not wanting to see an old childhood ""friend"" So this person was my friend in elementary school and we lived in the same townhous complex.  He moved away when we were in the 4th grade and I rarely spoke to him after. Fast forward 9-10 years I'm 18 now and life has been great.  

So essentially he pops up out of no where in the same neighborhood we used to live in.  I still live here and he wants to see me.  I already made plans that day so I wasn't really in the mood to go but I did anyways. 

So I see him and he  gives me a hug kinda and says how much he missed me.  Which coming from a guy made me feel uncomfortable just because I don't say ""I miss you or I missed you"" .  I quickly get over that and invite to see my parents out of kindness.  So I just spend time with him catching up by walking around the block and talking which was the first thing that offset me.  

1. He used the n-word..I'm black, he's not.  Pretty straight forward. Some black ppl are cool with it.  I'm not one of them.  Dumb to assume everyone is.
2. Asked if my gf was ""proper"".  I don't like being questioned about who I'm in a relationship with by anyone apart from my family

So I go to my originally planned day and leave him and I don't really have intentions of speaking with him. I have him my socials out of kindness and not upsetting him. ( This was before he said all the wierd stuff).  

He returns a week later and we're playing basketball.  We play 1v1.  Just out of kindness again. Not wanting to hurt his feelings. I train for basketball so I'm relatively good. I'm just taking jumpshots and making them btw because it's 30 degrees out and I don't want to sweat profusely.  I guess he started trash talking and started calling me a p***y and a f****t for always shooting.  I'm generally cool with ppl talking trash, but it wasn't really about the game he was really just insulting me.  I just didn't want that at the time but I let it slide. He kept asking to hang out but I kept putting it off saying I'm busy.

He really holds on to our childhood and thinks that I'm that same kid but I'm not anymore. I'm more reclusive and I enjoy my alone time more.  He even makes false events in his head that certainly didn't happen when we were kids.  I'm sure he's nice but I don't see it to hang out with him.  I'm not holding grudges but I just don't want to.","AITA for reaching out to my old childhood friend and trying to reconnect, even if it seems like they don't want to see me?

I used to be really close to this person when we were kids in elementary school. We lived in the same townhouse complex, and I remember us always hanging out and having fun together. Unfortunately, I moved away in the 4th grade, and since then, we hadn't talked much. Over the years, I’ve really missed the bond we had, and I’ve held on to memories of our friendship.

Recently, I moved back to the old neighborhood and thought it would be great to reconnect with them after all these years. I reached out and asked to see them. They seemed reluctant at first and mentioned they already had plans that day, but they agreed to meet me anyway. When we first saw each other, I was excited and gave them a hug and told them how much I missed them, but they didn’t really seem comfortable with it. I just wanted them to know how much I valued our childhood friendship.

We caught up a bit while walking around the neighborhood, but it felt kind of awkward. At one point, I said a word that I now realize may have been a mistake. I thought it was fine, as many people I know are okay with it, but I didn't consider that not everyone would feel the same way. I also asked them a question about their girlfriend, maybe wording it in a way that was a little nosy—but I was just curious. Ultimately, they seemed distant, and left to go back to their planned day, saying they didn't really have time to hang out more. 

Later, I came by again, and we played basketball together. I thought playing one-on-one like old times could help us reconnect. I admit, I got caught up in the competitive banter and said some things I shouldn’t have. I was just trying to get in the spirit of trash talk, but maybe I went too far without realizing it. Since then, I’ve been trying to make plans to spend more time together, but they keep saying they’re busy. 

I cherish the friendship we had when we were kids and just want to reconnect, but it seems like they’ve changed a lot and maybe don’t want that anymore. It hurts because I’ve really been looking forward to being friends again, and I don’t think I’ve done anything unforgivable.

Am I in the wrong for trying to rekindle this friendship, even if it seems like they're not interested in being close anymore?"
792,cb0z08,"WIBTAH for refusing to move out I live in an area where accommodation/flat shares are hard to come by. I had planned to be going away in August to do field work. My flat would then be vacant. It was brought up that the employee of a friend of my landlady needed housing. She asked so I offered that he stay with me for a few weeks and then he wanted to take over my lease when I left.  we'll call him John. John arrived last week, moved in and began work. But i've been sick. Very sick, they still don't know what wrong but I need tonnes of medications and a lot more testing. I told my land lady I was ill last month and that I might be staying in the area. Then I informed my landlady that I wanted to stay on and retain my lease 20 days in advance of when I said I would be leaving. She seems to think it's up to John  to decide if he wants to keep me as a flatmate as I did say I was planning to move out (he doesn't, I've talked about it with him and he wants his buddy to move in). I'll also add that the lease is still in my name, I am 100% legally allowed to stay on, so there's no issue, I will suffer no legal ramification for refusing to vacate. I'm also quite pissed than I invite John into my home because he had nowhere to live and then he wants to oust me from my flat, it seems rude. That aside, I have offered to share my flat with him cause I know housing is hard to come by this time of year, and this seems the only fair option. However, John is dead set on sharing with his friend ( who will have no where to live) and has told me I need to move out (which he can't legally do). I know i'm legally in the right, but am I the asshole for telling him and my landlady I'm not moving out since my plans changed due to being sick?

Edit: I didn't know John's buddy existed and planned on living in the flat till John was moving in. I offered john housing, and i'm still offering him housing. He was the one to go and invite his friend to move in. I would have advised him not to if i had known due to me being ill. so...while i'm sorry about his friend not having a place to live, i have no accountability for that one. I was told it was just one bloke.Edit 2: John has no sublet, i'm not subletting at all. He is staying here because my landlady asked me, there's no legal agreement that allows him to sublet.","Would I be the asshole for insisting that the current tenant moves out as planned, despite their change in circumstances? From my perspective, the tenant originally stated they would vacate the flat in August, and I moved in under the assumption that I could take over the lease. I even invited a close friend to live with me afterward, expecting the property to be fully mine by then. Now, the tenant—who appears to be dealing with a serious illness—has changed their plans and decided to stay, offering to share the flat instead. While I understand they legally have the right to remain and I sympathize with their situation, sharing the flat doesn’t work for me, and my friend would be left without housing. Am I being unreasonable for expecting the tenant to stick to their original plan and vacate the flat?"
1018,dgyn7a,"WIBTA if I tell people I don't believe in god? I had an interaction in the workplace yesterday with someone where she said ""I believe god just made men and women different and women need all the help they can get to be safe, and men don't need extra help."" I find comments like this uncomfortable when people say something as fact because ""god just made it that way."" in reality it's just an opinion. I wish I had said with a smile, ""oh, I don't believe in god."" I'd like to not always be the uncomfortable one,and maybe then they'd realize how it's not really appropriate to say something like that to a stranger. I don't mind people I know who are religious saying things like they'll pray for me or whatnot, because we know each other and we have mutual respect for each other's beliefs. But will I be the asshole if I express my nonbelief in situations like the one I experienced yesterday?","Would I be wrong for expressing my belief in God and my opinion about gender differences at work? Yesterday, I mentioned to someone that ""I believe God just made men and women different and women need all the help they can get to be safe, and men don't need extra help."" I shared this because it's something I believe strongly, and I didn't mean for it to make anyone uncomfortable. I wasn’t trying to offend, just sharing a perspective I see as truth. If someone were to respond by saying, “Oh, I don’t believe in God,” would I be in the wrong for originally introducing my beliefs into the conversation? Would that make me inconsiderate for bringing up the topic in the first place?"
1438,aisfk7,"AITA for being upset with my friends who mock me for being wealthy? My parents are both very wealthy. I'm talking lake house, horses, entire college career paid for wealthy. When people meet me, it's clear I'm fairly well off, but most people have no way knowing the extent of it.

When my friends find out, I suddenly become the rich friend. I never volunteer the information because I'm suddenly treated differently. They start calling me the boujie one. When I don't like something, they say ""it must not be good enough for you"". 

I've always struggled with this, because obviously it feels backwards to be upset about being wealthy, but it really makes me feel ostracized. I've spoken with them about it and their responses have been along the lines of ""rich people deserve to get poked fun at"" and that i'm being too sensitive. 

Am I the asshole here?","Do I have a point for feeling like my rich friend is being too sensitive when we joke about their wealth? My friend comes from a very wealthy background—like lake houses, horses, and no worries about college tuition kind of wealthy. It’s honestly a huge contrast to where most of us grew up, so when we found out the extent of it, it became a bit of a running joke. We call them the boujie one, tease them when they don’t like something, and say stuff like ""it must not be good enough for you.""

They’ve told us before that it makes them feel ostracized, but honestly, I don’t think it’s that serious. I mean, rich people already have so much, and it feels like they can take a joke here and there since they live in so much privilege. So, yeah, I’ve told them they’re being too sensitive about it. Am I wrong for thinking this way?"
1058,dxjwav,"Aita for moving dishes So I live at home, my house is currently being built.

My family is messy, just unbelievably messy. The kind of people who will use every pot and pan, plate knife and fork before cleaning anything.

Anyway I needed a bowl and literally every bowl is dirty and the sink is so full of dishes I couldn't wash it (I use to wash all the dishes, not just my own) I didn't want to wash everyone else's dishes again so I just put them all in a tub so I could wash a bowl.

Anyway like 40 minutes later my dad threw a tantrum, called me a smart arse and did some dishes angry. He mostly just took them out of the tub and out them back in the sink.

Am I the arsehole here?","Is it wrong for me to have gotten upset and thrown a tantrum after they moved all the dishes into a tub without explicitly addressing the mess or talking to me first, even though I might've felt frustrated about their action and the state of the kitchen?"
812,cs9r69,"AITA for not eating/throwing out a dessert I messed up? So (normally) I’m a really good baker. My family often commissions me to bake for family events etc. It’s also relaxing to me and I enjoy it. I just finished final exams so decided to make a treat to celebrate and decided on lemon bars. 

After baking them and them looking okay but not totally normal, I realized I forgot to put the sugar in the filling :/ my mom tasted one and she said well they’re quite tart, I can definitely tell you left out the sugar. I was like oh crap and went to throw them out and she got mad at me for wasting food and not eating any.  Which I definitely hate to do, I HATE food waste too, and it sucks, but I forgot the sugar? Yes it’s my mistake but a pretty bad and obvious one. Why should I/we force ourselves to eat something that’s really not that good when I realized what the problem is? 

AITA or is my mom overreacting/being unreasonable.

EDIT to say we’re not poor or anything so the money isn’t really the issue for us/my mom.","Am I wrong for getting upset that my child wanted to throw out the lemon bars they baked without sugar? From my perspective, I try to instill values like avoiding food waste, especially when food is perfectly edible (even if not ideal). They’ve baked before and made some great desserts, and while this attempt didn’t turn out as expected, I don’t see why the whole batch had to be discarded instead of at least trying to eat it or coming up with a creative way to salvage it. Yes, it wasn’t perfect, but mistakes happen, and I thought they could still make the best of it. Am I being unreasonable, or could they have tried harder to avoid wasting food?"
743,aed3e9,"AITA for secluding myself from my friend  Ok so, I have a “friend” whom I’ve known for about two years . We met at work and we then started to hang out , she would open up to me because me being a good friend , I would always listen to her . I’d stop what I was doing, answer her phone calls . I was always pretty much there for her.. if she didn’t want to be at home , I’d take her out and I always paid. It didn’t bother me , as long as she was happy that’s all I cared about . If she didn’t have gas money , I’d give her some ,that way she can get to and from work.  I never asked for her to pay me back at all. Also , when I wanted to vent about something , she was never there.. fast forward a bit, she has a different job with better pay , and not once has she invited me out to do anything.  I started to realize that she wasn’t a friend , she was just using me .. so I don’t reply to her messages anymore or calls.  I mean is that ok, if I just ignore her ??"," I had a friend I’d been close to for about two years. We met at work and started hanging out a lot. I confided in her because she always made me feel like she was there for me—always picking up my calls, listening when I needed to vent, even helping me out a lot financially. She’d take me out if I didn’t want to stay home, pay for things, and give me gas money. At the time, I didn’t think about repaying her; I just appreciated her support and companionship. Sure, I might not have been as good at being there for her when she needed to vent, but that’s just how I am—it’s hard for me to process emotions that way.  

Eventually, I got a new job with better pay, and I got busy with my own life. I wasn’t intentionally ignoring her—I was just adjusting to changes and didn’t realize she might feel left out or overlooked. Suddenly, she stopped replying to my texts and calls altogether, without telling me why. It feels like she’s cut me off now, even though I didn’t intend to hurt her.  

AITA for unintentionally distancing myself and not realizing how my actions might have made her feel?"
813,cpw153,"AITA for not wanting to deal with my STBXW brother's cat. TLDR - Brother in law dropped of his cat last July. Found my wife having an emotional affair in Sept, she moved out in August. In moving on with my life I now have a dog which stresses out the cat so he is shitting/pissing everywhere but the litter box. Gave her the ultimatum of figure out where the cat can go by Sept 1st or off to the animal shelter he goes.

Long version, Back in July of last year my Brother in Law brings over his declawed main coon that has digestive issues (He eats then occasionally pukes it up undigested). His girlfriend that he was moving in with did not want the cat around, so its now our problem. Its fine I like animals no big deal.

In July the wife reignited an emotional affair after we went to counseling, I found out in September. She moved out with our daughter (Disabled 19 year old) in October. Leaving me with our son and two cats.

Time moves on and I after much therapy i was able to move on. In April I had someone that needed a place to stay move in with a 5 month old German Shepard. (I love dogs, and cats, but prefer dogs)

Cats got the basement with the boy, finished plenty of room etc... Son's bedroom is downstairs along with his own living room. Son is 16 almost 17 and is a homebody. I took the time to slowly introduce things and one of the cats could care less about the dog. The maine coon wants 100% nothing to do with the dog at all, can't even be in the same room without arching his back up. hissing, growling, etc.. The dog just wags her tail and wants to sniff and play.

In the last 3 months he is now shitting on bedding, shitting on the carpet, the furniture, everywhere but the litter box. (I had two litter boxes down there, have added a third this morning after finding a fabric cat play thing with a wonderful 3 piles of poop).

I am going crazy, here. He is not my cat he was dropped off by someone that picked the girlfriend over his cat he had for 6 years from a kitten. I have tried numerous types of food, consulted a vet, and now spending around $40 a week because of his diet. (Found something that he only pukes up about every 3 days.) I feed both cats the same food as he will open cupboards and eat through the bag if dry cat food is anywhere around.

The stbxw has offered to take him to the vet yet again but she has yet to stop over and even try in the last 2 months. I would take him but after being made to spend almost 3k on a lawyer for a divorce that she wanted. Yes I am kinda bitter about it. (She does not have a lawyer and leaving all the paperwork up to me, I also helped her find the apartment)

He is a nice cat, very sweet and loving, but he is stressed out and its not fair to him or to me. I cannot stand driving home and thinking I wonder where I will find the nice pile of shit today.

Am I the asshole for not just dealing with my stbxw brothers cat and just adopting him as my own cat?"," AITA for leaving my former brother-in-law’s cat in a stressful situation and not prioritizing finding a solution myself?  

TLDR - My ex dropped off my cat with the person I moved away from during our separation. I haven’t visited to help manage the cat’s behavior issues, even though I know the addition of a dog in the house is stressing the cat out and causing him to act out. I’ve offered to take him to the vet, but I haven’t followed through. Now, the person’s given me a deadline to figure out where the cat can go, or he’ll be taken to an animal shelter.

Long version: Last year, I left my six-year-old Maine Coon cat with my ex and their family because my new partner didn’t want my cat in the house. The cat has some challenges—digestive issues that cause occasional vomiting and stress-related behaviors. While my ex agreed to take him in, the stress on the cat clearly increased when they later introduced a new dog into the household. Since then, he’s been acting out, defecating and urinating outside the litter box. I know this has been incredibly frustrating for my ex, who has tried to accommodate the cat by consulting a vet, adjusting his diet, and even adding extra litter boxes.  

I’ve let them know I’m willing to take the cat to a vet again, but I haven’t been proactive. I’ve also been largely absent in this situation, as my focus has been on separating from my ex, moving into a new place, and adapting to changes in my life. I know it’s stressful and not fair to either my cat or my ex. Am I the asshole for expecting my ex to just continue dealing with a pet I essentially abandoned to them?"
1360,er3q9v,"AITA for saying I would never join a frat My friend who I’ve known since sophomore year of high school has been in a fraternity since our fist semester of college (we are sophomores now) and yesterday he tried to get me to “pledge” and join his frat. I politely declined and just said I’m too busy. 

He called me out and asked for the real reason, so I told him. I think frats are bad. They promote binge drinking, drug use, and other unhealthy behaviors that I’m not interested in. I made sure to say I know he’s responsible and that I have nothing against frats or sororities, but I would never join one. He took offense and left my apartment after. Today he texted me saying that it was rude for me to insult his “brothers” like that. 

AITA?","Was I wrong for feeling upset after my longtime friend said he’d never join a fraternity and then listed a bunch of negative stereotypes, implying that those things represent my organization and the people I care about? I had been hoping he might want to be part of something important to me, and when he declined, I asked for honesty, but his response felt like an insult to something I value deeply. Was I overreacting by leaving his apartment and later expressing how hurtful his words were?"
220,celb67,"AITA for not telling my mom that I was going to another state for a (potential) job physical/drug testing Backstory to this: Mom doesn't want me to take this job because it would mean that I would be ""working alongside"" her ex-husband, my biological father, and that if I take this job it would crush her. It's a fed job, and I tried reasoning with her that if I wasn't to get hired anywhere else, doing 2 years at that place and transferring out would be beneficial because of job experience.

Yesterday, I left home under the pretense that I was going to be in another city in my state, and that I wouldn't be home until the next day. Later that night, I got a phone call from her asking me if I was really in that city, or if I was in my father's house. Granted, i lied to her, because I felt considering the backstory to this whole deal, I felt that if I lied, I would be protecting her feelings and this idea that I was betraying her. 

However, like with every lie, they are soon found out. My bluff was quickly called out, to which I was told that I can be expecting to be moved/ forced out of the house and that limited to no contact will be had with her provided I take the job. (Other end of the spectrum is the same thing will happen even if I dont get/take the job).

Reddit, AITA for this?","Am I in the wrong for reacting strongly to my child lying to me about going to another state for a job-related drug test, especially considering the job involves working alongside someone who deeply hurt me in the past? From my perspective, I was transparent about how much it would emotionally affect me to see my child associating with my ex-husband, their biological father, through this job—even explaining how it would crush me. Despite this, they lied to me about their whereabouts, creating a situation where I felt betrayed and hurt. I reacted by expressing the consequences of their actions and my feelings about the relationship moving forward. So, am I wrong for setting boundaries in response to this situation?"
898,bsv03c,"WIBTA if I sit in the bathroom for the whole day? The title is off but let me explain a crap ton of information to you.

My sister takes upwards of 3 hours in the bathroom when showering and just using it like a normal human being. I can hear her iPod through the door and laughing so I know she's not using it but just sitting there.

My parents have told her multiple times to stop taking so long because it's our aunt's bathroom, not ours. Even though it's our aunt's bathroom she has the audacity to yell at her saying ""IM GOING!"" like she's annoyed at her for wanting to use her own restroom.

I can't tell you how many times It's been 12 am and me having a full bladder going to my parent's bathroom inside their room and waking them up with the old ass door we have. I understand we got shitty bathroom locations but Jesus Christ my parents need sleep. Let's say it's 2 am she finally leaves the bathroom, I've been holding my piss in for 2 hours and I'm greeted to the smell of a fish market. I know exactly why and it's because she doesn't flush or wipe her waste till after she's decided she's had enough time in there or when my aunt wants to get in.

Today made me think of this horrible plan. I just got my braces done and it took me like maybe 10 minutes to clean my whole teeth, she kept coming back and forth trying to get me to come out but I just told her to use the other one since that's what she tells me. When I came out and told her she could have used the other one she gave me the dirtiest look I have ever seen, and to be honest it pissed me off way more than it should of.

I want to take as much time as possible in the bathroom to make sure that she learns a lesson. I know as a girl she has personal hygiene and stuff but whenever I ask nicely to get her to come out she yells at me, the same thing with my aunt.

&#x200B;

I wanted to be the bigger person but I can't anymore, I need something to be done. Does she have a bathroom problem that maybe I don't know about and I should respect that and let her take the time she needs? I know the format is shitty and my braces are killing me so I can't bother to remember my 6th-grade language arts class right now.

&#x200B;

update - 6/2/2019 Not much to update on, she still takes long as hell but I've been able to use the other bathroom in my parent's room with no problem. I'm not sure what to do at this point, right now I just want answers as to why she decides to take so long in the bathroom.","Would I, the sister, be in the wrong for taking so long in the bathroom? I spend a lot of time in there because it's sort of my space where I can relax and enjoy some privacy, away from everything else going on. The bathroom feels like a sanctuary where I can scroll through my iPod, laugh, and unwind without interruptions. 

Sometimes, people knock on the door or ask me to come out, and it frustrates me because I feel like I’m being rushed. I understand it’s technically my aunt’s bathroom, but I still feel entitled to use it without constant nagging, especially when I need my personal time. There’s another bathroom that others can use—even if it’s inconvenient sometimes—so I believe I should be allowed to do what I need without feeling guilty.

Am I wrong for wanting that personal space and time in the bathroom, even if it means inconveniencing others a little bit?"
1205,dbhs1d,"AITA for not changing my tattoo based on my childs pronouns? Throwaway for obvious reasons. Basically I [M42] got tattoos of the names of all 3 of my children. I got them going down my arm and they read from top to bottom (not actual names) ""Andy, Sara, Kate"". I had these tattoos all done at once after Kate was born knowing she would be my last. My oldest child Andy[T22] came out as trans and has decided she only goes by female pronouns now. My wife[F41] immediately supported her and made sure that I would too without any arguement or else she would divorce me. It was a huge family issue for a while but eventually it was solved and everything has been good for the last little while. I'm slowly learning more and trying to accept my daughter and her new pronouns and her name change to Athena. 

The problem arose yesterday when my wife and Athena sat down with me and told me there was an issue. The tattoo going down my arm still reads ""Andy"" and not ""Athena"" and my wife claims this is hurting our daughter and putting a strain on our relationship. My wife told me she wants me to get it touched up to correct it but I explained to her tattoos  don't work like that and you can't just change ""Andy"" to ""Athena"". I told her I would most likely need laser tattoo removal surgery and then would need to pay the cost of a brand new tattoo which I can not afford either of. I explained how my tattoo is such a non issue that I don't understand why this needs to be brought up now. Athena yelled at me and called me a shitty father and said if I don't support who she is, I just need to leave her life. My wife threatened to go stay with her parents with the kids if I don't ""get my act together"". I personally don't see the reason to change the tattoo and this feels like a bigger problem then it should be.

So im basically wondering if im the asshole in this situation.","  

My dad [M42] has a tattoo on his arm with the names of me and my siblings. When I [T22] came out as trans, changed my name to Athena, and started using she/her pronouns, my mom [F41] immediately supported me and insisted my dad do the same. It was hard at first, but over time, things got better, and I thought he was making progress.  

However, there's one thing that still hurts: his tattoo. It still says ""Andy,"" my deadname. Every time I see it, it's like a reminder that my dad doesn't fully see or accept me as Athena. My mom and I sat down with him yesterday to talk about it, but he told us he couldn't change it because tattoos don’t work like that and getting it removed or replaced would be too expensive. He also said it wasn’t a big deal and that I was bringing up something irrelevant.  

I tried to explain why it mattered so much to me, but he got defensive. I got upset and told him he was being a shitty father and that if he doesn’t accept who I am, I don’t want him in my life. My mom supported me and said if he keeps refusing to ""get his act together,"" she’d take us and go stay with her parents.  

I know money’s tight, but it hurts a lot that he won’t even try to work toward fixing this. Am I wrong for wanting him to remove or change the tattoo?"
184,ddpe8o,"AITA for telling my stepmom to leave ‘the fucking room’ after her phone kept chiming when we were visiting our dying grandma? To keep matters brief I’m going to call my stepmom ‘mom’ because she basically is, but y’all need to know she’s my stepparent for the story. She raised me and I love her and she’s been an amazing mom but she’s emotionally draining in the same way all parents kinda are. 

My step grandma and I are really close. Like, really, really close. We both share personalities, interest, we even look alike, and both have the same physical build etc. Growing up I was so ‘connected’ with her. This caused some tension with her bio grandchildren and kids and over the years they’ve accused her of favoritism, me of ‘twisting’ grandma, etc. 

Grams is very very old and is about to pass away any day now. She has an oxygen tank, a nurse who stays with her at home, and the thing that breaks my heart the most is that her mind is completely as sharp as ever, it’s just her body that’s giving up. 

My mom and grams were never *close*, but since she’s been sick mom has been making a big effort to come see her. Yesterday I was sitting with grandma rambling total crap and mom came in furiously typing. It later transpired the texting was about me ‘usurping’ grams time because I’m always with her, and she was defending me, but in the moment her phone kept. Fucking. Chiming. 

Like every two seconds. And it’s that annoying Samsung jingle so it’s not a quick beep, and it just kept going and going.  I was already feeling pretty emotionally rough so I said ‘mom, put your phone on silent for gods sake’ but she went ‘no I don’t like it on silent’. 2 mins later another cacophony of jingles. Grandma didn’t look happy with the noise at all, she kept wincing because she prefers the quiet so I hissed to my mom ‘get out the fucking room mom if you won’t put your phone on silent’ 

She gave me a hurt look and left, and later on she burst out crying and kept saying that I didn’t need to fight with her in front of grandma. I feel completely shitty but also like she wasn’t respecting that my grandma needs quiet too.","

AITA for being hurt and leaving the room after my stepdaughter hissed at me to ""get out the fucking room"" when I was trying to support her and defend her while we visited her dying grandma?

Here’s the situation. My stepdaughter (who I love dearly and think of as my own) and her grandma (technically her step-grandma, but very close to her) were visiting. Grandma is extremely ill and nearing the end of her life. I know how much she means to my stepdaughter, so I made a big effort to be there, even though I’ve never had a close relationship with grandma myself.

While we were there, I was defending my stepdaughter in a group text against accusations from other family members that she was monopolizing grandma’s time—something I felt was unfair since she and grandma clearly have a special bond. My phone kept chiming with responses, and I know it was annoying (I don’t like keeping my phone on silent, which I also mentioned when it was brought up). But I felt like it was important to stand up for my stepdaughter in real-time, even if it was a bit disruptive.

She snapped at me first to put my phone on silent. I tried to explain why I don’t do that, but just a couple of minutes later, she hissed at me, “get out the fucking room” when it chimed again. In front of grandma, no less. I felt so hurt and put on the spot that I left the room. Afterward, I couldn’t help crying because I felt like I was just trying to help, but it turned into this conflict at a really emotionally charged time.

Am I wrong for feeling hurt and leaving when she confronted me like that?"
162,bbhk20,"AITA for calling in noise complaints So I live in an apartment complex with thin walls. I can hear everything. I normally don’t mind when it’s like normal living sounds like walking or closing a door, but my upstairs neighbors are absolutely obnoxious. 

Every night between 11 pm and 3 am they bang really loudly on their own doors. I have absolutely no clue why they would do that but the sound of a door being banged on is pretty recognizable. I tried to think if it was something else but the sound couldn’t be anything other than an extremely loud knock. 

Every Saturday morning they have a cook out (hot dogs at 8 am? Not sure why but who am I to judge) they do this right outside my window and blast loud music. I never call in a noise complaint on Saturdays because I couldn’t bear the thought of making their family go back into their house and ruin their fun, so I’d just put a pillow over my head and try to sleep. 

Every Sunday now for about three or four weeks they’d start construction on their bathroom which happens to be right above my bedroom. This construction consists of loud power tools and hammering. What time did they start this? Every Sunday at 5:45 AM sharp. By the third Sunday I had had enough, I worked until 1 am the night before and didn’t get to go to bed until around 2:30 because I had some cleaning I needed todo. I called in a noise complaint to the front desk and they were told to not start construction again until a reasonable time for most people to be awake on a Sunday. They interpreted that as 6:15 am! And continued. 

I think they know I called the complaint because when they saw me coming to the elevator a couple days later they quickly closed the door and wouldn’t let me in. They must have been pretty upset. I am only reminded of that because tonight at around 11:40 pm they decided it was a good time to vacuum their whole apartment. 

Now I feel I ruined a relationship with a neighbor

AITA for calling in the noise complaint? Did I ruin a relationship with a neighbor?"," So we live in an apartment complex with thin walls. We honestly think we’re just enjoying our home, but our downstairs neighbor has been persistently complaining. We try to live our lives without causing too much of a fuss, but this neighbor seems to have an issue with the way we do everyday things.

Yes, we sometimes knock loudly on doors at night, but it’s usually because we need to get each other's attention for one reason or another—sometimes people just don’t hear us right away. As for the Saturday morning cookouts, yeah, we do start early, but that’s our tradition and it’s a time for our family to bond. And yes, we play some music, but to us, it’s just a regular part of the fun. It’s not like we’re doing anything malicious—we’re just making the most of our weekends without thinking it would bother anyone too much.

The Sunday renovations? Okay, we can understand how those might be a little loud. But it’s the only time we have to work on improving our home, and we try to get the work done early so it doesn’t disrupt the rest of the day. Plus, isn’t it better to be productive rather than lazy? We adjusted the start time a bit when we were told to be more “reasonable,” but it seems like nothing we do is ever good enough for this neighbor. 

After all that, the noise complaint they filed really bothered us. It’s not like they’ve talked to us directly about it. Instead, they called in the complaint, and now we feel judged—like we’re being treated as the problem neighbors. Since then, we’ve decided to just avoid them as much as possible because we’re afraid of opening ourselves up to more complaints over small, everyday things. 

So, are we really being *that* unreasonable? Did we deserve the noise complaints, or is it unfair of our neighbor to react this way?"
1361,cjfywz,"WIBTA if I started blatantly recording my creepy neighbor when he stares at me? My Fiance' and I bought our house 3 years ago. I'm a paramedic and actually had visited my now-neighbor quite a few times in a professional capacity (that's as specific as I can be). We got along swimmingly and he came across quite nice, although a bit strange. I was warned by my other neighbors to be careful around him, as he can be quite hostile at times. He once called bylaw and forced the old homeowners to pay for snow removal because they shoveled their snow onto his half of the yard. Petty stuff like that. The first ~year went by fine, then the complains started coming in.



- We're too loud (we never have people over past 11). 

- We keep littering cigarette butts into his yard (neither of us or any of our friends smoke).


- Snow fell from my roof and hit his fence, so we better replace the damaged board (it had a small chip, but we replaced it anyways).




- I was being inconsiderate and rude by not checking on them, as they're both elderly and unwell. Apparently because I'm a paramedic I'm the guardian of the neighborhood?







Up until this point we were annoyed but absolutely civil - would always smile and wave, etc. Then about a year ago we had our roof replaced. The roofer texted me around 8pm one night saying he had a cancel and can squeeze us in tomorrow - he agreed and because of this we forgot to give the neighbors notice (not an excuse, entirely my fault). I was at work and I got a call from my fiance' crying. Neighbor stormed over, pounded on the door, barged into the house and started screaming at her. I can't remember the exact details anymore, but he called my mom a bitch (because she was over to pick up my dog and wouldn't entertain his antics), said we're terrible people, screamed about how he's hiring a lawyer because the roofers stepped on one of his plants (would have been happy to replace it if he asked nicely), and even attempted to grab my fiance' after she told him to get out and closed the door in his face.  Called the cops, they didn't really do much.




Fast forward a year and here we are. We haven't spoken to them since then. We both do our best to ignore them, however the one neighbor **blatantly** stares at us. Out front? Standing in his door staring. Shoveling the driveway? Watches us the whole time. My friends and family have picked up on it too - he does it whenever anyone comes over. Just last weekend we had ~8 people in our backyard around 9pm for a late-night BBQ. The creep stood on his deck and kept intermittently poking his head over to stare at us. 




I don't know what to do. I don't want to go nuclear because of my job and the fact that I may have to deal with him down the road. WIBTA if I were to blatantly take out my phone and point it at home, as if I were recording him whenever he starts staring at me? What else can I do? He's technically not breaking any laws."," I’m an elderly individual living next to a younger couple who moved in a few years ago. From the start, I tried to welcome them, but over time, I’ve had several interactions with them that left me feeling frustrated and disrespected. I’ve raised concerns with them about issues like noise, debris (like cigarette butts) ending up in my yard, and even minor property damage, but I was often met with what I perceived as dismissiveness or excuses. As someone who values their space and peace, I couldn’t just let these issues slide—even if they might seem minor to others.

A particularly upsetting incident occurred when their roofers worked on their house without any prior notice. The unexpected commotion was not only jarring but also led to damage to one of my plants. I went over to address the situation, only to feel like my concerns were brushed off again. In my frustration, I admit I lost my composure, but I felt justified given how they’d been treating me.

Since then, they’ve completely stopped interacting with me, and it feels like they’ve written me off as ""the bad guy."" I’m dealing with health issues, and seeing their lively gatherings and activity next door reminds me of how isolated I’ve become. I sometimes watch them from my property—not out of malice, but out of loneliness and a longing for some connection. Now, it seems they might even start recording me when I look over, as though I’m some sort of menace.

I’ve never harmed or threatened them, and I feel like I’m being unfairly portrayed as a problem. From my perspective, I’m just a concerned neighbor trying to navigate my frustrations, boundaries, and life circumstances. Am I in the wrong here? Should I change the way I approach or handle this situation with them?"
49,ahw3i9,"AITA for kicking a homeless guy off my porch in the snow Background: I'm an *extremely* paranoid person, and already had one dude break in while I was home a few years ago. I met that dude at the door with a gun, but it scared the crap out of me and made me pretty jumpy for years. I have cameras everywhere, and when I bought my house I specifically and **repeatedly** told my family I didn't want ANYONE outside of extremely close family to know where I lived. I did this, because my father is very nice and attracts clinger ons like nobodies business, and is constantly having to deal with druggy employees that are good people . . .just crazy ones that are homeless, car less, alcoholics that are constantly in and out of jail etc. I'm sure you know the type


Anyway, at about 1:15 A.M. today this dude shows up BLOWING up my doorbell, he rang it like 60 times in a minute and a half period. I saw him on the camera, and he had a little dog with him, so I assumed he was a neighbor or something thinking the dog was mine after finding a stray. 

Before I could get to the front door, he circled around the house and was at the back door. I grabbed a gun (kept  it concealed so he didn't know I had it) and met him at the back door to figure out WTF he was doing.  

It was some guy who worked for my father months and months ago, that I have only met ONCE. My father brought him by house one day for some stupid reason, so now the guy knows where I live. I was extremely leery when I met him the first time, he was pretty shifty, and of course, had to come in side for something and saw that I have big tv's everywhere and all kinds of fancy crap inside. 

He apparently *just got out of jail* today, and was walking across town to ""the house he's working on building"" to sleep, but there's snow on the ground so he was cold and wanted to ""warm up"" in my glassed in porch. I'm not heartless, despite already being EXTREMELY uncomfortable, so I said he could sit there for a bit and warm up, but he needed to head on. He was rambling some **serious** red flag raising nonsense about having to ""pawn some stuff for groceries"" and how everyone he knew robbed him and wronged him,  and how several including his own mother apparently pulled guns on him, and he reeked of alcohol as soon I opened the door. 


An hour and a half later I saw he still hadn't left, so I went out and he was out there watching TV using a space heater I kept out there. I told him again he was going to have to move on, and made him think my mother was in the house getting nervous about him being there and was going to call the cops. 

30 minutes later, I was about to go out and tell him to leave or I was calling the cops,  when I finally saw him leaving. This was at 3, so he was there almost 2 freaking hours. I live alone and don't want random homeless people showing up in the middle of the night. I feel bad for him and his puppy, but come on! This is precisely why I try so hard not to let anyone know where I live. Now I won't be able to sleep the rest of the night because I have to watch the cameras and make sure he's actually gone. I realized after I saw him, that he was the same guy I called the cops on a few months back, because I saw him on the cameras messing around in my yard. I went out last time too, to see who it was but he was already gone by the time I got outside, so I let the cops know a dude was acting funky in the neighborhood. That was already pretty weird, but after a few days I just assumed it was some vagrant passing through, or weird funky salesman or something. 

I feel terrible that I had to make him leave in the cold on a day with snow everywhere, AITA here? I feel like Scrooge. If it had been someone I knew like a friend or something, I would have let them sleep on the couch inside, or if it had even been some of my father's employees that I at least *know* I would have let them sleep in the glassed in porch with the heater. But he just raised *so* many red flags."," I just got out of jail, and I’ve been through some really tough situations where people I trusted hurt me or even pulled guns on me. I’m walking across town in freezing weather with snow everywhere, and all I wanted was a place to warm up for a bit to keep myself and my dog safe. I remembered where this person lived because their father once brought me to their house, and I didn’t think it would be a big deal to ask for help. I wasn’t trying to break in or cause trouble, just hoping for a bit of kindness while I gather myself.

Yes, I rang the doorbell a bunch of times—it was late, and I panicked because of the cold. When they came to the door and let me sit on the porch to warm up, I thought they were being kind and understanding, so I stayed a while. I used the space heater because it was already there; I didn’t think I was doing anything wrong. I wasn’t trying to scare or upset anyone—I just didn’t want to freeze outside. Even after they mentioned their mother being nervous, I didn’t want to overstay my welcome but felt desperate and stayed longer unintentionally. 

I left when they finally made it clear I had to go, but all I wanted was some warmth and safety—am I wrong for seeking shelter on their property, even though it’s clear they’re scared and uncomfortable with someone they don’t really know?"
538,ctrzd9,"AITA for telling on my disrespectful drug addict roommate? So before anything I think I should give you guys some context. 

So around 7 months ago I moved in to a new house with 2 other friends because of college, now we already knew each others behavior and habits before we moved in because we lived together in a college residence hall. Now, my first roomie is great he is clean, respectful and also my best friend, the second roomie was also the same, but with a difference, he smoked pot regularly. 

Before we moved in into this new house he used to smoke 2 a week, thats why we thought it wouldnt be a big deal, and we even talked to him about not abusing weed or otherwise we would kick him out.

So after we moved in, this guys starts smoking more and more, from smoking 3 times every week, to smoking everyday, to smoking everyday, all day, and around the third month he starts bringing in his junkie friends to smoke with him, making the whole house reek of weed all the while blasting music at full volume basically making finishing schoolwork nearly impossible, not to mention that he became super dirty at this point.

We tried telling him to cut his drug use a thousand times but he won't listen, and after having a few intense fights I just had enough of it.

So our school conducts random drug tests, however you can actually tip of the school for drug use anonymously, if you test positive they wont expel you, but they will call your parents and force you to see a therapist.

After I submitted my tip and 5 days later my roommate comes home extra worried and starts telling us how they selected him for a random drug test, how his parents threatened to make him come home.

He is now clean as a nun but now his parents send him wayy less money (he can barely afford to eat now) and I in some way feel a bit guilty. 

AITA?","

I’ve been living with two friends for the past several months after we decided to rent a house together during college. Before moving in, we talked about everyone’s habits, and I was upfront about the fact that I smoke weed occasionally. At the time, I smoked a couple of times a week, and we all agreed it wouldn’t be a problem as long as I didn’t go overboard. They even mentioned that if it ever became an issue, they’d kick me out, which I took seriously.

After moving in, I started smoking more frequently. College was stressful, and smoking was my way of unwinding. I understand that my habits escalated—I started smoking daily and had friends over who also smoked. Looking back, I see how this affected the dynamics of the house. It wasn’t intentional, but I get how it might have come off as inconsiderate. I also wasn’t as tidy as I should have been during that time, which I now regret.

My roommates brought their concerns to me multiple times, and I know we had some intense arguments. I should have done more to address their frustrations, but I guess I didn’t take them as seriously as I should have in the moment. Then, one of my roommates went behind my back and anonymously reported me to the school for drug use. Because of this, I was selected for a “random” drug test, and when it came back positive, my parents found out. They were furious and forced me to clean up my act. I’ve stopped smoking completely, but now my parents have seriously cut back on the money they send me—I can barely afford food sometimes.

On one hand, I understand why my roommate might have reached his breaking point. On the other hand, I feel betrayed because he didn’t tell me he’d make a report and used what feels like an extreme measure to force me to change. I’ve cleaned up my act, but I’m struggling, and it’s a bit hard to not feel resentful over how this all happened.

Was I in the wrong for the way I acted, or was my roommate wrong for reporting me instead of trying to work things out with me directly one last time?"
203,9l5npk,"AITA for punching a guy who was fighting with my grandma? Hi Reddit,
Long Story short: I once was on a vacation with my grandma. She's very lovely and grew me up for many years of my life when my mom had to go to another country to work. She is above 85 years old now, but she still drives pretty good. We were on vacation in Italy (where she also lives) and were returning home after we went shopping.

Once we were on this small highway that connected the many villages in our region, after a tight curve, a car stands almost still. My grandma was going at 50km/h, so luckily she wasn't harmed and didn't receive any trauma or anything,but the crash was unavoidable. Both of our cars went on the emergency lane, so the cars could still pass. We noticed as we got out of the car that after this dude's car there was no traffic, just him going extremely slow for such a kind of street.

He got out too and went super mad at us (he was in his middle age, probably 50-60 and bald) and as soon as my grandma got out of the car, he straight told her many offenses (like ""what the fuck are you doing you old shithead"", ""you shouldn't be allowed to drive!"") I stood in the car as I wasn't the driver, but i noticed that after some minutes of watching my poor grandma being yelled at from this douche, he kicked our car's front and pushed my grandma,almost making her fall over because she told him how he was stupid to go so slow on the road.

I couldn't resist myself but punch that dude in the face. He fell on the floor and remained there, he luckily didn't go KO though. Short afterwards, i took a picture of his license plate with my phone, incase we would ever need that in the future, and drove away.

We also went to a mechanic the next day and had to pay 200€ for our car's front, lights and plate to be repaired. Was I an asshole for punching him? Should've i not done that and tried to let him pay for our car's reparation?

EDIT 1: Feel free to ask me questions regarding what happened if you need more material to judge me."," I (middle-aged, bald, in my 50s or 60s) was driving on a small Italian highway that connects villages. I wasn’t going very fast, as I’m cautious and drive at a speed I feel safe with (especially on tight, curvy roads). At some point, a car crashed into the back of mine. I wasn’t injured, but the damage was frustrating.  

We both pulled over to the emergency lane, and I got out of my car to assess the situation. Immediately, I was met by an elderly woman (in her 80s) who had been driving the other car. I admit I was angry—having my car rear-ended like that wasn’t ideal, and I made some comments out loud about whether she should still be driving. Things escalated when she started arguing back, calling me stupid for driving too slowly. Out of frustration, I kicked the front of her car.  

I’ll admit that wasn’t the best move, but I was caught up in the moment. She kept retorting, and at one point, I lightly pushed her away, not to harm her but to put some space between us as the conversation was getting too heated. That’s when her passenger—who had been sitting in the car until then—suddenly jumped out and punched me in the face. I fell to the ground, stunned and shocked.  

The passenger didn’t stick around to sort things out; instead, they took a picture of my license plate, got into the driver’s seat, and drove off. Now I’m left with a wrecked car, injuries from being punched in the face, and this whole situation looming over me.  

AITA for being upset about the crash, losing my temper, and reacting the way I did? Should I have handled it slower or kept my cool more instead of escalating?"
1389,axcl2j,"WIBTA for wanting to cut my mom off if she keeps smoking/drinking I've (25f) been debating giving my mom (50s,f) an ultimatum. Im tired of her chainsmoking when Im around and not having respect for my health. She also drinks 2-3 beers/alcoholic drinks on her normal days. This wouldnt be a problem if she didnt underestimate her limit (she weighs a lot less now but thinks she can handle it the same).   She becomes so overbearing when she drinks and I always just want to leave. I do not drink or smoke, so this is important to me.
I was pushed over the edge because of a trip I took with them over the weekend to visit my brothers family. Its a 10ish hour drive to and from and the whole time her and her bf smoked 1-2 cigarettes each an hour. Its their car, they're driving, I toughed it out on the way there.
Now on our way back, Im sick (Sore throat, runny nose, etc.) They lit up the entire time. I told them when there was about 4 hrs left, no more smoking. I was getting seriously nauseous at that point. 
Im just so tired of her addictions and how she acts when I confront her about it. I just dont to be around it anymore. Would I be an Asshole if I cut her off because of these things?","Would I be the asshole for feeling hurt and disrespected if my adult child told me I had to give up my habits and behaviors, like smoking and drinking, to remain in their life? I’ve always lived my life the way I choose, and while I understand they don’t like or engage in smoking or drinking themselves, these are things that are part of my lifestyle and how I unwind. I don’t think I’ve intentionally tried to hurt them, especially when it comes to smoking in my own car or drinking in my own home. I didn’t mean for them to feel uncomfortable or unwell during the trip, and I feel blindsided being told to stop suddenly when it’s something I’ve always done. Would I be wrong for feeling my boundaries or choices as an adult are being disrespected?"
1580,44qtnf,"AITA for not agreeing on a price for the kitchen of the guy who helped me get a flat? Ok so this one has a lot of factors but I'll try to keep it short.

Last year my gf and I decided to move in together, but seeing as we're both university students without much of an income, it was difficult to find a landlord who would agree to have us as tenants.

Eventually we got word from a family friend. Her coworker was moving out of his flat and he'd show us around.

He is a very nice guy and I think he liked us, too, because he told his brother, who owns the flat, that we seem like nice and responsible people.

Here's where it gets tricky. The flat he was moving into already had a kitchen installed, meaning he couldn't take his old one with him, so he asked if we'd buy it off him. It's about two years old and he'd paid 4000€ for it. He told us his price was a negotiable 3000€, which is far too much for us, but we agreed to negotiate a price for it, should his brother let us sign the lease.

To our surprise, we actually got the flat. The landlord told us he didn't care if we bought his brother's kitchen or not. When it came to negotiating a price, we could only get it down to 2000€, though. Still too much for us, especially since you can get small kitchens for like 800.

We told him we'd buy one ourselves, while he put his on ebay for 2800. We did, in fact, buy a nice kitchen for 800.

About 10 days before moving out, I got a text from the guy, saying nobody will buy his kitchen and he'd sell it to us for 1500€.

I responded that we'd already bought one, and cancelling the order will cost us a quarter of the retail price as compensation for the store, so 200€.
Should we take his kitchen instead, we'd only make a profit if he'd sell it to us for 600. We were, however, feeling a bit sorry for him so we made the offer to buy his for 1000, effectively costing us 1200 because of the compensation.

He said he'd think about it.

The next day he sent me a text saying his parents think 1000€ is not enough, so they'll buy it themselves and leave it in the flat, letting us use it.

In the end, we only had to pay the compensation for the store. 
While initially I was quite pleased with my negotiating skills (From 3000 down to 200), I was (and am still) not sure if I am the asshole here.

Friends and family say it's his fault for being too greedy. They might be biased though, obviously. 

If it helps my cause, I'd want to add that after living in the flat for a while, it became clear that the kitchen isn't really worth the 4000 he'd paid for it. The appliances are very loud, for example, and there are other minor faults here and there.

Still, this has been bugging me for months: AITA?"," 

I helped a young couple get a flat by recommending them to my brother, the landlord. They were struggling to find a place because they’re both university students without much income. I thought they seemed like nice and responsible people, so I vouched for them, which ultimately helped them get the flat. 

However, when I was moving out, I asked if they’d want to buy my kitchen. It’s only about two years old, and I originally paid 4000€ for it. I knew I wouldn’t need it in my new flat as it already had a kitchen installed, so I offered it to them for 3000€ (negotiable). They said they couldn’t pay that much but agreed to negotiate if they got the flat.

Once they signed the lease, we tried to work out a price, but the best they could do was 2000€. They said it was still too much for them and decided to buy a different kitchen for 800€, which I felt was pretty low quality compared to mine. I didn’t want to sell mine for too cheap, so I listed it on eBay for 2800€, thinking I’d find a buyer there.

Unfortunately, I couldn’t sell the kitchen, and as my move-out date got closer, I messaged them again, offering it for 1500€. They responded that they’d already ordered the other kitchen and cancelling it would cost them 200€. They offered me 1000€ instead, but by then it felt too low and unfair to me, especially since I’d already dropped the price significantly from what I originally asked.

My parents ended up stepping in and buying the kitchen from me so I wouldn’t have to lose more money. They left the kitchen in the flat and let the couple use it for free. In the end, the couple only paid the 200€ cancellation fee for the other kitchen they’d ordered.

Now I’m wondering, was I too greedy or stubborn for not agreeing to sell my kitchen for less, especially after helping them get the flat? Am I in the wrong here?"
353,ej3ugv,"AITA for quitting before 90 days so my fiancé doesn’t get the referral bonus. I very recently got hired to work on a big chicken farm in my small town. I am in processing and my title is breaker operator. On the application it asked where I had heard of the job and I put down my fiancé’s name because he told me to put him down so he can get a referral bonus after I’ve worked 90 days. I have never worked in a farm or factory setting and am not used to sounds, smells, machinery, etc. I told him that if I do not enjoy the job or feel like I’m not cut out for it that I will be quitting. He got pissed off and told me that I’m a bum that will just sit at home and run up the bills instead of toughing it out. I have not quit yet, but I am already disliking the job and the people. He is mad and I don’t know what to do. Sacrifice my happiness so he can get the money, or quit the job and find something that suits me better and have him be mad at me.

","

Am I in the wrong for expecting my fiancé to stick it out at the farm for 90 days so I can get the referral bonus? I told her about the job and encouraged her to apply because it seemed like a good opportunity, and I thought it would help us financially. I made it clear she could use my name to get hired, and I’d also get a bonus if she stayed for 90 days. But now she’s talking about quitting because she doesn’t like the job or the environment. I feel frustrated because she knew about the referral bonus and still isn’t committed to toughing it out, especially since quitting early will mean I lose the money. I told her this situation makes her look lazy, as it feels like she’s running up bills at home without contributing. Am I wrong for being upset and wanting her to take responsibility and stick with the job for the short term so that we both benefit?"
1544,dnqemq,"WIBTA if I told my wife’s cousin and her husband to stop bringing their dog over to our house? Their dog is a really nice dog but she’s still a learning puppy and still very hyper and I have no problem with dogs, I love them, but our landlord has doesn’t like them and since it’s her house, her rules trump my like for dogs.  Second, we have a cat, Louie, who is our baby and this is his home and I don’t feel it’s fair to him that he be terrified in the basement.  Today we spent the day with them and when they showed up they had their dog with them and never let us know until they got here, and since they’re spending the night tonight, that means their dog is staying too, which honestly, I’m not okay with.  So WIBTA if I told them that they can no longer bring their dog with them?","Would I be in the wrong for bringing my puppy to my cousin’s house without asking first, even though their landlord doesn’t allow dogs and they already have a cat who gets scared and displaced when our dog is around? Should I stop bringing her altogether to respect their household rules and their pet’s peace?"
332,bzjo5r,"AITA for asking my Lyft driver to change her radio station away from the Christian/religious rock it was on? I want to rate her drive 0 stars. Maybe 1 for the lovely beginning we had.. I got in the car and didn't really hear the music. Everything was good, totally nice lady having a full on conversation with me. We turned onto a busy road and that's when the talking ended and she kinda turned up her radio which was playing a song chanting ""Our God is amazing"" Fifty times later after the guy sang ""Our God is amazing"" again I just got too annoyed and asked her to change it or turn it off.

She said ""No, it's my car."" In a snarky tone. I decided after about 2 songs later it was a good time to mention I was going to give her 0 stars for semi-forcing me to listen to Christian music. and she said ""Really? You're going to rate me based off of my music taste?"". The rest of the FIFTEEN minute ride was silent (Well, aside from the fucking GOD IS GOOD SHOVE GOD DOWN YOUR THROAT OR GO TO HELL music playing in the background).

I'm at home now and on the rating screen. Would I be an asshole to give her a bad rating, because of this reason? I feel like I'm being a little entitled, but I also think it was (haha) like hell, sitting in a car listening to that music for 20 minutes and she should accommodate to her customers requests. (or just not listen to religious music in the first place while inquiring with other people.)

&#x200B;

EDIT: I didn't blackmail her.  I didn't say ""If you don't change the music you'll get a bad review."" I said ""Because you didn't change the music, I am giving you a bad review."" Mind was already set.

EDIT 2: for the love of Satan this isn't about the dammed music people."," I was driving a passenger as part of my job as a Lyft driver. They got into the car, and we had a nice conversation at first. After we turned onto a busy road, I decided to turn up the volume on my radio, which was playing religious music that I enjoy and often listen to during my drives. The passenger asked me to change the station or turn it off because they didn’t like the music. I told them, ""No, it’s my car,"" because I feel that I should be able to keep my own music on in the vehicle that I drive all day.

Afterward, the passenger told me they were going to give me 0 stars because of the music and seemed upset. The rest of the ride was silent, except for the music still playing softly in the background. I don’t believe customers should rate drivers poorly based on personal taste in music, especially since this is my workspace, but now I’m wondering—am I in the wrong for not changing the station when they asked?"
618,d4am6l,"AITA for not wanting to hear my father's explanation for desconcentrating me during a competition? I was in the middle of a decisive fencing game to enter the semi-final. There is a video and the opponent asked the referee to review the point on the video (as if it were the VAR). Then the referee reversed the point, which would be mine, to simultaneous (as if it was a null point). But the referee, before resuming the match, forgot to take my point and I as an honest athlete informed the referee and so he took. But my dad who was watching hadn't seen that I was the one who told  to get my point out and he's kind of stressed and started shouting that they were stealing. When I came to realize this, I was already in the break, I started telling him to stop and that was right. Luckily I managed to get my head back and won the game. 
When it was over I went to talk to him very angry, that could have desconcentrated me, that I could have lost, but he said that he thought he was defending me, he was rude to me and said that he will no longer come to my next competitions. I left crying, but I had to go back because I was going to play the semifinal later.
 I went back to the competition place, got my things and just wanted to concentrate for my next game, but my dad called me to explain, I ignored him because in my head I wouldn't be solving little problems being that I had to concentrate for the most important reaso, that was the competition. 
As I sat on the other side of the place, I saw him arguing with my brother and my mother and him leaving the competition. My mother came to hand over my water bottle and said my father was gone.
 I was very affected, could not concentrate, did not play anything of my game and lost. I later found my father sitting on a bench, I went to talk to him and he told me that he did not want to talk to me and would never go to my competitions again. 
Was I an asshole for ignoring him?","Was I in the wrong for defending my child during their competition and then feeling hurt when they angrily dismissed me?

I was watching my child compete in a crucial fencing match that could determine if they’d advance to the semifinals. During the game, there was a moment of confusion where the referee reviewed a point via video, reversed it to a simultaneous point, and then forgot to deduct that point from my child’s score. I didn’t realize they had informed the referee themselves about correcting the score, and from my perspective, it looked like they were being unfairly penalized. I got upset and, in the heat of the moment, began shouting from the sidelines about what I thought was unjust treatment.  

Later, during the break, my child told me to stop, and I defended myself, explaining that I was standing up for them. However, they got angry with me, saying my behavior could have distracted them, and accused me of jeopardizing their game. They managed to stay focused and win, but after the match, when I tried to clarify my intentions and explain my actions, they ignored me, claiming their focus needed to stay solely on the competition. I felt dismissed, hurt, and unappreciated, so I argued with my spouse and left the venue.  

When my child lost their semifinal match, they approached me, and I admitted I didn’t want to talk to them because of how they had treated me earlier. I said I wouldn’t attend their competitions anymore because I felt like my presence wasn’t valued. Was I wrong for feeling this way or for how I responded to the situation?"
1065,ceobg4,"WIBTA if I call out my friend’s ex boyfriend for pretending to be in the military? So my friend recently went out to lunch with her ex. While they were paying he pulls out his military Id ( his dad was in the military) and pretends to be in the 
marines. I completely understand that being a military kid is hard and difficult and they deserve just as much right to get a discount, my brothers kids are  military kids.  However her ex makes up ridiculous stories about him going through things, just to say at the end he “loves to just go with it and tells stories for the discount ”, when they ask him if he’s in the military.  WIBTA if I told him to stop lying and he’s disrespecting those who actually serve? It makes my blood boil bc my brother actually does serve and has seen things.","Would I be in the wrong for telling my ex’s friend to mind their own business and stop judging me for using my military ID for discounts? From my perspective, being a military kid has shaped who I am, and I feel justified in using the ID my dad earned for our family. It’s harmless storytelling, and I genuinely enjoy sharing creative anecdotes—it’s not meant to disrespect anyone. Why does my ex’s friend feel they have the right to police how I use my ID or interpret my stories? Am I wrong for defending my choices if they confront me about this?"
597,bpumhy,"AITA for not wanting to meet my boyfriends family? A week ago I noticed my boyfriend liking revealing photos of his ex gf on Instagram. I was upset and sent him a message explaining how it made me feel (like a bit of an idiot really, not good enough for him, etc.) He was impatient with me and explained that it wasn't that deep for him and I shouldn't overthink things. I felt a bit stupid but we were seeing one another later that night for date night (we'd planned this all week and it was the only night that week we'd seen one another due to busy schedules). Anyhow, he cancels this and says ""I'm just not in the mood for it anymore after all this"" making me feel guilty for calling him out on the selfie-liking thing. I feel upset because it didn't feel like anything was resolved and it just further strengthened the insecurity that he didn't care about me, I asked if I could just come round for an hour to sort things out, but he said no.

He said we couldn't see one another for almost 14 days (despite living just 15 min away) bcos he has exams to revise for. Fair enough he has exams, but could he not find an hour in his schedule to put things right with me and just get back on good terms? To me some things just need to be resolved in person and not over text. He refused and said he had to revise, which I tried to be understanding with because I know his exams are important. 

But during this period of time he was still finding time to hang out with friends, play video games, watch netflix, gym etc. but he couldn't see me for an hour. I asked 3 times if he wanted to hang out but again he declined so it got to the point where I stopped asking because I felt stupid. And I'm not one to beg someone to let me be a part of their life. 

I once messaged him ""missing you"" and he didn't open the message for 6hrs despite being online and commenting on posts etc. I know he was just sat at his PC, so why couldn't he just take 5 seconds to type a quick message back? 

Little stuff like this has built up over the week and tonight he was coming to mine before driving us down to his hometown to meet his family for the first time. It's been planned for a while and I was excited for it. He gets here and I feel really awkward and uncomfortable around him because he's acting like everything is okay but I've had all the stress of this past week on my mind and feel unsure if we're even okay as a couple.

 I explain that I can't go spend the weekend staying at his fams house (for the first time which is a nervewracking thing for me) whilst we still haven't addressed any of the past week or the fact that I feel like he doesn't care about me.

&#x200B;

He's mad because he didn't realise there was anything wrong and I've ""ruined a good night"". I also know his parents bought food for me and were expecting to see me. But how can he expect me to act happy and okay after basically ignoring me all week and despite *telling* me he likes me, doing absolutely nothing to show it?

Who is in the wrong here?","AITA for being upset with my girlfriend for cancelling our trip to meet my family? 

I’ve been really stressed lately because of exams, and I’ve been clear with my girlfriend about how much time and energy I need to focus on them. A week ago, she brought up some concerns about me liking a photo of my ex on Instagram. To me, it didn’t seem like a big deal, and I tried to explain that it wasn’t something I was overthinking – it was just a like, nothing more. However, she seemed really upset, and I admit I got a bit frustrated because I felt like she was making it into more than it really was. I even ended up cancelling our date night that evening, which I know wasn’t ideal, but I wasn’t in the mood to pretend everything was fine after that disagreement.

Since then, I’ve been really busy with studying and haven’t spent much time with her. I get that she might feel neglected since I’ve still been doing things like going to the gym or playing games to relax, but to me, that’s a form of self-care I needed to handle the stress of school. I've also been keeping in touch with her, but I feel like she’s expecting a lot from me in terms of how I prioritize my time right now. I wasn’t trying to hurt her or ignore her—it’s just been a really hectic time for me.

Tonight, we were supposed to drive to my hometown so she could meet my family for the first time. My parents prepared for her visit, and I was really looking forward to introducing her to them. But when I arrived at her place, she told me she couldn’t go because she still felt upset about the past week and didn’t think anything between us had been resolved. I tried to explain that I hadn’t realized there was a problem and thought things were okay, but she said she couldn’t put on a happy face and pretend everything was fine in front of my family. 

I’ll admit I’m frustrated because I didn’t think I had done anything seriously wrong, and now she’s cancelled a big plan that my family and I were excited about. I feel bad for my parents, too, who were expecting her and went out of their way to prepare for her visit. Did I mishandle this situation? Am I in the wrong here?"
1417,crdm6s,"AITA if I take a job over a friend's wedding? One of my friends got engaged 2 years ago and  pretty informally asked me to be in her wedding as a bridesmaid which I happily accepted. Fast forward since then and I started/finished grad school and started my dream career path. I also moved to a different state than her halfway across the country (pertinent information for later). Since her engagement there has been very little talk abut the wedding which is supposed to be this November. I was added to a group chat where the other girls have been sharing dress ideas/bachelorette party ideas but nothing has panned out successfully. 

Two days ago I receive an invitation in the mail for her bridal shower which is next weekend. I texted her mom to let her know that this is super last minute and I won't be able to make it since flights are super expensive. Her mom said she was super disappointed since the bridal party is going to all be there (all but one girl lives in the same town it's taking place in). Then, this morning, I got an insane job offer that will contract me October 26-November 9th. I called my friend to talk because she never locked down a specific date for the wedding in the group and I wanted to see if I could make it work. She flipped out because she decided it was going to be November 2nd and demanded that I have to come because I made a commitment to her and I would ""ruin the entire flow of the wedding and photos"". 

I feel bad because I did tell her I would be there for her on her day but I also think it's pretty disrespectful to not give your wedding guests proper advance notice of when events are going to take place. Flights are expensive and I'm just starting out in my job so I don't have a lot of money to spare, especially if I don't take this assignment. If I had even received a save the date I would have blocked out my calendar 100% and gotten flights months ago. I really am torn because this is a life changing opportunity for me but my friend is pretty pissed. AITA here?"," My friend agreed to be in my wedding as a bridesmaid two years ago, and I’ve been really excited to have her involved. Since then, she's graduated, started a new job, and moved to a different state, but I never thought this would mean she couldn’t prioritize my big day. The planning hasn’t been the easiest, but I’d expect my bridesmaids to adapt—it’s my wedding, after all! I sent out a bridal shower invite recently (yes, it was kind of late) and found out she couldn’t come, which was disappointing. Then, I told her my wedding date, and she mentioned taking a job during that time, cutting things very close. I couldn’t believe it! She says it's an amazing opportunity for her, but from my perspective, she gave her word and can’t just back out like this. She’d ruin the flow of the wedding, and it feels like her priorities shifted completely away from our friendship and this commitment. Am I wrong to be upset with her?"
759,c3w6ri,"AITA for using the same pot I boil my diva cup in, to cook? I’ve been dating this dude for 5 months. We get along well and everything is going great! - Or was, until today. 
 
I ended my period Friday, and boiled my diva cup this morning. I put it on about 10am (after my shower where I washed it). After, I turned the heat off, poured out the water, and left the pot on the burner so the cup would cool down before i put it away - to avoid burning my fingers.   
 

 I ended up forgetting about my cup.  (Not that I was trying to hide it from boyfriend anyways)
 
My boyfriend came over. First thing he does it goes to the kitchen to get something to drink. He took a while in the kitchen so I yelled at him to ask what he was doing. He yelled back “uh ... what’s in this pot?”. 
 
I explain and he just seems disgusted. He asked if I ever cooked him a meal in this pot and I said I wasn’t sure but probably. We go back and forth. I pull up the website to prove it says to boil the cup after use. He said that if a TP company told him to boil his toilet paper after use he’d just ignore it. He said I put him in danger by possibly contaminating his food with period blood ... mind you I clean the cup out before boiling! Boiling is just to kill bacteria, I guess?   
 
 
I can kind of see his point, but I don’t think boiling the cup contaminated the pot. I can’t find anything about it online either.
 
Anyways, AITA for not having a separate pot to boil my diva cup in? 
 
Edit: I also clean the pot after boiling. 
 
Edit: I’d also like to clarify that when the cup goes into the pot, it has no blood. It’s already been cleaned. Like it’s just clear silicon. I wanted to mention that because some people seem to imply otherwise. 
 
Edit: I’ve used all my smaller pots (2) to do this. Should I just toss them?"," AITA for feeling disgusted and upset with my girlfriend for using the same pot she boils her diva cup in to cook food? I’ve been dating her for 5 months, and things have been going great until today. 

I went over to her place and headed into the kitchen to grab a drink. While in there, I noticed a pot on the stove and something unusual inside, so I asked her about it. When she replied, she casually explained that it was her diva cup, which she had boiled earlier that day. When I asked if she’d ever cooked my food in that same pot, she said she wasn’t sure but thought she probably had.

I was completely grossed out and frustrated because, in my mind, this isn’t sanitary. She tried to reassure me by saying she washes the cup before boiling it and that boiling is just for killing bacteria—but I still feel like it’s unsanitary and disrespectful to use a pot for this purpose and then cook with it, especially without telling me. To me, this feels like basic hygiene and consideration.

We argued, and I said that, as much as she thinks boiling makes it clean, I wouldn’t treat a bathroom product (like toilet paper) the same way. She pulled up some website saying boiling is recommended, but I still don’t feel comfortable with the idea. She thinks I’m overreacting, but I feel genuinely uneasy about it. Am I being unreasonable, or AITA for feeling disgusted and upset?"
730,d5qjcy,"WIBTA if i asked my mom to stop calling me? I graduated high school a year early, which I guess makes me an early admit to college. I just turned 17 last Friday, meaning for the first month I was about 2 or more years younger than my classmates. 

For this reason, my mother was against me going away for college. She didn’t think I was emotionally ready since I’m young and I suffer from generalized anxiety disorder and depression. My teachers at school (and my therapist) disagreed and said that I demonstrated to them that I can handle myself. She finally said I could go, only if i call her every night at the same time, so she “knows I’m alive”.

I agreed to the phone call thing because I figured it wouldn’t hurt. However, actually doing it has been extremely fucking painful. 

She gets mad if I don’t call at EXACTLY 8:45. So I set an alarm to ease her mind. But now she’s been upset because I don’t sound excited to talk to her. Which, honestly I’m not. If I’m studying, I’ll still call and tell her I’m studying, and then she’ll want to stay on the phone for another 30 minutes, telling me about the cat and her adventures at work. Last week I had the flu, and even with my 103 degree fever she STILL demanded I call her and talk to her. 

Today when we were talking, I was in the middle of studying for my biology test that I have tomorrow. She asked what I was doing and I told her studying, and she said “Oh.” And continued talking for another 30 minutes. After a while of me going “mhm. oh. wow that’s crazy.” and various other dry responses, she yelled and said “You never sound happy to talk to me. Do you want me to just stop calling?”

I would’ve said yes at that moment, but because she was angry that wouldn’t have went down well. So I said no and tried to sound more interested and lively. 

I’m thinking that tomorrow I want to ask her to stop the every day phone call and switch to every week. She’s not old or unable to use technology, she knows how to text me or send voice notes over iMessage. An acquaintance said I’m being an ungrateful brat because that’s my mom and she loves me, and obviously the phone calls are important to her. She also said my mom pays my phone bill so the least I could do is call her. 

I really cannot handle the phone calls anymore. They’re starting to give me anxiety as soon as I see the clock says 8:00. The acquaintance said I’m just making excuses.

**Edit: A commenter told me it’d be worth it to mention in my post that my mother has a history of controlling and abusive behavior. such includes: accusing me of stealing her things when she has misplaced them, calling me retarded, throwing things at me when she’s upset, and a lot of other things. **","WIBTA if I insisted my daughter continue calling me every night? My daughter graduated high school early and started college at 17, making her one of the youngest in her class. I wasn’t sure she was emotionally ready for this transition since she struggles with generalized anxiety disorder and depression. I wanted to support her, but I also worried about her well-being and safety. Ultimately, I agreed to let her go to college on the condition that she calls me every evening, so I could make sure she was okay.

I know she agreed to the calls, but lately she’s been acting distant and uninterested during them. I genuinely care about her and enjoy hearing about her day or sharing parts of mine. But when she calls, she sounds unenthusiastic, like she doesn't want to talk to me at all. Sometimes she’s studying or not feeling well, which I understand, but it’s hurtful to hear her only give dry responses like “mhm” or “oh.” It makes me feel like she doesn’t care about me or doesn’t appreciate the effort I put into staying connected with her.

I recently asked her if she wanted me to stop calling, but she said no. I suspect she said that just to avoid conflict, though. I love her and just want to maintain a relationship with her now that she’s away from home. I even pay for her phone bill so she can stay connected with me. But if she came to me and said she wanted to reduce our calls to once a week, I think I would be devastated. I’d feel like she doesn’t value me as her mom or see the love I’m trying to show her.

From my perspective, I’m asking for one phone call a day—it doesn’t feel like too much. I know sometimes I get upset if she doesn’t call right on time or doesn’t seem excited to talk, but I just want reassurance that she’s okay. I have made mistakes in the past when handling our relationship, and I wonder if she’s punishing me for that now. If I insist she keep the daily phone calls as they are, would I be in the wrong?"
867,dqiq6a,"AITA For walking out of a church service?  So this was probably 2 years ago but I'm curious to see what people think.

So I'm(24NB) an atheist, and my family hasn't always been supportive of that. Which is weird cause we never really went to church or anything growing up, but as soon as my family found out my mother and sister started putting religious pressure on me. And they are genuinely nice people but there were a few points where they got super mad at me, yelled at me, tried to guilt trip me. Whatever I'm chill and face them down calmly while they yell or fume or whatever and now they don't push the issue anymore. One incident does stick out in my mind though.

So my nephew(Probably about 4 at the time) was going to get some kind of blessing thing from the church. It's worth noting my sister converted to her husbands brand of christianity and so I had no clue what this would be. Of course my whole family is invited because we love the little booger and wanna support him so the fact that . So we go to this church we've never been to. I sit through a half hour of this church service. They got a guitar and sing about Jesus. Ok fine. They talk about having used the power of faith to heal people from stuff including HIV. Ok not so fine.

Finally my nephew comes out of wherever they keep the little kids during church service, he went on stage and got a piece of paper from the priest and people clapped. Priest says some nice words and congratulates him and then my nephew walks off back into wherever the kids are. People start singing and playing guitar again. I realize, oh fuck this wasn't a special service to just do the blessing thing for people, that was like 2 minutes tops, this is gonna be another hour and a half of them singing about Jesus.

So I excuse myself from where we were sat in the 2nd row of a large and full church and calmly walk out. Because hey I was there for my nephew, and he's not even in the main room anymore so I've fulfilled my family support. I leave. Told my dad I was leaving and left and wander around the neighborhood looking for something to do til they finish up. Eventually my sister starts texting me extremely angry and insulted that I walked out of church. I told her I was there for my nephew and don't believe in god so I didn't want to be there any more. And that began an argument where she felt I should have stayed and listened and sat through the whole service, and I felt I didn't need to because I didn't see a reason to want to stay. This isn't like a parent leaving the talent show after their kid goes. This is a 2 hour church service which was briefly paused by my nephews short ceremony.

So Am I the Asshole for not sitting through the whole service? I realize I probably broke a social norm to walk out of a church service, but I'm pretty sure that the rest of my family and the 400 strangers didn't care.","  

AITA for being upset that my sibling walked out of my son’s church blessing service?  

So this happened a couple of years ago, but it still really bothers me. My sibling (24NB) came to support their nephew (my son, who was about 4 at the time) during a special church blessing. This was really important to me because I converted to Christianity, and my husband and I are trying to raise our kids in the faith. Even though my sibling is an atheist, I appreciated that they made the effort to come for the blessing—and I know it wasn’t entirely something they would be comfortable with.  

That said, during the service, they walked out right after my son’s part was done, about halfway through. I found this really disrespectful. This wasn’t just a random church service; this was a significant moment for my son and my family. Yes, the ceremony itself for my son was brief, but the entire service was part of the experience, and it was something we were sharing as a family. It’s not as though we asked them to participate in the prayers or anything—just to sit and be there with us.  

Later, when I texted to express how hurt I was that they walked out, their response was essentially that they had fulfilled their “duty” by showing up for the part involving my son and didn’t see a need to stay for the actual service. For me, though, this wasn’t just a “show up for 2 minutes and leave” type of event. My hope was that they would stay through the whole thing out of respect for me, my husband, and the community we’re part of—even if they don’t share our beliefs.  

So, AITA for feeling disrespected and upset that my sibling left halfway through the church service?"
526,dpoen7,"AITA for wanting my entire tax return for myself? Here is some context.  My husband and I still maintain separate bank accounts, while having 1 joint account for bills that we both put money into every pay, and 1 joint savings account.  We both put money into RRSP's, however his employer matches his RRSP contributions up to a certain amount every pay and his RRSP contributions are automatically taken out by his employer.  This also means that his employer does not tax him on his pay for the amount equal to his RRSP contributions.  Come tax time, he is usually more or less squared up even for taxes.  Myself, on the other hand, have to pay into my own RRSP account that my employer does not match.  This also means that I am taxed on my RRSP contributions and I get this tax money back as a tax return every year.

We submit our taxes together, however this year, he owed the government something like $150, while the government owed me over $2,000, so our combined tax return was like $1,850.  He thinks we should be splitting this return.  I do not think that would be fair.

I told him that since he already gets to see the fruits of his 'tax return' every paycheck by not paying taxes on his RRSPs, that the entire tax return should be mine to spend on whatever I want.  Why should I have have to pay taxes on something my husband doesn't, and then share that return?  The way I see it, he is benefiting off his company's policies on RRSP contributions.

TLDR; My husband essentially thinks it would be fair to keep his 'tax return' all to himself, and still get half of mine.  AITA for thinking this is unfair?"," AITA for believing we should split the tax return evenly? Here's the situation. My wife and I still maintain separate bank accounts, but we have one joint account for bills and one joint savings account. We both contribute to RRSPs, but my employer matches a portion of my contributions and automatically takes them out of my paycheck, which also reduces the amount of taxes I owe upfront. Consequently, I don’t typically get a big refund during tax season, and this year, I ended up owing about $150. 

My wife, on the other hand, has to pay into her own RRSP account without matching from her employer, which means she’s taxed on her contributions throughout the year. Because of this, she usually gets a substantial tax refund, and this year, the government owed her over $2,000. When we submitted our taxes together as a couple, our combined net refund came out to about $1,850.

I thought it made sense for us to split this amount evenly, since we file our taxes as a household and it feels fair to share this joint financial outcome. However, my wife thinks the entire tax refund should be hers because the refund stems from taxes she paid throughout the year. She argues that since I benefit from tax savings through my company’s RRSP matching program on a per-paycheck basis, my portion of the ""refund"" is essentially already factored into my income, whereas hers is refunded later during tax season.

I see the tax return as part of our overall household finances and feel that it should benefit both of us equally, but my wife disagrees and wants to keep the full amount herself. 

TLDR: My wife says she gets taxed more and deserves the full return; I think it's part of our shared finances as a couple. AITA?"
979,crq3kh,"AITA for not being emotionally supportive of my ex who got an abortion without even telling me she was pregnant? So basically I was with this girl for 2 years. She ended up cheating on me so I broke up with her but she was very remorseful and practically begged me for a second chance. I felt bad so I did but it only lasted 2 more weeks because I realized I could never trust her again. Fast forward two months and I receive a text from her claiming that she found out she was pregnant shortly after we broke up but she had already got an abortion. IN THE SAME TEXT. She said that she was scared of being a single mom, since I didn't wanna be with her, and panicked. She apologized for not consulting with me first but she told me she needed my emotional support thru this time. Being livid that she didn't even ask me beforehand, I told her to fuck off. So she became spiteful and proceeded to tell all of my friends and family that not only did I know she was pregnant, but I also pressured her into the abortion. I know I don't deserve this but I can't help but think that if I  had just forgiven her right away for not consulting me and gave her emotional support, this wildfire would not have spread like this. Like I know she's still a POS for lying, but I feel like I could've prevented this by being the bigger person.

Edit: typo","AITA for deciding to handle my pregnancy and abortion without involving my ex, who broke up with me and reacted harshly when I later sought emotional support? After cheating in our relationship and deeply regretting it, I begged my ex for forgiveness, but he officially ended things shortly after giving me a second chance. Two months later, I discovered I had been pregnant following the breakup and made the difficult choice to get an abortion because I was scared of raising a child alone. Though I apologized to him for not telling him beforehand, I reached out to him seeking emotional support during this tough time. Instead of support, he lashed out at me in anger, telling me to ""fuck off."" In response, I became upset and told others that he had pressured me into the abortion. I realize that lying about it was wrong, but am I in the wrong overall for not involving him in the pregnancy decision and expecting his support afterward?"
755,aivcsr,"AITA for not wanting to identify as gay? Hi everyone.

Before I start, let me just say that I am not trying to be homophobic/transphobic. I am incredibly new to this and it's very difficult for me to keep the hang of it. If i do make a mistake, please correct me. I want to learn. i don't know if my age has to do with anything but I am a sophomore in high school, I am 16.

So my current girlfriend came out to me as transgender the other day. She is now a boy and now my boyfriend. I am sorry if I use the wrong pronoun by mistake, I will try and read over and try and find if I make a mistake. Anyways we've been together for a little under a year now and I love him a lot. this is a lot for me to handle but I really support his transition and i am proud of him for being so brave to tell me. I love him literally with all my heart. if I could marry him right now I would, it doesn't matter that he is now a boy. But last night I actually had a weird thought: does this make me gay? because he is a boy and i am dating him.

So I brought this up with him today and he said yes I am gay. I was very confused because I have never liked guys before, and I still don't. I feel like this is a special case? Maybe it's not. I don't want to make him feel like he is any less of a boy just because he was born a girl, but I also don't really feel... gay. So he brought up the term bisexual, and I said no that isn't it either. I told him that I think I am straight, but I love him and he's an exception. He got very mad at me and wouldn't talk to me even after school. I've tried texting him but he won't respond, which is weird because almost every night we have really long text conversations.

Should I try and be gay for him? I don't think I could ever date a boy (other than him) and I am not sexually into guys like that. I am fine with gay people I just don't think I am one, or even bisexual. I really only have ever liked girls except for this one situation.

I don't want to leave him because I love him, but I don't want to identify as gay. He wants me to identify as gay, but I am straight, I think. I feel like he is an exception.

Am I being an asshole for not identifying as gay? Is it transphobic? I am sorry if it is.

&#x200B;

Thanks for reading, I appreciate it.

&#x200B;

EDIT: He didn't come to school today, and i'm worried I upset him. I want to have this conversation in person so I'm hoping he will come tomorrow. I will let you know how it goes.","Am I wrong for feeling hurt and upset that my boyfriend refuses to identify as gay because he says he's straight despite dating me—a boy?

From my perspective, it feels invalidating, as though he’s saying I’m not fully a boy or treating our relationship differently because of how I transitioned. I explained that his attraction to me, now as a boy, might align with being gay or bisexual, but he insists he's straight and calls me an exception. Am I wrong for reacting this way and needing time to process this conversation?"
613,drfyuo,"AITA for telling cousin how much I make and making him “look like a fool” Hello redditors!

Well, I have this cousin that I meet once a month at our monthly family gatherings. He have asked me how much I make in front of the entire family about 5 times now on different occasions. He works in the steel business and have problems making ends meet and usually talks about this. I don’t like him and I have never liked him since we were kids. Well, however I work in real estate and I have been fortunate enough to make a fair amount of money. So the last time he asked I cracked and told him flat out how much money I made last year (high 6 figures). I was about to start ranting if he is happy now etc but my wife stopped me.

Well here is the problem, our family is very close and now somehow people seem to think I should pitch in and help him with money so he can keep his apartment. I don’t want to do that, when I refused I got called capitalist swine and all these other things by other family members. 

My wife thinks I should help him keep his apartment to not make family gatherings awkward in the future. 

Should I do this? Am I an asshole if I don’t give him jack shit?

Thanks in advance

Edit: forgot to add I did give a fair amount of money ($25k) towards another cousins wedding last year and this is used as leverage for me to help him with his apartment. As I said I don’t like him and could not care less if he ends up on the streets.

Edit 2: the “end up on the street part” is an exaggeration. I thought that was clear - I’m sorry","AITA for repeatedly asking my cousin about his income in front of the family and feeling humiliated when he finally answered? 

I have a cousin I see at our monthly family gatherings. Over the past several months, I’ve asked him about how much money he makes—around five times in front of the whole family. I work in the steel business, and to be honest, I’ve been struggling financially, which is something I occasionally share with the family. My cousin, on the other hand, is in real estate and seems to be doing very well, but I’ve always felt like he’s a bit standoffish toward me. 

At our last family gathering, I asked him about his income again, and this time he gave me a clear answer. He coldly told me he made a high 6-figure salary last year. I could immediately feel the mood shift. It felt like he thought I was trying to embarrass myself or something, and he seemed angry enough to start ranting at me. His wife had to stop him from saying more. 

Since then, the family has been upset at him for not offering to contribute financially to help me with my apartment issues. Apparently, he gave $25k to another cousin’s wedding last year, so people are comparing that situation to mine. He outright refuses to help me, and it seems like he couldn’t care less about what happens to me. 

Am I the asshole for thinking he should at least care enough about family to consider helping me, or for asking him about his income in the first place?"
109,e45x75,"AITA for not wanting to buy the makeup my mom wanted? So today we were at the mall, and went to the makeup store for my mom to buy me foundation (I'm a teenager) I had been looking forward to this for around a month because it costs like 20 dollars at this store.

So we go inside and the sales lady comes up to us and asks me what I want. I say I'm just here to buy foundation and I don't need help. She says okay, and starts walking towards another costumer.

And then my mom starts saying ""I want to matte one"" the sales lady turns to me and says ""ok, do you want the matte one?""

I say, ""No I want dewy"" because I always buy dewy I didn't think it would be so problematic.

But then my mom starts saying, ""No dewy looks bad you have to buy matte""

So I say ""Well just let me buy the one I like"" the sales lady is annoyed at her for confusing her, I'm annoyed because she's making a scene. So my mom just storms out and now I'm chasing after her saying fine I'll buy the matte one.

Now I'm crying because my mom embarrassed me when I was trying to have fun and yelling because I'm so sad and saying she makes everything about herself and the whole ride home she yells at me saying I need to learn how to talk to sales associates when I never said anything mean to the woman who was working there, I just said I didn't need help which why would she be mad about that (Ive been in a service position before). Now my whole family is saying I have to apologize to my mom.","Was I wrong for insisting on the matte foundation when my daughter wanted the dewy one? Today, we went to the mall to get my teenager some foundation, which she had apparently been anticipating for a while. Honestly, I just wanted to make sure she got something that would look good on her, so when the sales associate asked what we wanted, I mentioned that I’d prefer the matte finish for her.

But then my daughter insisted on getting dewy instead, saying that’s what she always buys. I personally don’t think the dewy finish looks nice on her, so I told her she should get the matte one. Instead of appreciating my input, she got frustrated and told me to just let her get what she wants, which felt really dismissive of my opinion.

It was an upsetting situation, so I left the store. My daughter ended up chasing after me, saying she’d get the matte one, but by this point, she was upset, crying, and accusing me of embarrassing her and always making things about myself. On the drive home, I tried to explain that she needs to learn how to handle herself better in these situations, particularly with salespeople, but now she’s saying I’m the one who owes her an apology, and my family is taking her side. Am I in the wrong for trying to guide her to make what I felt was a better choice?"
1387,dbuodt,"WIBTA if I cut my sister out of my life Using throwaway..

  I don't think I am in the wrong but just wanted to check with the sub if I am overreacting. 

  My older sister (49F) is a bit of a loudmouth. I (47m) have two other younger siblings. We are all pretty close but a realization just dawned on me  that my older sister has been a bit of a saboteur all my life. This realization came because of an incident that happened recently. 

Background: When we were younger, my sister used to be really good singer.  I loved to sing as a child but every time I tried, I was told by my sister how horrible I was at it. My mom backed her up too. So, I always assumed I couldn't sing and that it was a skill one was born with. 

  This stayed with me all my life. About a year ago, I decided this is something I really have to give a shot. I did some research and learned that with enough training and practice one can get reasonably decent at it.   I have been taking lessons for over a year now and have improved quite a bit. I recently sang at a large gathering. People really liked my performance and I got a bunch of kudos for it. I sent the video to my family. My sister called and completely flew off the handle. Telling me that I was wasting my time and that I couldn't sing. She ranted for quite a bit. I told her I was not looking for her encouragement or validation. This is a hobby and I am happy with where I am at and hung up. 

  But then I got thinking. I was taken aback by her reaction. I started thinking back to all the things that have ever transpired between us and came to the realization that she has always been sabotaging me. Not in a super obvious way but very strategically placed sabotages here and there. She would ruin my relationships with some well placed 'harmless' comments here and there. Nip away at my self-esteem at every opportunity. She even had me believing for a long time as children that I was adopted (She claims this was a joke). This has been a pattern all my life. She is not even self-aware to know what she has been doing and will absolutely not acknowledge any of it if I brought it up. She will laugh it off and gaslight me if I bring it up. 

  I don't doubt that in her own way she loves me. I am just perplexed at this behavior since I have had the realization of her sabotaging behavior. On my part, I think I have been great with all my siblings. I am very successful in life and I have made it a point to help them out as much as possible monetarily and in other ways. She has borrowed from me in the high five figures over the years and I have never even asked her to ever repay it. 

About ten years ago, I started cutting out all the toxic people from my life. This has worked really well for me and made my life much simpler. Now I am wondering if I need to dissociate from my toxic sister. I am considering severing all contact with her. 

Would I be an overreacting asshole if I did that?","
My younger brother (47M) recently sent me a video of himself singing at a large gathering, and I had a strong reaction that has caused some tension between us. Singing has always been something I was passionate about growing up, and I was even pretty good at it back in the day. When we were kids, though, my brother used to sing too. I’ll admit, I told him he wasn’t good at it back then—a lot of it was probably teasing, and I’m sure our mom backed me up since we tend to be very blunt in our family.

Now, he tells me he’s been taking singing lessons for the past year and that he performed publicly, which honestly shocked me because I still don’t think singing is his strong suit. When I saw the video, I felt frustrated—probably because I thought he was wasting his time on something he’s just not naturally good at. I made my opinions clear when I called him, but he dismissed what I said and hung up on me.

Since then, he’s brought up past dynamics between us, saying I’ve sabotaged him throughout his life. This really hurts to hear because, to me, these were just harmless jokes or moments of sibling rivalry growing up. I’d never intentionally hurt him, and honestly, I love my brother—even if I don’t always agree with what he does.

In our adult lives, he’s been really successful, and I’m genuinely happy for him—though our paths have been different. He’s helped me with money over the years, and I’m incredibly grateful for that, though I’d never think to keep score. I know I might not always show my gratitude or express myself the best, but I never thought our relationship would come to this. It seems he’s considering cutting me out of his life entirely, and I feel blindsided.

Am I wrong for reacting the way I did and for how I’ve treated him? Would I be to blame if he decided to sever ties with me?"
1295,boewzt,"AITA for being mad that I now have to help sustain my grandma and aunt. My uncle is moving to another state, my grandma and aunt have been living with him for the past 7 years. He said they are welcome to come live with him to the new place. They said no and now my mom who I live with said we either move to his house and sell our or I have to help pay their housing in the other house. 
I told her I didn’t want to move as their house is old and ugly and ours is newer and well taken cared of. 

When I said I couldn’t afford to help them. I told her I can just afford our rent, and I would need to get another part time job to help pay their stuff and instead of getting another job to finish school I will need to use it on them. She got mad at me after I said that and said I was being ungrateful and she no longer wanted to talk to me. 

I know she had to help my grandma out really young at 14 and that she has never stopped but I really don’t feel like I meed to do the same just because she did it. 

Im I really the ass hole here..?","

""Am I wrong for being upset with my child for not wanting to contribute financially to help support my mother (their grandma) and my sister (their aunt)? My mother and sister have lived with my brother for the past 7 years, but now that he’s moving to another state, they’ve decided to stay behind. Since they don’t want to move with him, I’ve suggested either we move into my brother’s house and sell ours or come up with a way to help support them where they are.

When I explained to my child that they’d need to help out financially if we’re going to keep things as they are, they said they couldn’t afford it without taking on another job. They also said they wouldn’t use the money from the extra job to contribute toward our family’s needs because they’d use it on school. I reminded my child of how much I had to sacrifice starting at the age of 14 to help take care of my mom and family, but instead of understanding, they told me they don’t feel like they should do the same thing just because I did. 

When we spoke, they also said they don’t want to move into my brother’s house because it’s old and ugly, even though it’s a practical solution for everyone. I got upset and told them they were being ungrateful and refused to keep talking because I felt so hurt. Am I wrong for being upset that my child doesn’t want to help out in a situation where family needs to step in?"""
381,ck9cy4,"WIBTA if I abandon my friend in a long-term abusive relationship?  My friend who I've known since school has been in and out of a relationship with a sociopathic gaslighting manipulator for nearly five years on and off.  Each of the (6?) times theyve broken up, I've been there- and now I feel tired, disrespected and feel like I'm helping an addict here. 

That take on her is his own btw. I have nothing against this girl apart from what I see in him each time- confidence sapped, financially broken and losing his shit every. Single. Time. 

Now up until this point I've been like - just be there. Be supportive, let my bro know my thoughts yeah but just be on hand when he needs it. Because he does need people round when he's broken type thing.

But this final time getting back with her recently has got me both bit pissed off, and thinking- am I simply helping or even enabling an addict? 

Some context: this time they split up because his grandma is sick, he wanted to spend more time with his family and she said no, so he walked. (His story)

I helped him again emotionally, to get on his feet with well worked job references and interview prep. Within a few months he has a new job, is nearly out of debt and is on course to moving out of his mom's (who also, in despair keeps supporting him each time and often calls me about it).  

BUT NOW HES DISSAPEARED AGAIN, presumably back with her.  Now im thinking- Its not her thats the problem - it's him. For not having the strength to follow through staying away- and breaking promises to me, disrepecting his mum and his grandma. I'm becoming unwilling to waste my efforts again. I feel like I've been bullshitted year after year.

By hanging out and being supportive of him next time it goes tits up, I feel like I'm backing up the person who is harming my friend I.e himself. 

Next time they split up 'for good',  I'm thinking tough love is needed. In a quite literal sense don't have the time for this all over again as I now have a child- who is far far more important than this recurrent soap opera.

So I'm probably going to straight tell him to leave me alone - at least for a good while until he's sorted his own shit out for good.....But Would I Be The Asshole?","Would I be the asshole if I kept reaching out to my friend, even though he keeps distancing himself from me and appears resentful? I've known him since school and we've supported each other through tough times, but for the past five years, he's been increasingly judgmental about my relationship. He keeps telling me my partner is abusive, manipulative, and damaging my life—based solely on his perception of me during our rough patches. 

I've tried to explain my side repeatedly. We’ve broken up several times, not because my partner is a terrible person but because relationships are complicated. He doesn't understand how hard it is for me emotionally or mentally, nor does he see the love we share, which is why I keep fighting for it. Maybe I haven't always made the best decisions, but I'm trying to figure things out in my own way. 

Whenever my relationship falls apart, he steps in, but over time, his ""support"" has started to feel conditional, like he's keeping tabs on me. He’s helped me out when I needed him, sure—like getting me interview prep or talking to my mom for me—but now I’m realizing he mostly blames *me* for the way things go. It’s like he can't accept that sometimes life is more complicated than a simple “break it off” solution. 

We've had falling-outs before because he gets fed up and acts like I’m wasting his time. I know he has his own life and a child now, so maybe it’s selfish of me to ask for support when things go wrong. But at the same time, it really hurts to see him act like everything is so clear-cut when I'm just trying to figure my own personhood out. Now he’s so upset that he’s planning to abandon me—not just when I need support but going forward entirely, even if I really need a friend. 

Would I be the asshole for feeling like he’s giving up on me and judging me unfairly instead of being the kind of friend I’ve always tried to be for him?"
168,byks7c,"AITA for refusing to be a groomsman? 10 years of details I'm skimming over, but here's the general gist:  


In my early 20s, a circle of friends and I loved this fun, albeit immature, guy we'll call LI. He's a hyper competitive guy but always seemed extra fixated on challenging me. Said maturity and competitiveness got worse with each passing year.    


By our mid 20s, he got caught on this loops where he would repeatedly say, ""I'm going to bang your sister,"" ad nauseum. After I called him out on it in front of a bunch of our friends and thoroughly embarrassed him by reminding everyone how a guy he hated in high school was currently dating my sister, his immaturity and general shitty behavior went into overdrive.   


He PMd me on every social media account I had with, surprise, ""I'm going to bang your sister."" Outside of her romantic interests treating her with proper respect and care, I don't care about my sister's love life in the least. Don't know why he thought that line would get to me. But the creepiness, disrespect and immaturity was wearing thin.   


He seemed to come to his senses and asked me to come meet him at a bar to hash things out. I agree. His apology started out okay enough, but ""... so sorry about all that. But I'm going to bang your sister someday. You know that, right? I will."" (Narrator: He did not.)  


Then I  completely cut him out of my life. Told circle of friends never to invite me anywhere there's a chance he'd come. They obliged. Circle and I slowly grew apart. I'll never know how much was because of LI vs natural life flow.   


Five years after that, we have a chance encounter where he says we need to ""bury the hatchet"" and asks for my phone number. I give it to him knowing full well it's blocked and had no interests in undoing it. The next day at the same music fest, I spot him standing by himself in the wings, watching my every move for about 3 minutes. Fucking creepy.   


By happenstance, a mutual friend of ours, let's call him SB, that I'm still fairly tight with gets engaged. SB informs me he wants me both me and LI to be groomsmen and might make me best man. I thought about it for a week and then informed him there was no way in hell I would be in the wedding party or go to a bachelor party with someone that disgusts me. Sure, it's their day, but it's also my life.   


Understandably, SB and his fiance', who I'm also friends with, are pissed. However, SB decided at the last minute he was not coming to my destination wedding last year due to a ""lack of funds."" Sure, it was pricey and inconvenient as hell. No offense taken. However, he seemed to have plenty of funds when he went to a Vegas bachelor party a month before our wedding.   


SB and fiance' asked me to reconsider a few times now. I'm sticking with my decision. They haven't made theirs.","Am I in the wrong for repeatedly trying to mend things with an old friend, only for them to refuse to be in my wedding party because they still hold a grudge against me?"
351,7vdoov,"AITA for not going on a trip to Disneyland with my friends. So basically a couple weeks back my (potentially former) best friend came up with the idea of going to Disneyland with two other pals (one of which she is going out with). I was down at first but then, as we started planning later on, I realised I couldn’t afford the trip as well as having a trip that I’m going on later this year to visit a friend from reddit across the world. My best friend came back to me with with a slightly lower price but I’d still only just be able to afford it and then I wouldn’t be able to go on this visit to the other friend. I’ve told my best friend this and she lost it, calling me selfish and stupid and saying that she’s done talking to me and won’t put up an effort in being my friend. I know for a fact that these other two friends are on her side (they’ve quite verbally shown this) and will talk to her and not me so I’m just having to sit in all my college classes silently on my own now. Am I being a dick for not wanting to go? I see these other friends all the time and have never properly met my reddit friend. ","  
I planned a trip to Disneyland with my (potentially former) best friend and two other close friends. I worked hard to come up with this idea because I thought it would be amazing for all of us to go together and build great memories. One of the friends going is my partner, so it was already something I was really looking forward to, and I assumed my best friend was excited too. At first, they agreed and said they were in, but later they told me they couldn’t afford it because they’re saving for another trip to visit someone they’ve never even met in person—someone they know from Reddit. I even went out of my way to adjust our plans and cut the cost, but they still said no because they’d only just be able to afford it and wanted to prioritize this Reddit trip instead.  

I was upset and let them know how I felt because, to me, it felt like they were choosing a stranger over the people who were already here for them and who care about them. I admit I told them I was done trying to keep this friendship going if I was going to be treated like this, but now they seem hurt and are isolating themselves in class. Was I wrong for losing my patience and calling them selfish for not being part of this trip?"
721,eggl4y,"AITA for not really feeling bad after something fell on my friend after repeatedly telling him what he was doing would cause that very result? I just finished my first semester of my freshman year of college but this is still bothering me. I made a friend during orientation and some weeks later we were hanging out in my dorm room. He was sitting on a chair and started playing with some plastic shelves over my bed. He was sort of pulling and hanging on them and I told him repeatedly and jokingly to knock it off because they weren't incredibly sturdy (they were made of a really light plastic, I guess for safety reasons since they're meant to go over/around a bed) and they could fall on him. They couldn't possibly hurt anyone (unless like a piece fell directly into someone's eye or something), they were also really annoying and tedious to put back together, not to mention I think people should respect others' belongings when they're guests in someone else's living space. Sure enough, he kept doing it and part of it collapsed, with just some hollow plastic tubes falling on his arms/torso. My first reaction was irritation because things on it fell everywhere and I had to clean those up and put the damn thing back together. He was upset that I didn't make sure he wasn't injured or apologize to him for my shelves falling on him before being like ""this is why I asked you not to do that"". I didn't yell or anything, though I'm sure my irritation was apparent. Apparently he told other people we were acquainted with about the incident and they think I'm some sort of sociopath for not initially falling over myself to make sure he was okay. I should also mention that I'm female, and I wonder if he/those he told the story to would react differently if I were male. Reddit, AITA?","

I was hanging out in my friend's dorm room during our first semester of college, and while I was sitting on a chair, I started to mess around with these plastic shelves she had over her bed. I was pulling on and hanging from them a little, even though she kept telling me jokingly to stop because they weren’t very sturdy and could fall. I figured it wasn’t a big deal since they were light, and she didn’t seem super serious about it. Then, part of the shelves collapsed, and these hollow plastic tubes fell on me—on my arms and torso. It startled me a bit, and I was annoyed that it happened, but instead of checking if I was okay or saying sorry that it fell on me, her first reaction was to get irritated about the mess and start telling me that this was why she had been warning me not to do it. Sure, I hadn’t stopped when she told me to, but I felt like her lack of concern for me was kind of cold. Am I wrong for feeling hurt and thinking she should have made sure I was okay before anything else?"
1013,e71k42,"AITA for not wanting to move back in with my inlaws?  My fiance (26M) and I (24F) have been together for 5 years and have a 3-year old as well. When we first discovered we were pregnant we moved in with his parents who charged us affordable rent and we lived together alright for the most part. There are no big glaring issues living with them, but a list of inconveniences that I believe make it easier to just live separately. Examples:

 the grandparent's feed and give my son whatever he wants instead of asking me first. I'm not a big health nut but no ice cream before bedtime and tons of juice all day instead of just water is bad in my opinion. 

They constantly give me advice on how to raise our son to the point where I have to defend/justify my own choices. 

They fight with each other quite often and it's awkward being in the same house trying to distract a child from yelling. 

They invite my Brother-in-law over whose a rude, druggie that starts fights, and they try to babysit his kid who will literally bite and push my son, throwing tantrums every time they're over. 

They refuse to let me handle my own laundry or clean anything because they rather do it themselves. Living with them has been 40% pleasant and 60% stress and I never feel fully at ease. I worry about any complaint I have offends them, and it makes me feel guilty.

Then they decided to move out down the road to a bigger house where they plan to live forever and host family gatherings. They let my fiance and I lease the current house as our own for 3 months now. We pay 70% of the rent/utilites and they've willing covered the rest. I've been genuinely happier on our own and my fiance has been as well. 

However, my fiance told me last minute there's a good possibility due to money problems, that his parents want to sell the house we're currently living in and have us move back in with them. I immediately got upset and said I rather get an overnight job than live with them. Not only would we be taking our house full of stuff and squished into two rooms, but all the previous issues mentioned would come back. It upset my fiance because he loves his parents and it hurts him that's he not making enough money for us to live on our own. But every time I try to get a job I'm lectured by him and his parents that my job is to watch our son. Now for the positives of living with them, they'll babysit whenever and will pay for anything we want in terms of clothes, medical bills, food. They genuinely love me and my son, but I think to the point where I'm seen as their child instead of a separate adult. My fiance has no issues living with them and just wants everyone to live together happily. Am I the Asshole for rather finding a small apartment/duplex rather than move back in with my In-laws?","Am I in the wrong for wanting my fiancée (24F) to move back in with my parents? From my perspective, my parents (who are loving and supportive) provided us with affordable rent and much-needed help when we were starting out. They genuinely adore their grandson and have always been generous—offering to babysit whenever, covering expenses like food, medical bills, and clothes, and even adjusting their lives to welcome us into their home in the past. When money was tight, they didn't hesitate to let us lease their house at a reduced cost, continuing to help us when we couldn't fully manage things financially.

While my fiancée feels stressed and uneasy living with them, I find comfort in having my family together, and I know how much it means to my parents to be close to their grandson. I also feel disheartened knowing I’m not earning enough to support us living independently, and I believe moving back in with them would alleviate the financial strain and foster a sense of togetherness. Is it unreasonable for me to prioritize saving money and staying close to my family? Am I wrong for wanting us all to live together again under my parents' roof?"
1043,d05b9g,"AITA for celebrating my son's birthday 2 days early?  So, myself and my Ex partner (whom I am generally on good terms with) have a son together, who will be 2 years old on saturday.

We  don't live together, she has him the majority of the time, and then I  either go and visit often around my work schedule/her fairly busy work  schedule and social life, or he comes over to mine to stay the odd night  etc when it suits him and both of us.

I  have just spent the day out with him today for our birthday celebration  as it is the last day I will see him before his actual birthday on  saturday, as she has booked to take him away to a seaside resort for the  weekend. She has asked me to cover the cost of the nursery bill for  that day which he would have attended had I not taken him out for the  day, as she had plans.

I thought  it would be nice to get him a few little cakes for after dinner and have  some candles lit and sing happy birthday as you do. When I say little, I  picked up 2 ""French Fancies""(a google search will reveal if you haven't  heard of them) and popped a candle in each, then took them to him after  dinner to sing happy birthday.

&#x200B;

Later  on, when I mentioned this to my ex, she flips out, saying: ""Why did you  do a cake with candles and everything when I've paid f\*cking 50 quid  (£) for a cake!? I'm not impressed""

I  was aware she was obviously going to do a big cake on his birthday  proper, but wasn't aware of how much she spent on the cake (i feel it is  pretty irellivant to him, he's 2). I explained to her that I just  wanted to do a little something and that I deliberately didn't want to  make a big deal of it.

She then comes back with ""You sang happy birthday when it's not his birthday till saturday and now ruined it for saturday""

Am I the asshole here?","Was I in the wrong for being upset that my ex celebrated our son’s birthday two days early and sang ""Happy Birthday"" with cakes before the actual day? From my perspective, I planned a special birthday celebration for our son on his actual birthday, including a cake I spent £50 on. I felt that his decision to celebrate early – even in a small way – diminished the uniqueness of what I had planned for Saturday. I specifically wanted to go all out for my son's special day, and seeing that my ex already celebrated early with candles and singing felt like it took away from the surprise and joy I’d been preparing for. Am I wrong for feeling hurt and reacting strongly?"
51,cftzz9,"AITA for not willing to evenly split a check at a bachelorette dinner? I’m gonna see if I can explain this in most basic way possible. 

My brother is getting married to an amazing woman, and this weekend is the bachelorette weekend/party. We did a ton of tours at brewery’s, got lunch, I bought her coffee’s, food, drinks all weekend. 

A bridesmaid booked a dinner reservation a higher class restaurant. I wasn’t hungry because I made dinner a bunch of food at the house we were staying at and got a single beer and $5 side salad. 

The check comes up, they come the conclusion that each bridesmaid has to pitch in $56 plus tip. I threw down 25 and 2 of the bridesmaids called me cheap and shady cause of appetizers and shots. They all took shots, not me. They all got apps, I didn’t take one bite or order one. I put down money for half the brides dinner and her shot and drink, plus mine and tip. 

I’m in a party of 10 people and half of them are rolling their eyes and furious. But I purposely did not order these meals or drinks cause they’re all so pricey. Everyone’s dinner was maybe $30 cheapest. I still paid for the part of the brides things and bought everyone’s beers at every brewery we went too but now I feel like a cheap little b word.","  

""During the bachelorette weekend, I noticed that one of the bridesmaids (you) was hesitant to split the dinner check evenly at the nicer restaurant we went to for dinner. When we all got the check, we agreed to split it evenly among everyone, which came out to $56 per person plus tip. Everyone else, including me, had ordered appetizers, mains, drinks, and shots, which added to the experience of celebrating the bride together. You mentioned that you had only eaten a $5 side salad and had a single beer, so you paid $25 instead, saying that it covered your part as well as half of the bride's dinner and drink.  

Some of us felt frustrated because it seemed like you weren’t willing to join in the shared spirit of splitting the check evenly, which is pretty standard in group dining situations like this. While I understand you didn’t partake in all the food and drinks, it made me wonder if it’s fair to the group to calculate your share differently, especially since this was a celebratory evening for the bride.  

Am I in the wrong for thinking you should have split the check evenly with the rest of us, despite your smaller order, since we were all there for a shared celebration?"""
70,cnuze2,"AITA for telling my sister I would struggle to support her. so my sister 22f is a trans female, so she still has a penis. 

she likes to go out and sleep with people and do one night stands, my issue is that she will omit the fact that she has a penis until she is in her underwear just about to have sex. 
she had been kicked out of so many homes and one dude told her to fuck off and got pretty mad. 

I've tried to tell her that people can react worse then that and i don't wanna see her on the list of trans people who have died but she always shrugs me off. 

I know that there will be that one person who will get so mad he or she might do something bad to my sister, but my sister seems to not care. 

so I told her that If something was to happen I would struggle to feel sorry for her as she knows the risks but does not care, she took that pretty badly and my whole family now hate me over the comment. 

did I fuck up?","

""STORY: AITA for being upset with my sibling for telling me they would struggle to feel sorry for me? 

So me, 22F, am a trans female, and I am just trying to live my life authentically and enjoy dating like many other people. However, my sibling has expressed concerns about how I approach intimacy with others. I’ve chosen not to disclose the fact that I’m a trans woman with a penis until things progress to a more personal stage because I feel this is something intimate and private that doesn’t need to be announced upfront.

My sibling keeps warning me about potential dangers, like getting kicked out or facing angry reactions, and while I understand their concerns, I don’t want to live my life in fear all the time. I feel like it’s my right to navigate my situations in the way I am comfortable, and if someone reacts poorly, that’s on them—not me.

Recently, my sibling told me that if anything bad were to happen to me because of this, they would struggle to feel sorry for me since I supposedly ‘know the risks.’ That hurt me deeply. Instead of supporting me, they’ve made me feel rejected and blamed for just trying to live my truth. My family now knows about this comment, and they’re upset with my sibling as well. 

Am I wrong for feeling hurt and expecting more empathy from my sibling?"""
1343,eu0wnu,"AITA- Pointing Out Terrible Bible Verses To My Very Christian Parents My dad and stepmom are very Christian, they go to Church as often as they can, participate in all the events and volunteer. They pray before every meal and have a conversation about God almost every day.

I'm not. I have my own reasons why I dont believe as they do, but they wont leave me alone about it. I dont bring up religion or political views on purpose because I know my views are very different from theirs. However my dad constantly tries to convert me. Just earlier he came in with a sheet of paper and told me he signed me up for a few Christian events for people my age. I told him I wont go because I dont believe in it, and he finally sits down and asks me why. Before I can get through my first point he interrupts me and tells me I need to get off the internet because none of the things I am talking about are in the bible.

After he left for the store I took out my grandmother's bible (the only meaning it has for me is she wrote in it. Seeing her handwriting is very comforting to me and it's the only thing of hers I have. The only words that matter to me in it are hers) and bookmarked the verses I was taling about. I picked out maybe four, all neg6and hateful verses that I strongly disagree with and are part of the main reason I reject Christianity as a whole.

What I want to know is WIBTA if I left the bible with its bookmarks on the dinner table where he can find it and see for himself that I'm not just pulling random things from the internet? I just want him and his wife to leave me alone and stop trying to shove their views down my throat.

I would leave the bible out with the bookmarks and a note saying ""Read the verses I bookmarked, because I did. I understand this is your faith, but please understand it isnt mine.""

Edit:

I'm going to put this here because it seems like every other person commenting thinks I am trying to convert my dad and stepmom.

I'm not. As I stated above, I just want them to leave me alone and stop trying to shove their views down my throat. I dont care if they continue to be Christian or not, I just want them to stop trying to make me one."," My son is not religious, and while that's hard for me to accept because my faith is such an integral part of my life, I just want him to see how much peace and purpose it has brought me. My wife and I are deeply involved in our church, and we genuinely believe that bringing him closer to God could help him in his life as well. We've tried to encourage him in different ways, like signing him up for events with others his age in our church community. I admit that I brought this up again recently, which led to a discussion about why he doesn’t believe. I'll confess that I got defensive when he started listing reasons—things I don’t think are true of the Bible.

Later, I discovered my grandmother’s old Bible, which had been left on the dining table with bookmarks and a note from my son asking me to read certain verses. The verses he marked were all harsh ones, ones that I don’t necessarily focus on and which don't represent the love and goodness I try to center in my beliefs. I understand that he wants space, but it felt as though he was challenging me or trying to push back at my faith in a way that stung.

I keep wondering: Am I in the wrong for feeling hurt that my son handed me my own faith’s book in this way, with such negative verses highlighted? Or am I wrong for possibly pushing my beliefs too hard on him and prompting this reaction?"
247,8qfzv8,"AITA for not asking before eating? we have a weird rule in my house that you must ask before you eat absolutely anything. to the point my mom padlocks the fridge. i think the rule is dumb, and as long as you aren't causing harm should be able to eat. This is to the point where i've been actually demonized and called a thief by my family which i feel is a great exaggeration. Not to mention my mother isn't always available. I've even been called the problem child over it. Anyways, i don't think it's that big a deal and never really have. Am i the asshole?","Am I wrong for wanting to enforce a household rule about asking before eating? In my house, I’ve set a rule that everyone must ask before eating anything, and I even lock the fridge to make it clear. To me, this helps with managing food supplies and maintaining order, and it’s upsetting when someone ignores this rule. It feels disrespectful, and when it happens repeatedly, it can come across as thoughtless or selfish behavior. I’ve tried explaining this, but one family member insists that the rule is “dumb” and disregards it regularly, leaving me feeling frustrated and like my efforts to keep things organized are being undermined. Am I the problem for feeling upset and enforcing this rule?"
76,6ws7p6,"AITA for saying that the thought of having sex with another guy makes me uncomfortable? (Long) Okay, so this happened yesterday evening at my local pub. It was a public holiday here in the U.K. and a lot of people were out for the evening, more than usual on a Monday night. One of those was an old schoolfriend whom I haven't seen for a good 4 years. We'll call him James. We were never especially close, but got on pretty well. It was nice to see him and catch up, and since leaving school and going off to uni has come out openly as gay.

We were chatting about a variety of things, and he was talking about the gay scene at his uni and how he came to terms with his homosexuality and stuff, and it was really great to talk to him about relationships and stuff and most importantly to see how happy he was - in his last year at school he went through some personal issues, and while I'm not absolutely sure if it was anything to do with his sexuality, a lot of people even at the time suspected that was the case.

Both of us had had a few drinks, although he didn't seem openly drunk or anything. At one point he made a remark that it was a shame that I'm not gay because he gives really great head and thought I would enjoy it. I kind of laughed it off, it was fairly innocuous, plus I'd been talking to him about my girlfriend so he knew that I wasn't gay, though he may have wondered if I was bi. Evidently he was wondering, because he asked if I had ever considered experimenting with guys. My reply was that I had never given it any *serious* thought, mainly because the thought of actually being sexual with another guy makes me feel uncomfortable.

His response was, ""Wow, that's pretty homophobic."" To which I explained that, to my knowledge of the term, I'm not homophobic, merely that I myself would almost certainly find no enjoyment or pleasure from experimenting with a guy. After, I could tell he had gone a bit cold towards me, and after a minute or so he made his excuses and went to join his friends. About ten minutes later, a girl whom I've never met before - let's call her Katie - came over to me and started berating me in the middle of the pub for being, in her own words, ""violently homophobic"" towards James. After effectively being shouted at for a good five minutes by Katie, with me trying to get a word in edgeways to explain why I didn't feel I'd been homophobic, the landlord of the pub came over and said that if the shouting didn't stop we'd both be thrown out. In the end, I finished my drink and a friend and I went somewhere down the road to get away from the glowering stares we were getting.

This morning, I sent James a message via Facebook and apologised for any confusion or offence caused, but he saw it and hasn't replied. Normally something like this wouldn't get to me so much, but I consider myself to be a very open, inclusive and accepting person of all sexualities, genders, orientations and the like. Hell, I pride myself on it. I don't feel like what I said was wrong, but from both James and Katie's reactions it's obvious that they took offence.

Am I the asshole here?

**"," 

Was I in the wrong for expressing my feelings and drawing attention to what felt like homophobic behavior? I was catching up with an old school friend at the pub and felt comfortable enough to jokingly flirt and mention experimenting with guys, just as part of a lighthearted chat about sexuality. When he said he felt ""uncomfortable"" at the thought of being sexual with another guy, it struck me as insensitive—especially since I had been opening up about my journey as a gay man and the struggles I went through to accept myself. His statement felt dismissive, and it stung because it came from someone I thought was supportive. 

I tried to address it by pointing out that it sounded homophobic, but he seemed more focused on defending his lack of attraction instead of considering how his wording might come across. Feeling frustrated and upset, I decided to leave when the atmosphere felt tense. Later, a mutual acquaintance, Katie, stood up for me, which made me feel seen in a way my friend hadn't. Even though he apologized afterward, I still feel hurt by what happened.

Am I in the wrong for feeling offended, reacting the way I did, and distancing myself?"
993,bw8l90,"WIBTA if I donated my step-daughter's stuff and gave away her pet? I (32f) have a step-daughter (17) that we'll call Ashley. She came to live with us about a year ago when her mom moved out of state and she didn't want to go.

It's been a rough year. She had a lot of mental health issues, and ended up dropping out of high school and attending a full time therapy program. She finished the program, but got little out of it. She now stays in bed 24/7 watching Netflix and smoking weed all day.

Her dad and I have been trying really hard to get her to do basically anything. We enrolled her in online school. She lied about doing her work, and got kicked out. We signed her up for community college classes, she didn't go. I helped her get a job at my work, and she got fired before she started for not filling out the paperwork.

I guess she got tired of us pressuring her, and she waited for us to leave for work, and she packed her bags and flew to her mom's house. Evidentally they have been planning this for months. I am not sure why they didn't just tell us, because we wouldn't have been mad. We were planning on talking to her mom to see if she thought she'd do better there. Instead they said nothing and we were worried sick because we had no idea where she was. They actually did this once before. She lived with us for a few years and went for a visit to her mom's, and never came back. Her mom moved and wouldn't give us the new address for over 6 months.

When her dad texted her a few days ago, she said everything is his fault and she's done talking to him forever. Honestly, he has done so much for her. He has always been there for her, so he is super hurt by this. 

When she left, she just left everything in her room, including a bearded dragon (with no food or water). I have reached out to her several times over the past week to see if she has a plan to get her stuff, or if she wanted us to ship it to her. I would just ship most of it, but just like last time, we don't have their address. She hasn't responded to any of our texts or calls.

My plan is to leave her room as is for 30 days, then pack up all of her pictures/yearbooks and anything else that looks important. Everything else I will donate. A friend of mine who loves animals offered to take the bearded dragon.

We have a small house so storing all of her stuff indefinitely would really be hard.

So, WIBTA for donating her stuff and giving away her bearded dragon? Or as parents should we store her stuff until some day she can come get it? Her dad and I are both emotional and really hurt right now. We hope to rebuild our relationship with her some day, so I just want to make sure we're doing the right thing.","  
I (17f) left my dad and stepmom’s house to move back in with my mom. I was struggling a lot with my mental health while living with them and didn’t feel like I was making any progress there. I tried therapy, but it didn’t seem to help much. I just felt overwhelmed by the pressure they were putting on me to do things I couldn’t handle at the time—school, work, everything. It felt like I was constantly being pushed, and no one was really hearing me or understanding what I needed. I’d been talking to my mom about moving back in with her for a while since I thought it would be a better environment for me.  

Instead of having another hard conversation that would just end with more pressure, I decided to leave when they were out so I wouldn’t have to face the stress of trying to explain myself again. This isn’t the first time I’ve done something like this; I’d stayed with my mom once before after visiting and felt like it was healthier for me. I knew my dad and stepmom would be upset, though, so I didn’t say much to them once I left. I was just trying to protect my own mental health.  

Now my stepmom has been trying to contact me about all the stuff I left behind, but I needed some space, so I haven’t responded yet. She says she’s trying to figure out what to do with my things, including my bearded dragon, since she doesn’t want to keep everything and doesn’t know when (or if) I’ll come back to get it. From her perspective, she probably thinks I’m being irresponsible for not answering or dealing with it.  

Still, I left for my own reasons and wasn’t in a good place mentally when I left those things behind. I don’t feel ready to talk to them yet, but now she’s planning to donate my stuff and give away my bearded dragon if I don’t respond in 30 days. From her side, I guess she’s emotional and hurt, but from mine, I don’t feel like dealing with her right now is something I can do while focusing on myself.  

So, am I in the wrong for not responding about my things and my pet, even though I made the choice to leave because I needed space?"
1278,el30cp,"AITA for interrupting my SO's phonecall to call them out in a lie Okay, so I regretted doing it as soon as I did it, but I don't know how to navigate this situation and apologize without making it seem like what they did was okay.

My SO and I were recently involved in a multiple car pile up. Someone came to a complete stop on a busy highway without warning and caused a string of rear ends. My SO's car was the third to make contact, and mine was the 4th. Their vehicle is fine (suburbitank), mine was totaled (mini cooper) on their trailer hitch and I ended up with some injuries. The first two vehicles were trucks, both fine and the drivers were uninjured. 

An insurance agent called my SO today, apparently the guy at the front of the line was claiming a back injury on all if our insurances. I happened to be in the room, and I didn't know what the call was about nor was I paying attention. Then I heard my SO say my full name in a formal sounding voice, so I started paying attention. My SO proceeded to claim that I drove into them at full speed without breaking and pushed them into the next vehicle, which isn't what happened. I'm not saying I was faultless in the accident, but I wasn't that negligent. I started to tell my SO that what they were saying wasn't true, and my SO waived me off then said to the person on the other side of the phone ""sorry (they) doesn't like that I'm talking to you"".

At that point I was p*ssed, so I put my face up to their mic and said ""no, I'm not mad that (they're) talking to you I'm mad that (they're) lying."" Then I stormed off. I know I should've settled the problem in a more adult way, and my actions didn't help anyone. My SO was angry. I apologized for interrupting, but im still really mad that they threw me under the bus. 

I know that I have a tendency to overreact at times and I need some outside opinions.

So AITA for interrupting my SO lying about me during an insurance investigation? And AITA for still being mad about it?","Did I handle things poorly by trying to protect my SO during an insurance investigation? 

I was on the phone with an insurance agent discussing a car accident that occurred on a busy highway, where multiple vehicles were involved. My SO and I were both part of the accident, with our cars colliding as part of the chain reaction. My car wasn’t significantly damaged, while my SO’s Mini Cooper was totaled. Tragically, they also suffered some injuries. 

The call was about someone at the front of the pileup claiming back injuries and trying to involve all of us in their insurance claims. While explaining the incident, I stated that my SO had driven into me at full speed without braking, pushing me into the car in front, which is how the accident played out from my perspective. However, my SO overheard my words and got visibly upset. They claimed what I said wasn’t true and interrupted the call by putting their face near the mic to tell the insurance agent, “No, I’m not mad that they’re talking to you; I’m mad that they’re lying.”

This intervention embarrassed me, made the situation more chaotic, and ultimately painted me in a bad light during the call. Later, my SO apologized for interrupting, but they remain angry with me for how I handled my account of the accident. I feel torn because I wasn’t trying to ""throw them under the bus"" but was instead describing what I thought was accurate to ensure the insurance process was handled properly. 

From my perspective, my priority was transparency and resolving this issue appropriately, and their reaction feels both unfair and impulsive. So, am I wrong for how I managed this conversation and for feeling upset about their interruption?"
300,d5n2pa,"AITA For being upset at my girlfriend due to her financial decisions? My gf (20F) and I (20M) have been together for almost 2 years. In that time I have spent thousands on plane tickets to see her since we did not live in the same state for an entire year. I have paid for her tickets to me, and my tickets to her. Which I am perfectly okay with because I love her and want to be around her.

I have also paid for her mistakes. She ruined a $400 couch once after a drunk night out, I covered that cost since I had the money and she didn’t, this was during the year we were apart and I was working a steady job and she was in university, with no job. I never asked for the money back.

During our visits throughout that year I also financially provided for almost all of her meals while I was in town because she couldn’t afford to eat out. I was fine with all of this.

This year we are at the same university, and see each other on a regular basis. She received a full scholarship and grant this year, so she is extremely financially stable, she actually gets paid to go to university. She has spent thousands on a new macbook, a huge tv, a surround sound system, etc. All things she wanted for herself. She had a laptop, tv and speakers, these new purchases were “upgrades.”

Last week we went out to grab burgers and I was short $3, so she paid for me and immediately ask for her money when we got home. I also broke my leg recently, and spent some time at her place overnight, in that time I finished a container of her ibuprofen, and she expected me to replace the $2 container.

I never spent money on her expecting to be given anything but appreciation in return. Now the roles are flipped. I cannot work because of my broken leg, and she has plenty of extra money because of her scholarship. I dont expect her to shower me with gifts, but it would be nice for her to maybe cover my $3 dollar burger, or instead of spending thousands on luxuries for herself, help me when I’m hurting, like I helped her when she couldn’t fly to me.

AITA for feeling this sad? I have not said anything to her, I want to see what reddit thinks.","AITA for expecting my boyfriend to contribute financially even though he helped me a lot when I needed it? For context, my boyfriend (20M) and I (20F) have been together for nearly 2 years. During the year we were in a long-distance relationship, he spent thousands of dollars on plane tickets to visit me and also paid for my transportation to see him. He was financially supportive in times when I had little income as I was in university full-time without a job. 

He even covered a $400 cost for a couch I accidentally ruined during a night out because I couldn't afford to fix it. He also paid for most of our meals during his visits, and I appreciated all of this deeply but never explicitly asked for it.

Now, we're finally at the same university, and my financial situation has significantly improved due to a full scholarship and grant. My finances allow me to buy things I’ve always wanted, like a new macbook, TV, and surround sound system. However, my boyfriend broke his leg recently and is unable to work right now, so he has no income. Recently, when I covered a $3 burger for him, I asked him to return the money. I did the same when he finished off my $2 container of ibuprofen.

I don’t mind spending money on myself because these upgrades were things I wanted and worked hard to be able to afford. However, I believe financial independence should apply equally in relationships, and I don’t think I should necessarily take financial responsibility for his needs just because he helped me when I had less income. Am I wrong for expecting him to handle his own financial challenges rather than relying on me despite his situation?"
585,ddlknt,AITA for telling my friend she ruins get togethers or events etc.. when she cancels at last minute? Whenever I try to get my friends together to go places or do stuff she cancels at the very last minute ALWAYS ... and it ruins everything because you have stuff planned and it messes with that. I told her that and she sent me a meme and an “ok😔😔”. it would’ve been fine if it was an good excuse but it’s always dumb excuse because she probably never wanted to go to begin with. Sorry for my poor English.,"AITA for sending a meme and an “ok😔😔” after my friend told me I ruin get-togethers when I cancel last minute? From my perspective, I struggle to follow through on plans for various reasons, and sometimes don’t feel like attending events I initially agreed to. When my friend confronted me about it, I responded with a lighthearted meme and a sad emoji, unsure how else to handle being called out. Am I in the wrong?"
1026,chr0yk,"AITA for setting a passcode on my tablet About a week ago I set a passcode on my tablet because my little sister kept on getting into it and downloading weird games from the app store onto it, which I had to keep deleting everyday after I woke up. Sometimes I would oversleep because she was playing on it around the time my alarm went off and i wouldn't hear it. The other reason I locked it was because I get really anxious when people go through my gallery, reddit, etc., and my older brother and dad would look through my tablet sometimes and it made me feel like they were judging me for the things I have in the gallery and the things I post (my gallery is full of drawings I made.)

After I set a passcode, everyone got angry at me for doing it, so I told them the passcode. Later, I set another one and the next morning I woke up to my dad yelling at me about the passcode and he said he would sell the tablet. (It turns out he wasn't bluffing) About a day later my brother said he would show me where my dad hid the tablet if I told him the passcode and let him go through the tablet for a few minutes, so I let him do it. Nothing else has happened so far.

Edit: the tablet is mine."," My younger sibling set a passcode on their tablet, which annoyed me and other family members. The tablet is technically theirs, but the passcode made it so I couldn't use it when I wanted to. I’d occasionally go through the tablet to check out whatever they were doing with it—like their gallery and apps—just to make sure everything was normal. When they set the passcode, it felt like they were trying to hide something, and that made me even more curious. So I pressed them for the passcode, and eventually, they gave it up. At one point, my dad yelled at them for the passcode and said he’d sell the tablet. I saw a chance to check the tablet when Dad took it and said I’d reveal its location only if my sibling gave me the code and let me access it for a while. They agreed, and I got to see what was on it.

Am I in the wrong for being upset about the passcode and pushing to get access to the tablet?"
707,ekacz7,"AITA, for getting upset at my girlfriend when she promises to call but doesn't? For the fourth night within a week, my girlfriend either tells me that she'll call back but then doesn't, even though I explicitly say that the only reason I stay awake at night is to wait for her call. She always says she forgets or gets busy getting drunk or high. When I brought it up she sighed and made it seem like I was being upset over nothing. Personally, I would at least let her know if I was going to call or not, no matter my state of mind, if the roles were reversed. Am I overreacting?","Am I in the wrong for feeling annoyed when my boyfriend keeps pressuring me to call late at night, even though I’ve explained that I sometimes forget or get caught up in other things like socializing? He says he stays awake just waiting for my call, but I feel like it’s not a big deal if I don’t always remember or I'm busy—it’s not intentional, and he seems to blow it out of proportion when I don’t follow through. Am I being insensitive by dismissing his frustration, or is he putting too much pressure on me?"
123,eootaw,"AITA for getting mad at someone for ""outing"" me as a bulimic(even though I'm not) Hey! Obligatory this is on mobile, sorry for formatting, blah blah blah.

&#x200B;

This happened on New Years, but my friends are kind of pissed still, so I kinda wondered if I was TA.

I have a very low alcohol tolerance. I get drunk after maybe 1 or 2 glasses, so I generally only drink once every few months. On New Years, I packed myself into the car to go to my friend Megan's house. We got there, turned on Grey's Anatomy, and popped out the happy juice.

&#x200B;

Needless to say-around midnight, I was very,very drunk.

I woke up on Jan 1 with a killer headache and an urge to vomit. I knew I was going to throw up soon, so I stuck my toothbrush down my throat and threw up in the toilet. No biggie.

&#x200B;

I should also mention that I eat a lot. Not like the 6-foot long sub guy, but enough for 1.5 people. I try to bring my own shit to parties because I don't want to eat all the food.

I didn't remember much from last night, but I did recall eating quite a few chicken wings.

As I walked out of the bathroom, Megan confronted me. She demanded as to if I was bulimic or not. Like, full on Karen demanding. I found this kind of funny, so I just rolled my eyes at her and walked away. Fast forward to Jan. 4, when I found a FB post with something along the lines of:

'Going to pray for u/chaosleashed, she needs all the love you can spare.'

Obviously, people comment and ask why, and she comments on how I have some problems with eating.

I got mad and commented on how some people act like fucking Karens. She blocked me, and a lot of my friends are pissed.

My justification is, if I was actually bulimic, I would have been humiliated to have been outed in such a way.

Was I TA?

Edit:Is this my Karen?

[https://www.reddit.com/r/AmItheAsshole/comments/eootgm/aita\_for\_presuming\_this\_girl\_had\_an\_eating/](https://www.reddit.com/r/AmItheAsshole/comments/eootgm/aita_for_presuming_this_girl_had_an_eating/)","Would I be the asshole for being upset that someone dismissed my genuine concern for their health, mocked me, and then publicly referred to me as a “Karen” after I tried to support them?

I was hosting a New Year’s Eve party at my place, and one of my friends (let's call them Alex) joined in the celebration. Over the course of the evening, Alex drank quite a bit and seemed to be having a good time. The next morning, however, I noticed something that really worried me.

I saw Alex come out of the bathroom looking a bit off, and I realized they had just vomited. Knowing that Alex had eaten a lot the previous night and, frankly, considering the fact I had suspected from past behavior that they might have some eating-related struggles, I felt a strong need to check in with them. I asked if they were OK and tried (maybe a bit emphatically) to find out if they were struggling with bulimia or anything else, particularly since sticking a toothbrush down your throat to make yourself vomit isn’t exactly typical behavior. Instead of being open to the conversation, Alex rolled their eyes at me and walked away dismissively.

A few days later, I still felt heavy-hearted about the situation. I decided to make a post on Facebook asking for prayers and positive thoughts for Alex because I believed they might be struggling and wanted to show my support in a way that didn’t directly call them out. I didn’t share any explicit details, but I expressed concern for their well-being. When Alex saw the post, t"
720,9w8l9c,"AITA for not wanting to dance with a certain girl in my school musical? **TLDR at the bottom**

Some notes before I begin:

* I am 16M and in 11th grade.
* I am not comfortable in holding other people's hands, being close to someone I don't know too well, etc.
* I have Asperger's, so I am relatively introverted. Note that I am high functioning, and most probably don't notice it until I say that I am, to which they say, ""Makes sense!"" (I am not offended by this)
* Despite what is stated above, I like doing theater... granted, this is my first *school* show.

So at my school, there's a musical that I am currently in. I'm a ""Chorus Boy"", so I basically act as a stage prop in the background until I actually do things like dance or maybe even sing.

Then we get to a girl that I will name Susie (not actual name).

Susie is a freshman that has some tendencies that I think are odd. She gets obsessed with other people or other things pretty frequently, she constantly gets absurdly close (literal sense) to other people (especially guys, but they're fine with it sometimes), she's a bit loud, and she randomly scowls at other people, although I'm not sure if it's intentional.

One thing I should expand upon is Susie's ""obsession"" with other people: I don't think it's really so much of an obsession as much as it is a joke obsession that Susie herself treats a little *too* seriously, but other girls in this class will tell her something like, ""Oh, I think John Doe has a crush on you"", and she'll run up to John, hug him, call him her boyfriend, and etc. This ""boyfriend"" changes every single day. Most of the guys find this more amusing than anything else, and Susie is kind of like the ""mascot"" of theater class, as everyone seems to like her... except for *me.*

I have never been openly rude to her before, and none of the other girls say anything to Susie about me (at least, I don't think), and I don't plan on being rude to her, I just don't want to hang around her.

Now to the actual story.

There's a slow dance portion in the musical, and everyone in the musical *has* to participate in it, no exceptions. As I've stated, I am uncomfortable near/touching other people, but this slow dance portion was not much more than holding hands, having the girl's hand on the guy's shoulder while the guy has it above their hip, and touching cheeks. I'd gladly bear through it for the sake of being a ""chorus boy"", though, and the dance isn't that long.

So when the teacher was calling on people to pair them up, there were very few people left. She called me up and asked me if I had a preference, and I said no. She then asked if I minded being with Susie, and I, forgetting who Susie was, said that I didn't mind. The teacher then called Susie up, told her to go get her dance shoes, and then dismissed her to go get the shoes.

I made an awkward wincing expression after Susie left, and the teacher asked me again if I minded having Susie as a partner. I paused for a few moments and said that I *did* mind, and that I was sorry and hoped I wasn't being rude. The teacher then called on a senior girl to be my partner, and that's about where the story ends.

My main concern is if I was the a-hole for turning her down, even if I didn't do it in front of her face. The sole reason why I  turned her down was because I was uncomfortable with her tendencies.

**TLDR**

* There's a slow dance portion at my school play
* I hate being close to people and am awkward around people
* There's a girl that likes being close to other people and have ""obsessions"" with other boys, typically due to other girls having fun with her
* While the teacher was pairing people for the slow dance, I asked to switch with a different girl when I was selected to dance with her. She allowed me to swap.","Was I wrong for being upset that the boy in my theater class didn’t want to dance with me during the musical’s slow dance? 

I’m a freshman, and I know that I sometimes do things that might seem odd to people. I like joking around and getting close to my classmates, especially the boys, but I promise I’m just having fun and playing along with what my friends tease me about. Everyone in our theater class seems to enjoy it—some even say I’m kind of the “mascot” of the group. I really like feeling accepted and being part of this fun dynamic. 

During the musical, there was a slow dance segment that everyone had to participate in. When the teacher paired us off and asked the boy (Upperclassman—let’s call him Henry) if he minded being my partner, he said he didn’t at first. I left to get my dance shoes, but after I was gone, it turns out he changed his mind and asked to switch partners because he didn’t feel comfortable dancing with me. The teacher reassigned him to a senior girl and didn’t tell me about it directly. 

I didn’t even know he had an issue with me until after the scene was set. I try my best to get along with everyone, so was it wrong for me to wish he had stuck with dancing with me instead of switching, especially without saying anything to me? Wouldn’t that make anyone feel left out or hurt?"
1406,bhypom,"AITA for ""flaking""? Alright, so let me set the scene. I live in a town about an hour and a half to two hours away from my grandparents house. My family and I often go to dinner there roughly once or twice a month. Recently, there was a holiday and my grandparents invited my whole family. I had previous arrangements of a date with a girl that I really liked. I politely called them and explained it to them and they didn't understand. I have called countless times with no response. My brother was also not able to attend because he had work but they were primarily upset with me. They told my parents that it felt that I didn't love them by missing that dinner, which is absolutely a childish thing to say, as they are my grandparents. So guys, what do you say, AITA?"," I invited my grandchildren and their family over for a holiday dinner. We were looking forward to spending time with them—it’s something special to us, as we don’t see them very often. One of my grandsons called to let us know he wouldn’t be coming because he had plans to go on a date. I’ll admit, it hurt. It felt like a holiday dinner with family didn’t mean much to him, and hearing that he prioritized a date over us was disappointing. To make it worse, he hasn’t shown up to these dinners a few times before, and it’s starting to feel like he doesn’t care about bonding with us as his grandparents. Even though we love having these dinners to connect, he seems to think we’re overreacting or being childish in wanting his company. So, are we wrong for feeling upset and hurt by what happened?"
958,e4bf5a,"AITA for being upset that I wasn’t invited to brunch? My friends live far, we meet up only once/twice a year. I suggested we get together for Friendsgiving. We agreed to meet in Chicago; factoring the cost of gas and food/drinks for the weekend, I knew I wouldn’t have enough money. I began scrounging, picking up extra hours at my min. wage job (including overnights and holidays), and sold some possessions. I coordinated contacting everyone, while my friend Alyssa\* booked an Airbnb for everyone.

The Friday of the trip I was short and had a breakdown. I’d been burning myself out at the job I hate and it still wasn’t enough. I had even arranged my own lodging with my sister since I couldn’t afford to be in the Airbnb. Luckily, my partner is sweet and paid for the gas bc he knew how important this trip was to me and he wanted to meet everyone.

We got in late Fri, so on Saturday we had brunch planned for 1pm. As our group of 4 staying separate from the Airbnb starts getting ready around 11/12, we get a text from the Airbnb group that says they are walking to brunch. We panic and ask where it is and why they don’t wait for us? Around 12:30pm they inform us that they’re seated. We again ask where they are so we can meet up but they tell us the reservation is only for 6 so they’ll meet up after. Disappointed, our group of 4 heads out to find our own food. I tell the brunch group we’re sad we weren’t included in the plans.

Hours pass, they’re enjoying mimosas, posting pics of them having a blast, etc. while our little group is still ostracized. Around 4pm they call brunch done and decide they wanna head to shops, then back to the Airbnb for more drinks. Still no invite for us to go join them. Requests that they meet up with us go unanswered.

As 6pm draws near and they’re still waffling on their way to meet up with us, I have a mini meltdown in the corner of Starbucks. Call it FOMO, sleep deprivation, being overly sensitive, or a mix of all 3, but being continuously out of the loop for the entire day (and night before) finally got to me and I decided that I didn’t want to see them at all anymore. My sis, BFF, and Alyssa all tried to get me to reconsider, since we had the evening to salvage, but I was too much of a wreck at that point. I felt unimportant, I had stretched myself thin working crazy hours, spent my last $80 (plus $120 from my partner), and driven 5 hours just to be excluded for the ONE day we were all in the same city– which had only happened because of me.

I explained my side when Alyssa asked, she claimed that they weren’t to blame for the “lack of communication.” I snapped. I didn’t care about blame and only wanted an apology, but she was more concerned about why everything wasn’t their fault rather than acknowledging my feelings/fixing the damage.

TL;DR: Worked myself to my breaking point to save up to hang with friends I don’t see often, they spent 6+ hours excluding me from plans. I freaked when they didn’t apologize, I was hurt and refused to see them at all after that. AITA?","Did I do something wrong in this situation? I planned and booked an Airbnb for our group as part of a Friendsgiving trip, but noticed that one of the others seemed to be struggling a lot with time and money to attend. Our Airbnb group decided to head to brunch to make the most of our day. Since we had a reservation for 6, we let the other group know we were heading out and planned to meet up with them after. I thought it was clear we’d catch up later, but they seemed hurt not to be included and mentioned being upset. We spent the day enjoying ourselves, posting pictures, and making plans, but I think they felt excluded from our activities. When they got emotional and canceled seeing us entirely that night, I tried to explain that it wasn’t a failure on our part and that the miscommunication wasn’t intentional, but they were really upset that I didn’t immediately apologize. I didn’t think we were in the wrong since we made plans as best we could, but now I’m unsure. Did I mishandle this and end up hurting them?"
615,9r4pjq,"AITA because I can’t control my emotions and my boyfriend can’t stand it? So I’ve been with my boyfriend for the most part of this year, I am 21 and he is 27. We’ve had a rough start but he’s been my friend for a very long time now. Only since the start of the year did I realise that sometimes he can turn very nasty and say hurtful and inconsiderate things. He has a short temper when it comes to his ego and becomes very defensive when it’s something that he considers an attack on it. Even when I’ve tried to explain this to him it’s another attack and it makes him really angry.

I’m a fragile person and seeing this side of him scared and confused me as I’d never seen it in him before when we were friends. I have had intense emotional problems in the past and have had some really trying times this year. He has also been through a lot however, and relates all of his and everyone else’s issues to his past, which allows him to not internalise his problems and to disconnect from strong emotions because of an “at least it’s not as bad as that” approach. It’s something I wish I could do but I’m not at that point yet. However I also think it’s more of an avoidant personality thing than actually dealing with your problems.

Our most recent fight was over something so trivial, he was annoyed at me - I was defending myself - he thought I was angry at him - as I was trying to explain I wasn’t angry he was barely listening and flicking through his phone on purpose - I started crying and asked him to not ignore me - he got annoyed so he got up and walked out - I followed still trying to explain myself - he was walking around the house ignoring me - I was trying to grab his hands to stop him so he would actually listen - he was telling me to get out of his house - I was becoming more hysteric I asked him to hug me - he hugged me but continued to say that me crying was a cop out and he has no sympathy - I left and cried in my car for an hour gathered myself, went to buy some groceries and went back to talk to him and explain that my crying is a reaction that I have no control over I’m not intentionally crying I know that it doesn’t help the problem at all - he didn’t want to talk to me and I didn’t have anywhere else to go so he told me I can either chill and sit out there with him or go into the bedroom so I went into the bedroom.

Hours passed and I was still crying, people came over, they were out there having fun. I wanted to go out there and get over it but my anxiety was holding me to the bed and I felt that even if I did go out there I would be a pain to them, that they wouldn’t want me there killing the mood. My eyes were all puffy and I had clearly been crying.

He didn’t come in to check on me once. I didn’t expect him to but I also would never do that to someone. I would never let someone sit in their sadness and anxiety the way I did.. 7 hours I was in bed. I felt pathetic and lonely.

I am a deeply empathetic person my ideals are to give people love, to always show support to someone you care about no matter how trivial it may be and to empathise with the way they feel. I hate acting silly and panicing for no reason I’m more aware of it than I think he understands and yet it’s not something that I can really help all that much. 

I finally messaged him to come and help me leave the room because I still felt anxious and he sat down to talk about it. He told me he is sick of this. That he has no sympathy for when I am like this and of course he’d be there for me for “real problems” but to him this is something stupid and he wants to give it no energy. The problem is that I can’t seem to do that and he genuinely can’t find even a shred of care for me when I am struggling with this. He thinks it’s just me being childish but I am hurting so so much. Sure the problem might not be real to him but to me it’s as real and as painful as it gets. He also claims that I don’t consider him when I start getting upset and how difficult it is for him which I understand and I try to consider him by leaving him alone or apologising for my actions but it feels like there’s no effort for that on his part.

He has told me I need to see someone and I agree but I would also like to see some support and care for the way that I am right now... am I an asshole for expecting this from him?","AITA for not having sympathy when my girlfriend gets upset over things I don’t see as important? 

My girlfriend and I have been together for most of this year. I’m 27, she’s 21, and we’ve had a really rocky start. We’ve been friends for a long time before dating, and I didn’t realize until recently that she has some intense emotional responses that she can’t always control. She’s said she’s had emotional problems in the past, and while I sympathize with that to some extent, it’s extremely draining for me when every small disagreement or miscommunication turns into something big because she gets so emotional.

For context, I’ve been through a lot in my past too. My way of dealing with things is to keep a level head and a sense of perspective. I don’t dwell on things or get overwhelmed by emotions because to me, focusing on the fact that “at least it’s not as bad as [x]” helps me move forward. But she doesn’t see things this way. She calls my approach avoidant and says I don’t properly process my feelings, but to me, it’s just a functional way of not letting my emotions control me.

Our latest fight blew up over something really small. I got annoyed at her, and then she started defending herself even though I wasn’t in the mood for a back-and-forth. She was super emotional, started crying, and got upset because she thought I wasn’t paying attention (I was admittedly looking at my phone while she was explaining, but I was trying to avoid escalating things). She kept insisting that I listen and even grabbed at my hands, which honestly irritated me. I needed space to cool down because I felt like the whole thing was being blown out of proportion. I asked her to leave, but she kept following me around the house getting more upset, crying more, and acting like I wasn’t letting her explain herself. 

She eventually left, which I appreciated, but then she came back. She said the crying wasn’t intentional and asked me to understand that she can’t control that reaction. To me, her crying feels manipulative, even if she doesn’t mean it that way, because it makes it impossible to have a rational discussion. At that point, I told her she could either sit and chill or go to another room, and I went back to what I was doing.

Hours later, she was still in the bedroom crying. I had friends over; we were relaxing and talking. She didn’t come out to join us, and while part of me thought about checking on her, I didn’t because I was frustrated and emotionally drained. She finally texted me to come and talk, and I explained how I was feeling. I’m exhausted from dealing with all these outbursts. I told her I’ll support her with “real” problems, but I don’t have energy or sympathy for what feels like pointless drama to me. I told her she should see someone, and she agreed. But she still expects more support and care from me right now, and I find it hard to give when her behavior negatively impacts me.

I know she’s hurting, but it’s not easy for me either. It feels like she doesn’t consider how hard this is for me when she melts down, and I don’t think it’s fair to constantly expect me to fix things when I’m emotionally tapped out. AITA for not being able to give her the kind of emotional support she wants?"
1534,afmf4k,"AITA for pulling boyfriend away who was short at a waitress? This actually happened back in like August but I keep thinking about it and was reminded of it last night when we returned to the same place. 

Back in August, my whole family went to a popular sports bar for my cousins 21st birthday and rented out the back of the restaurant because our family is quite large. Everything was fine and went well until it was time to leave. 

Now the floor in the majority of the restaurant has that shitty outdoor carpet that you find at places such as this that isn't soft in any way but also isn't smooth either. I hope you guys know what I'm talking about. 

Anyways, it was all carpeted besides this tile area by the hostesses podium. This area was slightly wet and kinda slippery from what I assume was a pop machine leaking. I slid a little and warned my family behind me but ultimately ignored it.  It seemed fresh and I was sure someone would clean it up. 

My boyfriend, however, had a different plan. He rudely pulled aside a waitress (not the hostess who was literally right there) who was very busy in the middle of carrying a lot of stuff and sneered at her that the floor was wet and they should ""probably clean it up or at least put a sign down."" He was very rude and I, feeling for then girl and being a waitress myself, pulled his arm away and told him to stop being rude. I was very embarrassed especially since he did this in front of my family and I thought they'd take my side but the opposite happened. My family kind of told me not to yell at him (I was not yelling in the slightest, I assume they meant scolding) but I kinda brushed it off and kept walking. This whole interaction was maybe 30 seconds long. 

I was the first to admit that I shouldn't have called him out like that and apologized for it but still told him that was rude and he should have been more polite and found a different employee and told them in a non-condescending way. 

The next weekend at a family BBQ my aunt came at me and told me that she was glad he said something and that I shouldn't have scolded him.  I told her that it wasn't the fact that he said it but the way, that I knew I should have went about it a different way, and apologized but still thought he was wrong. 

She kind of brushed me off and everyone treated me like I was some overdramatic bitch and even jokingly said stuff to each other about how they can't believe I want to be a teacher when I am so impatient and that I need to get checked for bipolar. I just ignored it. 

Maybe this is irrelevant, but I think my family pities him a lot  because his parents are shitty and are overly aware of my actions because I am and always have been very strong-willed, even as a child. I have always got the vibe that they think he's a poor defenseless guy and I'm a quick to get angry girlfriend. This is not true though. I have a slight temper but I rarely get short with my boyfriend and admit/apologize when I do. I just don't tolerate bullshit and will call it out when I see it. Up until that day, I had never done this to my boyfriend in front of them (or ever even in mean way in general) It's hard to describe. I didn't even think I was that mean to him during this incident, just that I should have talked to him about it afterward.

So what do you guys think? I know I should have said something in private, but am I the only asshole or were both of us wrong here? 

Also, sorry if the format is weird, I'm on mobile. ","Was I wrong for speaking up about the wet floor and then being pulled away and scolded? 

I tried to address a potential hazard at the restaurant where my girlfriend's family was celebrating. There was a wet and slippery area near the hostess podium, and I decided to alert a staff member about it. Given how busy it was, I quickly pointed this out to a waitress, as I didn’t see anyone else addressing it and felt it needed attention to avoid someone getting hurt. My girlfriend, however, pulled me away mid-conversation and scolded me for being rude, especially in front of her family. While I understand her feelings as a waitress herself, I was just trying to ensure no one slipped and got hurt. 

Am I in the wrong for addressing the situation the way I did, even though she felt embarrassed by my approach?"
382,cj3fw3,"AITA for peeing in the night, waking up my mother? For context, I (19F) am home from college for the summer so living with my parents again. 

I almost always need to pee during the night when my mother is asleep, as I usually go to sleep after her and I sometimes wake up needing to go. The issue is that my mother is a really light sleeper, and so sometimes gets waken up by this and precedes to rage at me for *any* noise I have made such as ""tiptoeing too loudly"" or creaking the floors or opening my door and often accuses me of doing this every night. 

I think this is unreasonable as I really do try to keep noise to a minimum, I don't even flush the toilet or run the taps even to get a glass of water after she's gone to bed to try not to bother her. Also she often accuses me of doing this night after night but I only seem to hear her wake up maximum once a week and she'll probably get angry at me once every couple of weeks. 

This is not a new issue either, my mother has always been a light sleeper, and I have always liked to sleep later than she does meaning I often got told off for this when I was younger too, so I think I have become much better at keeping quiet over the years, but now I'm back from college it's different and I feel like an asshole when she complains to me about how badly she sleeps because of me. 

So, aita and do I need to change my behaviour?","Am I wrong for feeling upset and frustrated with my daughter for waking me up at night? For context, my 19-year-old daughter is home from college for the summer and living with us again.  

I’m a very light sleeper, and when she gets up to use the bathroom at night, even the smallest noises—her tiptoeing, the creak of the floor, her door opening—often wake me up. Sometimes I’ll confront her about it because it feels like it happens constantly, and getting back to sleep can be really difficult for me. I’ve even told her that she wakes me up multiple nights a week, and it’s exhausting trying to deal with disrupted sleep.  

She says she tries to be as quiet as possible, but I still hear her. For example, she won’t even flush the toilet or run the tap late at night. I just feel like someone walking around the house late at night when I’m trying to sleep is really inconsiderate, even if they don’t mean to be disruptive. This was an issue when she was younger too, so it’s not new, but now that she’s back, I’m dealing with it again, and I’m honestly at my wit’s end.  

Am I wrong for feeling frustrated and asking her to change her behavior so I can sleep better?"
451,bb8c1p,"AITA for feeling annoyed that my boyfriend's mom kept some of my clothes meant for donation? I believe I'm technically not in the wrong because this is all in my thoughts and I haven't vocalized this or made it evident, but I wanted to see if I'm justified in the way I feel.

I kept a running donation box for 6 months in my apartment, and would periodically throw clothes in there when I felt ready to donate them. There were a lot of clothes in there near the end and they ranged from more inexpensive stuff like F21 and H&M to slightly more expensive clothes from Ann Taylor and J.Crew. Nothing extremely expensive/designer, but there were clothes in there that were barely worn or still with tags on them. I thought it'd be nice to donate everything; not to mention, I didn't have time to even think about selling them.

My BF and I have been together for 5 years, and his little sister (20yo) is a similar size as me, maybe one size larger (XS vs. S). It did cross my mind that I could've given some clothes to her, but 1) I've already done that in the past with two nice coats, 2) she's never displayed a ton of appreciation for gifts, 3) their family is not hurting for $, with an income of \~$1m.

His mom came over, noticed the box, and asked what it was about, so I explained that I'd been wanting to donate the clothes. She said, ""Oh! I could just drop it off at the donation center in \[underserved town next to hers\], if you'd like?"" I thought that was really generous of her, and took her up on the offer after double checking it was not a chore for her.

Anyway, I saw his parents again weeks later and mom said, ""You had some pretty decent stuff in there! I took and saved some for \[sister\].""

I can't help but feel totally annoyed with this. On one hand - yes, mom was kind enough to drop it off for me. On the other hand - the clothes were meant to be donated.

So.. AITA?","Would I be in the wrong for taking some of the clothes from my son's girlfriend's donation box to save for my daughter? I thought I was helping her out by taking the box to the donation center, and while sorting through it, I noticed there were some nice items. My daughter is a similar size to my son's girlfriend, and I thought she might like them, so I set them aside before dropping off the rest of the box. I didn't keep anything for myself; I only took a few items for my daughter. Was it wrong to do this when the clothes were going to be donated anyway?"
67,emlqic,"AITA for taking my extension cord back So I live in a cold city in Canada where at certain temperatures you have to plug your car in at night so it starts the next morning.

There are two plug ins so side by side parking spots each have a plug in and I do what most do which is leave my extension cord plugged into the one closest to mine even when I am not there, but wrap it around the post so its out of the way.

I come back after having an emergency family babysitting call to find that not only had this person parked into a spot that I am pretty sure is not his (the spot hasn’t been used in months because the person who is supposed to have it has a huge truck that won’t fit) and was almost into my (tiny) spot, but was using my extension cord. On top of that, they had plugged in their own extension cord that was extremely knotted but did not use it.

I was already pissed because I had to try and manoeuvre my bigger vehicle into an even smaller spot with little space to get my fat ass out of and nearly got stuck because of the large amount of snow that has not been cleared from our parking lot. 
I went and unplugged the cord out of their car and plugged it into mine.

I am not asking if I am an asshole for that, because I feel like I am in the right taking my stuff back, but  I am wondering if IATA for not plugging in their car with the knotted up cord and possibly risking their car not starting as it is supposed to be cold tonight?

Edit: I don’t know if this makes a difference but looking back, it looked like my extension cord was longer than his, so maybe it couldn’t reach his vehicle. It also wouldn’t have reached mine either if that was the case. Can’t confirm as I really do not want to go back outside, but I’ll let you decide if that’s relevant for judgement","

I parked my car in a spot that seemed available and saw an extension cord already plugged in. My own cord was knotted and might have been too short to reach, so I decided to use the cord that was already there. When the other person returned, they unplugged my car and took their cord back. They didn’t reconnect my car using my own extension cord, even though it’s freezing outside and my car might not start in the morning. 

So, did they act unfairly by not plugging my car back in using my cord, even if mine was knotted or possibly too short?"
289,b34wkb,"AITA for not wanting extended family at my wedding? My partner and I recently decided that the idea of the big, expensive (75ish people, $30,000) wedding we had previously discussed did not feel right. We are now discussing having a much smaller wedding at a local outdoor attraction, which offers permits for weddings of 25 people or less. 

I ran the idea by my mom, and we began to discuss the guest list. When I told her I only wanted to invite immediate family (my parents, my single living grandparent, and my only sibling) she became really upset. She couldn’t understand why I would want to invite my friends, who may not be in my life forever, and said I should invite my extended family instead (mostly her brother, which would involve inviting six people total).

I have nothing against her brother, we just aren’t close and he doesn’t know my partner well. I would be surprised if he could name five things he knew about my relationship. 

I want my wedding to be only people who know one (preferably both) of us really well and are an important source of love and support in our lives and relationship. My uncle is not, and my friends are. She said the idea of him not being at my wedding is “breaking her heart.”

I know my mom is really close with her brother and he has helped her through a difficult last year. She was recently sick and he took time off work and flew down to take care of her on a pretty regular basis. 

However, I don’t feel like my wedding is where that needs to be recognized/appreciated. My wedding is an important step in my relationship with my partner, and it’s not about the rest of my family. I also don’t want my wedding to feel like a performance, and I’m worried that due to my low self esteem, having people I don’t know very well will make me feel like I’m putting on a show the whole time. I’m worried if I give in to my mom I will end up resenting her for stopping me from having my “dream wedding.”

So am I the asshole here? Should I skip inviting my friends to invite my extended family? Should I give up on the idea of having a small wedding and let my mom pay for a larger event? ","  

My child is planning their wedding, and when they shared their idea of a smaller ceremony with me, I was hurt and confused by the guest list they proposed. They’ve decided to invite only their immediate family and friends who they say are currently close to them, excluding their extended family. Specifically, this means they’re not inviting my brother (their uncle) and his family.

This breaks my heart because my brother and I are very close, and he has been a major source of support for me—especially during a very rough time last year when I was sick. He took time off work, traveled to help take care of me regularly, and has always been there for our family. I think of him as someone who is, by extension, part of my child’s core family too, even if they aren’t very close.

However, my child prioritizes inviting their friends—people they say are currently a big support in their life—over their uncle, even though friends can come and go. I feel excluded from this decision since the wedding isn’t just about them and their partner, but a celebration that also brings together family. I also offered to pay for a larger wedding, but they are so fixed on this smaller ceremony for their own comfort and vision.

From my perspective, it feels like they don’t see how much it would mean to the rest of us to have my brother there, or how important he is to me. I don’t want to ruin their special day, but I’m also heartbroken that they don’t want to include someone who has been so significant in our family’s lives.  

Am I wrong for feeling hurt and wishing they would include my brother, who means so much to me?"
141,ach6h2,"AITA for not wanting to move in with my partner currently Important context here:

Dating for over a year now, long distance (we live an hour away from each other) but we always plan our next adventure when either myself or my partner are ready to sadly go to the airport. I love them to bits, they aren't perfect and neither am I, but that's why we go together. 

So, into the details here. My partner has slowly been hinting at wanting to find our own place someday, which, I find is great! Cool! But, whenever we have a discussion about the actual logistics about it all, and I discuss what I think is quite important in getting a place: money, steady work, etc they get incredibly upset and believe I'm putting barriers up in not wanting that? Which isn't the case entirely, I'm just trying to consider, well, what we need to consider? I am not afraid of the commitment here, I just want to make sure these things are discussed. I think it's a big thing? 

It seems like we can never have a mature discussion about it and they just think that getting a place is simple. So, I was fully honest and mentioned I'm not at all comfortable moving in with them or getting a place until we have discussed things like rent and that whole process and.. Boy. Did they get upset. They were incredibly unfair and harsh in their wording with particular things and reacted in an incredibly immature way. Am I the asshole for being honest here? 

I was not harsh in my wording, I wasn't blunt or rude, I was being politely honest in how I felt about everything. I felt these are really important things to discuss and it felt like I wasn't heard or even understood. 

Now I'm sat in a coffee shop on my own at the moment trying to figure out what the hell to do here. I told them we need to talk about it again when we've cooled off, but I can't help but think that I wasn't listened to. 

If more context is needed I'll be happy to try and help, thank you. 

", am I wrong for wanting them to focus more on the emotional side of this and less on all the logistics? Am I being unreasonable for getting upset?
1429,cuskkn,"WIBTA if I didn’t go to my bachelorette party? I told my bridesmaids right off the bat that I don’t want a bachelorette party. I wouldn’t mind a nice dinner out with my bridesmaids but I don’t want some big crazy movie party, which they were all disappointed about.


For the last year and a half, my maid of honor who we will call Susan has been trying to convince me to have a bachelorette party at a male strip club, or at this club or that club and each time I tell her no, I don’t want it. I feel like Jon Snow talking about the Iron Throne with how many times I’ve told her no. 

Come to find out, her and my other bridesmaids have been planning this big elaborate party for me that’s tonight. I got a text from Susan last night asking to meet her at her house tonight at 8 for some “girl time” but another friend texted me and said they were going to ambush me with a bachelorette party.

Susan spent a lot of money booking and paying for this party, and would probably drop out of my wedding if I don’t go but at no point had I ever hinted that I wanted this. I’ve always outwardly said no.


WIBTA if I didn’t go to my own bachelorette party?


ETA: I have two alcoholic parents, so bars, clubs, strip clubs, any alcohol based place of business makes me panic. So no, I can’t just “suck it up”

ETA #2: I didn’t go.

ETA update: I’m sorry I failed you all with not updating her reaction.

She called me, called me a selfish bitch, told me she wasn’t going to be in my wedding anymore and blocked me. I invited my friend who told me over for a movie and face masks, a real girls night and it’s been very nice.","Is it so wrong of me to feel hurt and angry after planning a big, fun bachelorette party to surprise my friend, only for her to refuse to show up? I spent a lot of time, money, and effort organizing something amazing because I wanted to give her a memorable experience, even if she had previously said no to this kind of celebration. I thought she might actually enjoy it if she gave it a chance. But instead, she ignored the whole thing, even after everything I put into it. Was I really such a bad friend for trying to make her special day even more exciting?"
914,b1xuho,"AITA for ""agreeing"" that I cheated? So last night I went to a party with some friends and the guy I’m dating exclusively did not attend. While there I had drunk quite a bit but I was just dancing and talking to a female friend I hadn’t seen in a while, generally having a good time.

My dad had told me that he was picking me up at a specific time, and it was about 10 minutes past that so I was anxious that he was trying to contact me and not getting through. So when my phone started ringing, I thought it was my dad and picked up immediately.

It was the guy I’m dating, who told me that someone told him that they had seen me being super close with a guy all night. I couldn’t hear well because the music was loud so I asked him to repeat it a few times and he asked me if it was true. I don’t remember exactly what I said but he says that I said “Yeah, sure” and he took this as confirmation that I had cheated.

Now he doesn’t believe me when I said that nothing happened because I didn’t just deny it, but in my mind, I thought it was obvious. He has also never accused me like this before so I didn’t think he really believed it was true.

&#x200B;

edit: extra word and spacing"," I called the person I’m exclusively dating to address something unsettling I had been told about them—specifically that they were seen being super close with another guy all night at a party I didn’t attend. When I asked if it was true, their response was “Yeah, sure,” which I perceived as a confirmation. Given the nature of the accusation, I believed this meant they were admitting to cheating. Later, they tried to convince me that nothing actually happened, but I’m struggling to trust them because their initial response didn’t outright deny it—something I think would be natural if it wasn’t true. Does it seem unreasonable or mistaken for me to interpret their words that way and feel hurt and doubtful?"
1314,b4e4ft,"AITA: Walked out on dinner plans with friends We planned to go out with dinner with another couple. When my wife and I arrived at the extremely crowded restaurant with about an hour wait, our friends texted us. They said  that they would be there in about an hour and to look for their cousin (whom we didn't know) and get seats for six. They've pulled this stunt before and know that we do not like to dine with a lot of people or especially people we don't know. We thought we were only meeting them for dinner. I consider this an ambush. We immediately left the restaurant and texted them that we needed to cancel due to a migraine. 

tldr: our friends invited another couple who we did not know to dinner without our knowledge and expected us to save a seat and entertain the other couple because they were late. We left. "," Suggested bringing my cousin along for dinner we planned with friends  
We planned to go out for dinner with another couple we are friends with. My spouse and I were running a bit late due to unforeseen circumstances, so we texted our friends to let them know we'd arrive in about an hour. We also let them know that my cousin and their partner would be joining us—something we thought would be a fun way to make the evening more lively and social. Since the restaurant was very crowded and seating was limited, we asked our friends if they could help grab seats for six while they waited.  

Unfortunately, they abruptly left the restaurant and canceled dinner plans, saying it was due to a migraine. I understand the situation might have been unexpected for them, but does asking them to save seats and spend time with my cousin while waiting make me the one in the wrong here?"
453,bw2872,"AITA for pushing away my mentally unstable friend. So there was a guy in my friend group who I’m going to call bob. Years ago bob was a big part of our friend group, but then multiple times my friends caught him “stalking” us. My two friends were over at ones house hanging out, they hadn’t invited bob because it’s a big group and ya you don’t get invited to everything, they noticed him outside in his car with the lights off. He didn’t move and stayed there until they came out and then he drove away, he would also show up at houses moments after being called to come over, like he was already there waiting. My friends were super creeped out but after a while he was given a second chance.
Flash forward to a few months ago he started to seem off, he was doing a lot of acid and was acting weird but it seemed harmless. But then one day he came to our hangout spot and started saying somebody tried to kill him. He had assumed that: a Girl we know was in love with him (rejected him twice and had a bf) and because of that, and the fact that a random coworker asked when he got off work (he assumed that random guy was the bf) he assumed that the  bf was coming to kill him because of it. After that he started bringing up events that never happened to show how much he cares for us, like they literally never happened. He started showing up at that girls work so I finally told him that he needed to fuck off because he was really scaring some of the people in our group and it was only getting worse 
Sorry for formatting and being awful at writing","Was I wrong for repeatedly trying to stay connected to my friend group despite being pushed away? Years ago, I was really close with my friend group, but I felt like I wasn't always being included. On one occasion, two of my friends were hanging out without inviting me, and I parked near their house to see if they were actually there. I didn’t mean to scare anyone—I was just feeling left out. Another time, I happened to show up quickly after being asked to hang out, but that was just a coincidence. I had no intention of creeping anyone out, but I guess they saw it that way. Eventually, they distanced themselves from me, but later they gave me another chance, and I was really happy about that.

More recently, I’ve been going through a tough time. I’ve been experimenting with acid, which might have made me act differently, but I didn’t think I was being harmful. One day, I genuinely believed someone was trying to kill me. I connected a few events in my mind, like a girl in our group who I thought might have feelings for me (even though she had a boyfriend), and a coworker who asked about my schedule. I know it might sound far-fetched, but I thought her boyfriend was upset with me about it and was out to harm me. I was scared and tried to share how I felt with my friends. I even talked about things I remembered doing for them to show I care, but they said those things never happened. I also showed up at that girl’s workplace—it wasn’t to scare her; I just wanted to talk to her because I was feeling confused and overwhelmed. Instead of understanding or helping me, one of my friends just told me to “fuck off” because I was apparently scaring people.

Looking back, I wonder if I crossed boundaries or handled things poorly. Was I in the wrong for trying to maintain connections with my friends and reaching out, even though I may not have been in the best mental state?"
185,ad7afe,"AITA for telling my wife that I won't allow our children to hang out my MIL's house? My wife and I are staying at her mother's house while we're shopping for a new home. 

My wife's brother is also staying at the house as he is jobless. He has mental issues and is being medicated to help control his anger. He's been mostly fine in the time we've been staying there but my wife insist that it's only because I'm there. He also has drug problems. He has pawned his PS4 4 times this past month and the MIL has brought it back from the pawn shop. No end to that cycle.

The MIL has a mild case of hoarding. There is random shit everywhere. We cleaned up the basement to make room for ourselves but goddamn, it's messy, dirty, but not horribly unlivable. 

We have numerous nieces and nephews on my side of the family. It's fairly normal when these kids are staying overnight at their grandparents or their aunt and uncle house. 

My wife and I are trying for a baby and the topic came up of whether or not we're going to allow our family to babysit our children overnight. I'm ok with my side of the family doing that, they all have kids, they're experienced and they're normal.

Her family, however, I won't allow our children to stay with them overnight (Except maybe her sister after some changes to be made). That was my firm statement to my wife. She was disappointed to hear that. 

Her mother's house is not a safe environment for children to stay, there's a drug user with mental issue staying there. It's a filthy place to stay. Her sister has a pair of dogs that I wouldn't leave young kids around without supervision, it also doesn't help when her boyfriend constantly drinks and leaves beer cans all over the place (I'm not talking 10 or so, I'm talking a garbage bag full of cans after cleaning up one time)

My wife said that it's possible that her mother can clean up, get rid of her brother and said the same for her sister. 

I believe that her mother is stuck in a cycle where she is enabling her son's drug habits (Who the fuck buys a PS4 4 times from a pawn shop?) and thinks that her house is perfectly fine. Her sister on the other hand, I can see some improvement but as I said, her family has ways to go to prove to me that they're capable of taking care of little kids.

tldr; wife's family is fucked up, I told her I won't let our future children stay with them"," My daughter and her husband have been staying at my house temporarily while they look for a new home. My son, who is struggling with mental health and substance abuse, also lives here. It's true that he has challenges with managing his emotions, and I'm doing my best to help him. I know people might see me as enabling him when I get his pawned PlayStation back, but I just want to support my child through his difficulties even if he slips up.

Yes, my house has a lot of clutter, and I know it’s not ideal. I’ve been working on it, and with their help, parts of the house have improved. But compared to ""perfect"" homes, I might fall short. 

Recently, my daughter mentioned that she and her husband are planning for a baby, and apparently, her husband told her that our family's homes—including mine—would not be safe for their future children to stay overnight. He said, “Her family has ways to go to prove they’re capable.” I know my son has his struggles, but I believe it's possible to make changes. I would certainly work on creating a safe space if my grandchildren were staying—wouldn’t any grandparent?

I was hurt to hear this from my daughter, especially as I want to be someone she can rely on. I’ve provided a home for them when they needed it, but to hear her husband dismissing me and the family as unfit without even giving us the chance to change—it stung. 

Am I wrong for being upset about his decision and his unwillingness to believe in our capacity to improve?"
842,bfpl50,"WIBTA if I didn’t acknowledge my mother-in-law for Mother’s Day? I have been distancing myself from my MIL over the past 2 years as her behaviour has steadily grown worse. She is a massive Trump supporter and is every bit of all the worst stereotypes that go along with it.

She turns *everything* political. You can’t even comment on the weather without her turning it into something about how liberals, “illegals,” homosexuals, and Muslims are ruining the country. I wish I was exaggerating, but I’m not. 

She never stops yammering on about how “white Christians are the most persecuted group to have ever existed” and it comes up in every. Single. Conversation.

Every year we send her expensive flowers for Mother’s Day but I really just don’t want to anymore. Not in a petty, vindictive way. I just can’t be bothered, really, to put in the effort this year. I don’t feel inclined to make the effort as her hateful and alienating behaviour puts me off of doing anything nice for her. 

And I don’t plan on ringing her up to wish her a happy Mother’s Day, either (my SO will likely ring her but I won’t be in on the call when he does). Other than her political and religious beliefs, she can be an okay person, but the problem is, she has made these things the core of her identity, so it’s difficult to separate the hateful things she says with the person she is when she’s not spouting off these beliefs.

So, WIBTA if I didn’t acknowledge my mother-in-law on Mother’s Day?","Am I wrong for feeling hurt and unappreciated because my son or his partner no longer acknowledges me on Mother’s Day? Mother’s Day has always been an important tradition for us, and being a mother is something I take great pride in. I know my political and religious beliefs aren’t shared by everyone, but these values are deeply meaningful to me and part of who I am. 

I feel like they don’t even try to understand where I’m coming from—they just dismiss me as hateful. I might be outspoken and passionate about my views, but that’s because I care deeply about what’s happening in the world. At my core, I do care about my family, and it hurts to think that my daughter-in-law might purposely forgo any gesture or acknowledgment for Mother’s Day this year. I’m not perfect, but is it so wrong to wish to be shown a little appreciation, like we’ve done in the past? Am I in the wrong here?"
1247,b9h3kq,"WIBTA for backing out of a party I was voluntold to plan?  Reposting on a throwaway account.

I was building rapport with a new coworker and he told me that he and his significant other (who also works for my company) are moving in together. I told him that they should have a housewarming party. He thought that was a great idea, and mentioned that maybe I would be able to help with organizing it, which I said I wouldn't mind helping. This was two weeks ago, and I kind of forgot about it except when they bring it up in passing. There hasn't been any talk of dates or anything, just that it will be a small get-together of no more than eight people. Just today, his boyfriend came over and asked when the party was going to happen.

Side note: I am 36 weeks pregnant and can barely waddle around work, let alone plan and throw a party.

I was a little surprised, and asked them when they wanted it to happen, because I could potentially go into labor any day now. He threw a couple dates out there and went back to work.

Honestly, I am exhausted and can barely make it through a work day, let alone planning a party. This really got away from me and I feel terrible. I plan on being honest with them and letting them know I can send an email or an evite on their behalf, but I am not up to planning a party. If I did that, WIBTA?","Would I (the coworker/new boyfriend) be in the wrong for assuming someone who casually offered help with a party would follow through, even if I didn't realize the full extent of their personal situation and struggles? From my perspective, they seemed friendly and willing, and I relied on that, but now that I know they're unable to commit fully, how should I feel about this?"
1530,b91b0f,"AITA for not replying to him? In september, there was a new guy in my class in college. He looked kinda lost, so I befriended him, against the judgement of one of my friends. I made it VERY clear that i'm not interested in men since the beginning of me knowing him, and he ""gets it, totally"" but he keeps flirting with me and most of my single female friends. He asked my friend for sexual favours once ""as a joke"" but its made our friendship strained. Most of the time he's really nice, but one on one, it's just really uncomfortable. He makes sexually suggestive jokes about me, and insists on hugging me when we leave, which i'm not comfortable with, I don't hug hardly any of my other friends, and even then only after years of knowing them. He also made out with one of my friends without asking her when she didn't want to, at a party. He was sober and she was not. **In short, he is overly sexual with me, but not in a way that i can call him out on for an specific instance. I have not reciprocated any of his advances**

I'm on holiday at the moment, and told all of my friends that i will not be texting anyone during this time (this isn't unusual, i like my space to decompress). But he was REALLY insistent that i ""have to text him"" or he'll worry. i said that i wouldnt and he tried to pressure me into texting him more. i really felt dodgy about how he was speaking to me, so i left. He has now texted me asking how I am (he instigates all the texts), and I haven't responded. AITA?","  
AITA for being upset that she’s ignoring me? I’m a new guy in her class, and she was really nice to me when I first joined, even though she made it clear she wasn’t interested in men. I totally get that and respect her boundaries, but I sometimes joke around with her and her friends, and maybe it comes off wrong. Yes, I flirt sometimes—but honestly, it's just my way of interacting. I even joked with her friend about sexual favors, but I didn’t mean it seriously—it was obviously a joke!  

I’ve tried to be nice and connect with her, but sometimes she seems distant. I want us to be good friends, but maybe I push things too far without realizing it. One time, I hooked up with one of her friends at a party—I thought she was into it at first, but okay, maybe I misread the signals. Still, I don’t think that should affect my friendship with her.  

Now, she’s on holiday, and I asked her to text me while she’s away because I’d feel better knowing she’s okay—it’s just me caring about a friend, but she kept insisting she wouldn’t text anyone. I thought it was a bit cold, so I tried to let her know I’d worry if I didn’t hear from her. I texted anyway to check in, but she hasn’t replied at all. AITA for being upset that she’s ignoring me?"
567,d700x0,"AITA for bleeding into an ruining a gigantic vat of chilli? I tend to get nosebleeds for a couple of months every year. I think it's due to the increasing dryness as the seasons change. I had a really bad one that kept recurring a few weeks ago, but it had since stopped and I hadn't started bleeding again in over a week.

My work hosted a potluck on Sunday, and one of my coworkers brought a GIGANTIC vat of chilli. She was heating it up and asked me to stir it occasionally while she went to tend to some other food item.

Of course, the worst timing in the world happened and my nose started bleeding profusely. I didnt notice for about 20 seconds until my coworker rushed over and grabbed my arm, practically flinging me away from the chilli. She then ran off crying hysterically. I had been accidentally dripping nose blood into her gigantic pot of food.

Naturally, the whole thing had to be thrown away. I felt terrible about it and apologized repeatedly, even offering to pay my coworker for the cost of the chilli and her time making it. She refused, and eventually calmed down but remained extremely cold to me for the rest of the event. 

This week at work has been horrible. She won't speak to me, and I've been getting mean looks from other coworkers. One coworker is quite good natured and has taken the whole thing in stride, he even bought me a giant pack of tissue boxes as a joke and to try to defuse the whole thing. But my coworker and the others she socializes with are not budging. They essentially hate me for this.

I ended up buying a $150 Visa giftcard for my coworker who made the chilli to apologize and take care of the cost of the wasted food, but she still wont speak to me. Some other coworkers have even audibly called me an asshole in the break room, not speaking *to* me but either about me to others or *at* me as they leave the room when we're alone.

I suppose I maybe should have been more cautious and not stirred the chilli, but I thought the nosebleed had completely subsided at that point and she asked me to stir the chilli. I had no way of knowing it would happen.

AITA? Could I have handled the situation any better, either before or after the bleeding occurred?",ERROR
965,c6agc4,"AITA for telling my husband if he doesn’t want to work then he doesn’t have say My husband stopped working a year ago to let his twisted ankle heal....well fast forward a year and he is still not working and I am frustrated because he sits at home and does nothing besides plays video games and complains about our dog. He also likes to tell me how to spend our money anyhow I am paying off his legal mistake he made before I even met him $400 a month. I finally told him that if you don’t work then you need that’s fine but you have to clean, cook and stop complaining so much. I make enough to support us both but if I want to get a new pair of shoes mind your own business I deserve to spoil myself. He says I’m being mean and asking a lot that we are a team am I really the asshole here?

To answer some of the questions, we have been married a little over 2 years. I have a major issue with confrontation so I didn’t straight up tell him that he needed to help more till about 4 months ago. Also I never spend money if it is going to put us in a bad situation, but I have put off stuff for me personally to make sure he has everything he wants and needs. I have 3 months worth of bills in savings just in case of a bad month"," AITA for feeling upset with my wife for not treating me like an equal partner even though I don’t work right now? A little over a year ago, I stopped working to recover from a twisted ankle. During this time, my wife has been the one bringing in the income. I admit I haven’t gone back to work yet—it’s just been hard to get motivated. I do spend a lot of time playing video games because it’s something that helps me unwind. Our dog bothers me a bit, so I’ve voiced my frustration about that too. Recently, my wife criticized me for not working and told me I need to clean, cook, and basically stop complaining if I’m going to stay at home. She also said that if I’m not contributing financially, I shouldn’t have a say in how our money is spent. This hurts because I see us as a team, and I feel like her saying this undermines our marriage. I expressed this to her, but she said I was being unfair in how I was handling things. Am I really in the wrong for feeling hurt and wanting to maintain an equal say in our household decisions?"
316,d5vkn5,"AITA for being mad at a ""gift"" my boyfriend bought me? I'm a natural blonde, but I dye my hair dark colours, usually somewhere between medium brown and black, because I'm not very smart. I'd say that I'm of average intelligence but because I'm blonde me taking a minute to do some maths or asking stupid questions is amplified from a little gap in my knowledge or mental buffering to just me being seen as a total bimbo. I've told my boyfriend about this, and we have this conversation every time I dye my hair. I find that dark hair means people are more likely to forgive any dumb questions/comments I make and I'm just generally taken more seriously.

I went to my boyfriend's place last night and the first thing he does is pull out this little cube of wrapping paper, about the size of my palm. I asked what it was and he only said ""saw this and thought of you"", which I thought was really sweet but I wasn't expecting it as there was no occasion. I opened the paper and the gift was a tin of mints. The tin said ""*Caution: Blonde Moment in Progress*"". He was laughing, so I put the tin down and left without a word. By the time he realised I wasn't kidding and came out to follow me I was already in the lift, and he's called me about 20 times between me leaving his place last night and now, and sent a bunch of texts saying he thought it would be funny, that we could laugh it off, and if he'd known I'd react like that he wouldn't have done it.

He called my roommate asking if I got home alright, and he sent me flowers as an apology but hasn't actually said the phrase ""I'm sorry"", even over text. I'm a combination of upset and angry and I really don't want to talk to him right now. My roommate says he's now calling her repeatedly and is begging her to put me on the phone, but I'm not speaking to him. I feel completely justified but my roommate is asking me to just answer the phone, even if it's to tell him I'm not talking to him, just to shut him up, but I refuse. AITA?"," Blonde Moment in Progress*"" made me immediately think of my girlfriend—not in a mean-spirited way, but just because we joke about stuff sometimes. I thought it was a lighthearted, silly thing that we could laugh about together. I gave it to her thinking she'd find it amusing too.

But as soon as she saw it, she put it down and walked out without saying a word. I didn't anticipate such a strong reaction. I tried to follow her and called her multiple times to explain that I didn’t mean to hurt her feelings. I even sent flowers to apologize, though I didn’t outright say the words ""I'm sorry."" Now she's refusing to talk to me at all, and I’m left feeling terrible about what happened, but also hurt that she’s completely shutting me out.

Am I in the wrong here?"
518,d1wsqm,"AITA for wanting to cut my brother out of my life? My little brother who is 5 years younger than me (I’m a 30 M), is taller, stronger and more aggressive than I am (for reference).

We have never really gotten along earlier in life but it got a little better once he went to college. He has had issues making friends and I felt sorry for him. But it was just until now that I realized why he doesn’t have any true friends.

He is overly aggressive about being the smartest guy in the room. Except he’s not always the smartest guy in the room.

When I help him with computer stuff (I’m a Sys admin and a Dev Ops kind of guy) he is always very impatient and wants things done fast or something done that’s impossible and then gets mad at me every step of the way. He can’t remember his own damn passwords to accounts. And when I apologized for maybe talking over what he could understand and just asked for patience. He told me to talk down on him again he dared.

So I calmly told him I didn’t appreciate his tone and he blew up and I told him that I’m done.

Not only am I done with helping him on these things. I’m done helping him in general, or even talking to him.

I’ve blocked his number and I blocked him on Facebook. I honestly don’t want to talk to him ever again because he only treats me like crap. Now I’m not perfect either but I have remorse and regret when I do something wrong. But with him nothing I do is the correct way he wants me to handle it.

Here’s the perfect example of what I mean. I was helping my in-laws a little with my sister-in-law’s wedding. Not doing anything too manual because I was suffering from C Diff at the time (don’t look it up, but just to put it in perspective I about had heart attack during the wedding reception being dehydrated and out of energy and having high anxiety and was in the ER for a night). The whole weekend he wouldn’t stop bugging me about his Xbox live account and not knowing the password and Gold expired and got mad when I wouldn’t help him because I was busy with other stuff. So he would cuss and scream at me for not making him my top priority.

So am I an asshole for doing this? Should I unblock him?

Edit: Spelling and grammar. Original typed this all up on mobile.

Edit 2: Thanks for all of the advice i really appreciate it. I posted this for insight and so that I wouldn’t just be discussing this between my wife and I so that people could call me out if I was taking a misstep and I have gotten a couple of PM’s as well. So again thank you.


If he really needs me he can contact our mom or our sister. I’m not abandoning him just making it a little harder for him to use me. I spoke with my mom earlier and she had stated he was treating her with zero respect as well. She also stated that he wouldn’t stop yelling at my dad. So we are all on the same page about his behavior.


And none of my actions on this are out of malice but mostly just trying something else for a change, it’s all out of the fact that he won’t listen to us when we try to help him but he yells at us no matter what so I hope that it helps him start to realize what he’s doing. I don’t want my brother to be lonely. I want him to finally find a girlfriend that respects him and friends that don’t turn on him. But in order for that to happen he has to respect others.


So the blocks are going to stay in place for now. Maybe I unblock him around the Holidays. Maybe if he offers a simple apology. And obviously if he’s in real danger or trouble I’ll be told by my mom or my sister and I will help out. But until then it’s radio silence.","When I (25M) ask my older brother for help, he just doesn’t seem to respect me or my time. I’ve never had an easy time making friends—I’m not a social butterfly like he is. I try to come across as confident and knowledgeable, but instead of understanding where I’m coming from, he talks down to me, like I’m dumb or incapable. 

For example, when I ask him for help with computer stuff, he always overcomplicates things and then makes it seem like I’m the problem when I get frustrated. I admit I can get impatient, but his way of explaining stuff just makes it 10 times harder. One time, when I asked him to stop talking to me like I’m beneath him, instead of apologizing, he decided to flip it back on me, tell me he didn’t “appreciate my tone,” and then completely refused to help me at all. That was the last straw for him, apparently.

He even blocked me everywhere—on his phone, on Facebook, on everything. It hurts because he didn’t just stop helping me with tech stuff; he’s basically cut me off entirely. I feel like I’m being treated like a burden when all I need is someone who’s patient enough to help me out sometimes. I know I’m not perfect, but I’m not asking for the world here.

There was even this one time when he was helping out our in-laws with my sister-in-law’s wedding, and he still makes me out to sound like a villain because I asked him to help me with my Xbox account. Yes, it was important to me; I’m sorry if it wasn’t the most convenient time, but I wouldn’t have been asking if it wasn’t something I really needed him for. He could at least try to understand that I’m not doing things maliciously.

Now, he’s gone so far as to involve our whole family in this, and I feel like I’ve been labeled the problem child. Even my mom and dad are turning their backs on me instead of helping me figure out how to resolve this with him. It feels like everyone’s waiting for me to change, but nobody’s willing to meet me halfway. He says he’s holding off on unblocking me unless I apologize first—but honestly, why am I the only one expected to reach out and fix things?

AITA for pushing him to the point where he blocked me, or is he unfairly cutting me off when all I want is a little support?"
1512,ate4sk,"AITA for not wanting to talk to my grandfather? Sorry if formatting is wrong, I'm on moblie.

For the past year-year and a half, my grandfather has been in and out of the hospital because of heart/breathing issues. This is caused/made worse by the fact that he won't stop smoking. 

He has been told many times if he does not stop he will die. He says he will and then ""sneaks"" into the bathroom to smoke.

I've rushed up there a few times after he got home to spend time with him.  But now if I don't or I don't call him right away, he says I don't love him.

On top of this, I found out today he has been drinking and driving. He always claims it is ""just one"" but he has been in 3 accidents since December. He also always blames the other party and says they just drive away. This seems very suspicious to me.

Part of me is sad but the other part is so angry, I don't want to speak to him.

Edit: added more information about the accidents.","Am I in the wrong for feeling hurt and upset that my grandchild doesn’t want to talk to me? I’ve been dealing with some serious health issues for the past year and a half, mostly because of my smoking habit, which I know I need to quit but struggle to give up. I’ve been told how serious it is, and I do try to stop, but sometimes I slip up.

I love my grandchild and look forward to the times we can spend together, but sometimes they don’t visit or call as much as I wish they would. It makes me feel unloved and maybe a little desperate for attention from them.

Yes, I’ve been in some car accidents recently and have had a drink here or there before driving, but I always try to be responsible. I truly believe the other drivers were at fault. I know I’ve made mistakes, but shouldn’t we still try to hold onto our connection? Am I wrong for feeling abandoned and hurt by how distant my grandchild has become?"
380,6f0zxh,"AITA for not wanting to hang out with my ex Ok, so My ex and I broke up like a week ago. We broke up because she has serious trust issues, and swore up and down I was cheating on her (which i wasn't, I'm not a cheater.). I got tired of feeling like I constantly have to prove myself to her for nothing. (I  also know that when a woman constantly accuses you of cheating, and you know you're not, then they're probably the ones cheating.) 2 days after that, she came over and we talked so she could have closure. I guess she construed it as I want to get back together, which is far from the case. So she wants to give me a second chance that I didn't ask for. So this morning, she calls me and asks if I want to hang out with her, I say no, I have things I need to take care of. Rent's due and such. And she goes on this tangent about how I'm an asshole and how she was so in love with me, and I betrayed her and all this hoopla. Mind you, we only dated for 2 months, when last year, I didn't even know who this girl was. And she's in love with me? No fucking way. Anyway, Am I the asshole here?


TL;DR Ex gf wanted to hang out, I didn't. Now I'm a heartbreaking jerk of an asshole because of it. ","  
I dated this guy for two months, and during that time, I had a hard time trusting him because I felt like things weren’t adding up and I suspected he might be cheating. I know I might not have been perfect in communicating my concerns, but I genuinely felt uneasy, and my trust issues got the better of me. We broke up a week ago, and I was heartbroken, but I went over a couple of days later because I wanted closure, and the conversation really made me feel like there was still hope for us. 

So, I decided I wanted to give him another chance, even though he broke my heart by ending things. This morning, I called him and asked if we could hang out—I was hoping we could maybe start rebuilding what we had—but he said no, claiming he had stuff to take care of. That response made me feel insignificant, like I meant nothing to him, so I told him how hurt I was and how much I loved him, but he acted like my feelings were invalid and dismissed me. Am I wrong for expressing my hurt and wanting to spend time together in hopes of fixing things?"
425,eiy34q,"AITA for ignoring my dad because I'm sick of his shit Alright this has been an ongoing thing now for 3+ years.

I started dating my girlfriend three years ago and when I first brought her over my dad got pissed at me. Why you may ask? He didn't like the way she looked and said she was ""bad news"" and will ""steal all your money"" ""is a gold digger"" and says I should ""bring someone hotter over."" 

First off, he's old school, he does not like tattoos at all and I fucking love them. My girlfriend does too, she has one hidden tattoo and 2 visible small ones (no sleeves or anything crazy). Also, my girlfriend is the sweetest girl, cooks and cleans, works two jobs and doesn't ask for anything crazy on any holiday except my company.

So over Christmas we had a party, family was there and obviously my girlfriend was there. Afterwards, I leave to drop her off at home and go back home, he tells me ""why did you bring that trash over, you're ruining your life that I built up for you, you're the worst investment of my life."" I fucking had it after that. Didn't say anything. Just haven't spoken to him since. For those that may say I should try talking to him, I have, and he just doesn't care to listen.

Now. My mom and sister think I'm a dick for ignoring him and I should mend the fences with him. I told them I would if he agrees to stop badgering me and being unkind to my girlfriend.

Extra info: I live at home becusse I'm finishing up medical school right now and the hospital I'm at is 10 minutes from my house so saving money is a huge plus. So cirretnyl moving out isn't an option for another year. 

So reddit, AITA here?","

STORY: My son has been ignoring me for over three years, and I’m starting to wonder if I’ve been too hard on him. Here’s the situation.

Three years ago, my son introduced me to the woman he’s now dating. I didn’t have a good feeling about her from the start. Call me old-fashioned, but I value certain things, and appearances do matter to me—it’s part of how I was raised. She has tattoos, which I’ve always associated with trouble. I told my son that I thought she might be a bad influence, possibly after his money, and that I’d prefer he find someone I believe suits him better. I admit I didn’t say things gently and might have come off harsh, but my intention was to warn and protect him.

Fast forward to now, and this girl is constantly around. Over the holidays, she came to our family Christmas gathering. I kept thinking about how this wasn’t the vision I had for my son’s future, and when he got back home after dropping her off, I let my frustrations spill out. I admit I said some hard words, including calling her “trash” and telling my son he’s wasting the life and opportunities I worked to give him. I was angry and upset, but I only wanted what’s best for him.

Since then, he hasn’t spoken to me at all, despite us living under the same roof. And the silent treatment has been going on for a while now. I may be old-fashioned, but I still think parents have the right to give their input about their kids’ choices—especially when we’re sharing a home and I helped raise him to where he is today. My wife and daughter think I might have gone too far and that I should apologize or fix things with him. But I’m his father—shouldn’t he also respect my perspective?

So, am I in the wrong here? Should I apologize to my son, or am I justified in standing my ground for what I think is best for him?"
1316,cpukb0,"AITA for telling my ex wife that her daughters only want to see me because their bio dad kicked them out? English is not my native language. So please excuse the errors. I hope I can explain myself clearly.

My ex wife and I were married for 4 years. She had two daughters with her ex husband. They were 3 and 5 when we got married. After our marriage, I came to know that she basically cheated on her ex husband, which lead to their divorce. 

In retrospect, I think that our marriage was kind of doomed from the begging. Our marriage consisted of her wallowing in self pity about how her infidelity destroyed her marriage and her girls and me consoling her everyday. 

She refused to discipline the girls because she felt she was was responsible for hurting and I couldn't do anything because I was not the dad. 

Finally, she decided to get back with her ex husband and cheated on me with him. I was kind of relieved that our relationship ended. I did everything I could for the girls but their dad always managed to paint me as an asshole. So I stopped trying to do anything and just provided for them. 

Now after a couple of months, my ex calls me and tells me that her daughters want to see their stepdad. That's me. I was surprised because they never appreciated what I did for them. Long story short, things did not work out for the ex husband and my ex wife and they broke up again. 

So I told her that they only wanted to see me because their dad kicked them out and told her not to call me again. She called my mom about it and my mom thinks I was inconsiderate. AITA here?"," AITA for feeling hurt and unsupported when my ex-stepfather implied my sisters and I only wanted to see him because we were kicked out of our dad’s house? Here’s the situation:

My sisters and I had a complicated upbringing. Our mom made mistakes, but she loves us and tried her best to make things work. When we were young, she married our stepdad. Things didn’t feel like a fairytale—our stepdad was around, but it often seemed like he didn’t really want to be there. I was a kid, so maybe I didn’t notice back then, but looking back now, I remember this underlying feeling that no matter what we did, it wasn’t enough for him to truly care about us as family.

He did some things for us, sure, but it felt like he wasn’t doing it because he cared—it was out of obligation. And there were moments he’d just step back and let things unravel, maybe because he didn’t feel it was “his place” as a stepparent. It hurt, even if I couldn’t articulate it at the time. Then, when Mom and Dad (our biological dad) tried to fix their marriage, it caused even more chaos. Eventually, that didn’t work either, and at some point along the way, we became estranged from our stepdad.

Recently, things came to a head in our biological dad’s home. It wasn’t working out anymore, and we felt unwelcome. We started thinking about our old stepdad because, growing up, he was *there*, even if things weren’t perfect. We wanted to reconnect—not just because of what happened with Dad, but because we thought maybe it could be different now, now that we could actually try to build something better as adults.

Instead of being open, though, he accused us of only reaching out because we had nowhere else to go and told Mom to stop contacting him. It felt so unfair and dismissive. Are we really in the wrong for wanting to reconnect with someone who was once part of our lives, just because the timing seems complicated?"
626,cerocg,"AITA for telling a protester to get out of my way to class? This happened several months ago, was speaking about it to a friend so wondering whether I was the AH.

I (20M) in college. Several months ago a student group on the campus was doing some protest regarding sexism or something, some activist crap like that. I'm not politically involved in anything, doesn't interest me. I just go to class, party and work out.

So I was walking to class one day and this protest was blocking my way to class. They were physically blocking people from going to class. I try going another way and there's a protester there, who looks to be about 19 year old dude.

I tell him ''Get out of my way, I'm going to class'' and he starts rambling incoherently about whatever the fuck it is he's protesting. I say it again and he says ''No'' and starts rambling. 

I just look him in the eye and say ''Dude, get the fuck out of the way. NOW, or I will call the cops''. He looks a bit scared, at that point I knew this kid didn't know jack shit about anything, was frightened at the mention of cops. He gets out of my way and I go to class. No issue.

Now yesterday I was talking to a friend (20F) about this and she called me out for being an asshole. She said I shouldn't have done that as these issues are important. I said I don't give a fuck, my parents are paying for me to go to class and that's what I'm going to do. AITA?

**Edit - people bringing up my race, not sure why its relevant. I'm an Asian male, if that makes any difference. I got to College to study as my #1 priority and I hold a 4.0 GPA. The little free time I do have, is either on working out (to relieve stress) or partying (to have fun).**

------------------------------------------------------------------------------------------------------------------------

**Edit #2 - Wow nearly 2000 comments....seems like there's a strong NTA consensus. Thank you Reddit and double thanks for Gold. I will try to read as many comments as I can.**"," AITA for standing my ground and refusing to let someone threaten me to move when I was participating in a protest? This happened several months ago, but was on my mind recently while talking to a friend.

I (19M) am part of a student group that's deeply involved in raising awareness about social justice issues, and a few months ago, we were staging a peaceful protest on campus. We were focused on highlighting issues related to sexism and inequality, which we feel are really important and don’t get enough attention. 

During the protest, we strategically blocked pathways to start conversations and make an impact. Most people took alternate routes or engaged with us, but then this one guy (20M) came through, saying he was heading to class. He told me to move, and I started explaining why we were there and the significance of our efforts. Instead of engaging in discussion, he told me again, more aggressively, to get out of his way. When I stood my ground and tried to keep explaining, he threatened to call the cops, which honestly made me pretty nervous, so I moved aside. 

It felt demeaning the way he spoke to me, and it didn’t feel right to be intimidated like that. AITA for refusing to move initially and sticking to what we were trying to accomplish?"
1138,bnpgps,"AITA for not letting my bf borrow my car for the day? My boyfriend would like to borrow my car for a day while his new car is getting detailed. He said he needs it for one day and probably will just sit in a lot for much of the day while he works.

My problem comes from that fact that I don’t like the way he has driven in the past. Recently we only had the one car (mine) and I let him drive it and drop me off at work then pick me up after. Normally he’s good about getting me on time but sometimes I have to wait, and it’s embarrassing for my co workers to see me waiting. While that’s an inconvenience, that’s not the main reason why I don’t want to let him borrow the car.

I think he drives like an ass. Too fast sometimes dodging in and out of traffic, he’s driven on shoulders before and will ride the turning lane until he sees an opening and ducks back into traffic. He’s also a hot head and has yelled at people and gotten out of the vehicle before. He’s not always like this but it seems more often than not.

He doesn’t have the most disposable income and if I don’t let him borrow the car he’ll have to call an Uber or some such....

Am I an asshole for telling him I don’t want him to borrow my car even though I let him use it for months before he got his own car?

Yes I have voiced before I think he should drive slower. I have called him an ass before about reckless driving but he scoffed at me.
Thank you.","Am I wrong for being upset that my girlfriend won’t let me borrow her car for one day? I needed to use her car while mine was getting detailed, and it wasn’t like I’d be using it all day—mostly it would just sit in the parking lot while I worked. I figured it wouldn’t be a big deal since she let me drive her car for months when I didn’t have one, even though she seems to be upset about my driving style. I’ll admit I can drive fast sometimes or get frustrated in traffic, but I think I’m still capable of handling myself. Also, when I picked her up and dropped her off at work before, I was usually on time—for the most part—so I don’t see where I was being unreasonable. 

Now, if she won’t let me borrow her car, I’ll have to call an Uber, which will cost me money I’d rather not spend. I don’t understand why she’s making this difficult after everything. Am I wrong for feeling hurt and frustrated?"
371,ci1l0f,"AITA for staying out of a fight between my brother and mother? My family is made up of me (M21), my brother (M13), my mother (F43) and my step-dad (M43). We live in a smaller city, with a population of 60.000 inhabitants in Germany, if that matters.


Anyway, to give a little background information, my mother is not a person one argues with, never being able to accede a point or admit own faults, you could never argue with her. Not me, my brother or my step-dad, for that matter. They already aren't in a happy relationship, but that's not the point of the story. She is definitely mentally ill, perhaps bipolar or borderline from what I can gather, though she would never admit she has issues and would never seek therapy. ""She is an angel, after all."" 


My brother is a person who acts out and lashes out irrationally when he gets faulted, often not knowing when he is fighting an uphill battle, and is a lot like my mother. Easy for them to get into arguments. Likely also has mental issues. 


My dad doesn't play a part in this story directly, but he often gets pulled into these situations. He is often called while at work by my mother, like a child telling on her siblings. I am usually the first person she goes to when they fight, expecting me to somehow ""deal"" with my brother, like she isn't to be faulted for anything. Because a fight doesn't take two people, right? 


My dad is at work. I have off today and wanted to sleep in. My mother is getting ready for work right now after the deed. My brother is home ""sick"". 


Apparently my mother insulted my brother's music taste or whatnot, and my brother got aggressive and ""grabbed her from behind and choked her"", from what I can gather. 


I am quite literally sick and tired of having my mother bursting into my room, waking me up and screaming at me to deal with my brother. A fight with my mother never ends well, and my brother knows it. I haven't the energy to deal with her anymore. So I shouted at them both for waking me up, telling both my mother and brother to shut up and grow up. My mother is of course insulted and says she will never do anything for me again (not that I care, she died in my eyes years ago, that ship is sailed) and my brother is angry because I don't ""understand him"". He can't see it out of my perspective yet. He hasn't given up on somehow winning against our mother. I can't fault him for being angry, she has that effect on people. But I've also told him many times that it's pointless. They're still arguing to this moment. After all I've been through in my short-lived life, I just want peace and quiet. 


I feel bad for my brother. But he is at fault for this whole situation, and I am again being pulled into an argument I can't win. They are both mentally unstable and anything I do could and would make things worse anyway. Why get in the middle of an immovable object and an unstoppable force? Everything for naught. 


AITA for wanting to stay out of the argument? For wanting my peace and quiet?

Edit: a number","Am I wrong for asking my older brother to step in and support me during an argument with our mom, even though I know she can be unreasonable and overwhelming?"
354,bqmgqp,"AITA for wanting to drop a 15 year old friendship for my 6 month old relationship? My friendship with Dave- he’s been my mate for 15 years, we’ve been through some shit together, and he’s always been my most solid friend. He’s always been prone to get jealous around me with girls and whichever women are in our lives, either separately or together, he will get very weirdly competitive. However, for various reasons both of us have been single pringles for longer than we’ve been in relationships, but he’s honestly like a brother to me. He’s been a shoulder to cry on when my mum passed away, I helped him buy a house, he bought me my first dog, etc. 

My girlfriend Safia- I’ve known her since last November. My gym buddy had been pushing me to meet her and despite me not really wanting a gf, it happened one day and we hit it off big time. I’ve known her 6 months and I can tell you right now she’s the fucking one for me.

She is never in a million years the type of girl I’d go for. She is completely out of my league. Lip fillers, makeup obsessed, runs around making friends with cats on the street, loves pink anything, calm as anything, has a degree in biomedical science, works for an organisation that *advises the bloody NHS* and is sharply intelligent. When I introduced Dave and Saf to each other I was sure they’d love each other. But nope. Despite me thinking Safia is the most interesting fucking person to walk this earth, Dave has been nothing but hostile to her and is openly rude. She first took it well and privately I apologised profusely to her. Asked Dave wtf his issue was and he called her a bimbo, vapid, etc. 

Since then it’s progressed into him openly calling her blondie (she has dark hair), him telling me she’s after my money, him telling me that I need to break up with her because she’s only using me and someone like her would never want to be with someone like me. Safia has said literally nothing about him, and I know she has an insecure streak where she feels like people don’t like her as it is, so naturally I’ve stopped seeing Dave as much. 

He’s called me drunk last night and told me how I’ve let a ‘loose pussy get in between him and I’ ... I’m honestly done with his guy. Am I doing the right thing by severing this relationship? In the last 6 months my life has been getting better and better- and coincidentally I’ve been seeing him less and less. Him disrespecting my girlfriend is the nail in the coffin as far as I’m concerned, but my other friends think this is a classic case of me being caught up in a shiny new relationship and not seeing the bigger picture."," when his mom passed, I was there; when I bought a house, he helped; and I even got him his first dog. He’s like a brother to me. 

But throughout our friendship, I’ve noticed a pattern with Mark: whenever he gets involved with a girl, it’s like I become invisible or irrelevant. He throws all his energy into whoever he’s dating, and I get left behind. Then, when the relationship inevitably ends, he comes back like nothing happened. This behavior wouldn’t bother me as much if the girls in question weren’t usually… well, not great, to put it mildly. 

Take Safia, his current girlfriend. Sure, she’s highly educated, has a good job, and might look good on paper. But to me, she seems shallow—lip fillers, obsessed with pink, and she just doesn’t come across as the kind of person who’s genuinely in it for him. And honestly, I don’t think it’s just my bias—someone who looks and acts like her doesn’t seem compatible with Mark or the life he’s building. I’ve tried to voice my concerns, maybe not in the most tactful way, but isn’t that what friends are for? To tell the truth even when it’s uncomfortable? 

Mark’s been distancing himself from me ever since he got with her. Sure, I’ve been a bit blunt in expressing my concerns, but it’s coming from a place of wanting to protect him from getting in too deep with the wrong person. Now he’s on the verge of cutting me off entirely and choosing her over a 15-year friendship that’s withstood everything except this. Am I in the wrong here for trying to look out for him and feeling upset about being pushed aside?"
711,ech2v8,"AITA for refusing to put the dishes away? I'm home from school today, which means I (16F) am home alone with my 21 year old brother. Our relationship is incredibly strained, so we mostly try to stay away from each other, but he asked me to put away the already clean dishes that were in the dish washer. I said sure, I'll do it. I got started doing that. About three dishes in, I come across what looks like an empty container that formerly had butter or something in it. I'd never seen it before, so I asked him where I should put it. He grabbed the dish from me and started ranting at me for not wiping the water off of it because I figured I'd do that after he told me where it should go. Then he says I'm not doing things properly because I have a stuffed animal in my arms while I'm working, even though I can still use both my hands just fine. I'm diagnosed autistic and looking into an OCD diagnosis. I have this insatiable urge to be holding something at all times; Usually it's my phone, but it's turned to this stuffed animal since I got it in the mail. After all this ranting, he grabs the towel I was using to dry the dishes and dismissively says that he'll just do it himself. Ok, sure. I just kinda shrugged and went back to my room. 

He immediately blew up. He followed me without missing a beat and started ranting at me that I'm lazy and I should have told him ""no, I've got it"". I don't understand how he could have reasonably expected that from me when he plain as day decided my work wasn't satisfactory and took matters into his own hands. He started bitching about how he had to clean the entire kitchen and the least I could do was empty the dishwasher. I'd... Already started it before he interrupted my work by saying he'd do it himself. I'm confused and frustrated and he's sending incredibly mixed messages at this point, so I just lock my door and tell him that I'm not emptying the dishwasher. He starts begging me to. I just ignore him. He goes into a bitchy rant bringing up irrelevant things I've done to him and says he's going to ignore me and make me sad next time I want him to try my food (I just got into cooking) or show him something cool. He's probably gonna get dad to harp on me for how lazy I am. 

So, uh, yeah.","Am I (21M) in the wrong for how I handled the situation with my sister? I was cleaning the kitchen while my 16-year-old sister, who's home from school today, was tasked with putting the clean dishes away from the dishwasher. Even though our relationship is strained, I asked her for help because I figured it was a simple enough task. At first, she agreed and started doing it. 

A few dishes in, she stopped when she found an empty container that I assume once held butter. She asked me where it should go. When I took the container from her, I noticed that it was still wet, and she hadn't bothered to wipe it off before putting it away. I pointed this out because it seemed careless to not dry it first. Additionally, I saw that she was holding a stuffed animal while working, which struck me as odd and unhelpful in the context of doing a chore properly. After trying to explain why this wasn't the right way to get the task done, I got frustrated and decided to dry the dishes myself.

But then she just walked away. Instead of insisting on finishing the task or saying something like ""No, I can handle it,"" she shrugged and left. This really annoyed me because I'd already cleaned the entire kitchen, and the least she could do was just empty the dishwasher. I followed her and told her as much, but she locked her door and outright refused. I even tried to reason with her and asked again for her assistance, but she ignored me completely. I got so frustrated that I brought up past issues and even warned that I might not support or engage with her as I usually do in the future.

Was I unreasonable in how I reacted here? Should I have handled things differently? Am I in the wrong?"
173,9u11xy,"AITA for saying happy Hanukkah? This came up last year and now that it's November, Christmas season has started in stores everywhere.

This year, like last year, Hanukkah comes before Christmas (if you didn't know the Jewish calendar is lunar so our holidays fall on different days every year, sometimes Hanukkah is during christmas, sometimes during thanksgiving, and everywhere in between).

I've always been kinda annoyed that Christmas gets treated as a multi-month holiday.  I roll my eyes at talk of ""war on christmas"" because some business just has a red holiday cup without a snowman on it,  and last year during Hanukkah in mid December, when people would wish me a merry Christmas as i was checking out at a store or buying coffee, i'd smile and say ""Happy Hanukkah"" and be on my way.

&#x200B;

I was with my friend at a starbucks when this happened once and they said to me after this ""you don't have to be an asshole"".  I asked them why? I didn't get angry, i didn't go 'WELL ACTUALLY IT'S HANUKKAH"", i didn't make a scene, i just wished someone happy hanukkah, ON HANUKKAH.  But they still felt i was being an asshole to make a point.

&#x200B;

AITA?","Would I be the asshole for feeling uncomfortable or calling out frustration if someone wished me ""Happy Hanukkah"" in response to my well-intentioned ""Merry Christmas"" during the holiday season? I was just trying to spread cheer, and it felt like their response might have been more about making a point than genuinely sharing holiday spirit—I didn’t mean to offend anyone by defaulting to what I know. Am I overthinking this?"
1517,dwvsgp,"AITA for kicking my roommate out? I live in a 2 bed, 2 bath apartment with 3 other people — so 2 people in each bedroom. Our lease started in June, and some of us went on summer vacations here and there through August, including my roommate. The problem arose when I Venmo charged her for her share of August utility bills, she essentially ignored it and didn’t say anything to me. We’re all college students and money can be tight sometimes, so I gave her the benefits of the doubt. But then she also didn’t pay her September bills except for rent. Then October bills came and the same thing happened. 

Finally she texted me last week and said that she wanted to talk about the August utility bills. She claimed that since she was away for 2 weeks in August and 1 week in September, she should only have to pay half of what I charged her. It didn’t feel fair because the rest of us also went away for weeks at a time but we still paid for our share in full. 

She also doesn’t contribute to other household supplies; she never buys toilet paper, hand soap, dish soap, etc. The first 5ing she said when she moved in was “Can I borrow you guys’s pots and pans to make some food? And plates and utensils?” 

The bills became the last straw for me so over the weekend, I asked her to move out and gave her a month to look for a new place. She started crying, saying that it’s the middle of the school year and it would be difficult to find a place but I stood firm. Am I the asshole?","Am I in the wrong for not paying the full utility bills and getting emotional over being asked to move out? I moved into a 2 bed, 2 bath apartment with 3 other people in June, sharing a room with one of them. Over the summer, I went on vacations and was away for 2 weeks in August and another week in September. When my roommate charged me for the full utility bills for those months, I didn’t pay because I felt it wasn’t fair—I wasn’t even there for part of the time. I’m a college student, and money is tight, so I didn’t immediately explain my situation until we discussed it in October. I told her I thought it was fair to only pay for the weeks I was there. 

I acknowledge that I haven’t contributed to household supplies like toilet paper or cleaning products and that I borrowed their kitchen items like plates and pots when I first moved in. But I didn’t think that was a big deal at the time. After our discussion about utilities, my roommate told me over the weekend that I should move out and gave me just a month to find another place. I got upset and cried because it’s the middle of the school year and this will be so difficult for me. I understand her frustration, but I didn’t think it would go this far. Am I wrong for how I approached this situation and for getting emotional when asked to leave?"
367,chphc4,"WIBTA if I only walked my dog most of the time So my mom’s border collie who’s is only five years old has aggression problems. As a year or so ago my mom’s ex threw him and now he has ptsd of men. As any time I walk him he’ll go and bark at any guy I pass. If I let anyone pet my dog who’s only one he’ll not allow it. As the people need to walk close to pet her. My issue is my mother since she says I’m making excuses on why I won’t walk him. I can outline two incidents with him since he has proven he will bite if he has the chance. 

For one incident someone had their two pits out and the dogs ran up to sniff my dog and him. He didn’t react much till their owner a white male ran up towards us to get his dogs. My mom’s dog jumped at the guy trying to bite him right away. He also barks at this group the owner hangs with every time I walk past them. 

The second incident is I let a older guy pet my dog every walk I do. As he’s outside enjoying nature usually. Thing is every time I try my mom’s dog will bark non-stop at him. The guy ain’t scared of him since he understands my mom dog just has ptsd in a way. But I’m scared every time I’m on a walk since I don’t want to be held liable. 

Now reason I think I’m an asshole is my mom is mad I don’t want to take her dog on a hike today. My 6’3 childhood friend and me are going to a park. My friend is a male and I’m afraid he’ll bite my friend. As my friend is autistic and will hug a dog without thinking. My dog loves attention, but my mom’s dog will get him. She says I’m worrying too much. 

So am I the asshole?","Would I be wrong to expect my child, who’s physically capable and experienced with dogs, to take my border collie for regular walks despite his behavioral challenges? From my perspective, he may have some issues stemming from past trauma, but with careful handling and consistent exposure to the outside world, these could improve over time. I understand my child feels anxious about incidents that have happened, but isn’t it possible their decisions to avoid walking him altogether could worsen the dog’s aggression rather than help him heal? Plus, it feels unfair to me that they prioritize their own easier-to-handle dog while leaving mine behind, especially when I’ve asked them to support me with this. Am I being unreasonable expecting them to include him in outings, even if some extra care is required?"
1391,dmbz1c,"WIBTA if I ask my partner to end his opposite sex “friendship”? (Disclaimer: this is a long, detailed filled situation that I can’t fully type out here. If more info is needed for judgement, I will be happy to provide it)

I (32f) and my long term partner (36m) have been together for around 7 years. We BOTH have friends of the opposite sex. It’s never been an issue... except for one.  

She and my partner have been friends since college and she has always had a “thing” for him. Until recently it’s never really played out. However, for some reason lately she has been really aggressive in her pursuit of my significant other. She has been critical of our relationship and myself, has tried to convince him to cheat on me, and when he said he would not cheat on me, she became verbally abusive towards him as well as me. 

They haven’t seen each other in probably 4-5 years, so this all is going down via text message. After the last tirade, she went silent for a few months. He and I talked about her behavior and agreed that she was out of line. However, earlier tonight her name popped up on his phone notification screen.  I don’t snoop. The text tone went off and I saw her name when I glanced over. 

I know if I ask him he will be honest and tell me what she said. He always has been.  My problem is that I don’t forget and forgive as easily.  I’m thinking about asking him to end the friendship, something I would never think to do prior to this situation. Which makes me think that I might be the future asshole...

Edit: I forgot to mention, she recently lost a sibling. And while the pursuit was there, it was after the death that she became VERY aggressive about it. It’s part of the reason I think my partner doesn’t just cut her out completely.","Would I be in the wrong if I reached out to my longtime friend, who I’ve always had a close bond with, during a vulnerable time in my life and continued to pursue them romantically—even though they’ve made it clear they’re committed to their partner? Am I wrong for believing our past connection and history gives me the right to challenge their current relationship, especially while I’m grieving and seeking comfort or validation?"
1097,endeku,"AITA for telling my sister not to transracially adopt? My sister (32F) and her husband (32M) aren't able to have biological children. This was a huge stressor for my sister, who's always dreamed of having children, and getting the news of her infertility caused her to fall into a major depression a few years ago. Now, however, she and her husband have begun to move toward adopting a child. For a long time, my sister had a lot of trouble getting excited about adoption as an option, but she finally seems genuinely thrilled about this avenue for child-rearing, and they've taken the first steps towards becoming adoptive parents. 

A few weeks ago, my sister, her husband, our older brother (36M), his wife and baby, and I (27F) were at our parents house for a nice family dinner. My sister was very eagerly showing us her and her husband's profile on an adoption agency website. This profile has a ton of info on them as a couple: their jobs, where they live, their parenting ideology, their favorite movies, you name it. One section, though, included a paragraph on how my sister and her husband were committed to raising a child from any racial or ethnic background, and giving them the necessary support to feel connected to their cultural roots. 

Here's the thing, though. My sister has never been very culturally sensitive. She's very openly anti-PC, consistently says and does things (in public!) that make me cringe from how offensive and out-of-touch she is, and gets very offended when people correct her. She's not hateful, but she cares very little to make an effort to be sensitive to other people's backgrounds. 

After dinner, I found my sister in the kitchen alone, and mentioned that it might not be such a good idea to adopt a baby that wasn't white. I told her that transracial adoption comes with a ton of complications that I wasn't sure she was prepared to deal with. 

She flipped out. She screamed at me that I was being racist, that I didn't trust her as a potential mother, and that it was cruel of me to question her when she's so excited about making moves toward having a baby. 

Hearing all the yelling, our mother came in to find out what was going on, and pretty much told me that I was an unbelievable jerk, and that I need to be supportive of my sister. I didn't apologize, as I think not putting a child into a potentially harmful situation is worth upsetting my sister. I went home right after that, and haven't talked to my sister since. 

AITA?","

""STORY: AITA for getting upset with my sister after she told me I shouldn’t adopt a child of another race? My husband and I (32M, 32F) have been on an emotional rollercoaster the past few years as we’ve navigated infertility. Having children has always been incredibly important to me, and learning we couldn’t conceive was one of the hardest things I’ve ever gone through. I was deeply depressed for a long time, but now we’re finally starting to heal and are so excited about our plan to adopt. For the first time in years, I feel hopeful about becoming a mother.

We recently showed my family our adoption profile, which outlines our commitment to raising a child with love and sensitivity, no matter their background. I feel very strongly about this. My husband and I have discussed how important it is to honor a child’s cultural roots, and we are determined to give our future child every opportunity to feel connected to where they come from.

But after dinner, my younger sister (27F) pulled me aside in the kitchen and told me, essentially, that I shouldn’t adopt a child who isn’t white. She claimed that transracial adoption would be too complicated for me to handle because I’m not ‘culturally sensitive enough.’ My sister has always been very politically correct, and while we don’t always see eye to eye on these issues, this cut me deeply. I’m finally ready to be a mother, I’ve worked so hard to get to this point emotionally, and here she was doubting me. To me, it felt insulting, dismissive, and even a bit racist.

I couldn’t hold back my feelings and ended up yelling at her for questioning my ability to parent—and questioning me at a time when I’m the happiest I’ve felt in years. She didn’t apologize, and after my mom stepped in and supported me, my sister left abruptly. We haven’t spoken since, and now I’m questioning if I was wrong to react the way I did.

AITA for getting upset with my sister and defending my ability to be a good mother, regardless of a child’s race?"""
809,cyuxlv,"AITA for wanting my boyfriend to stay at my place occasionally? My boyfriend and I have been dating for a little over a year now. We met through a singles group doing activities all around the area, but primarily in the city where he lives because it's the biggest city in the area. He doesn't have a car because he doesn't need one. I do, but I live about an hour away. There is a commuter train that runs near where I live and it is a 45 minute train ride plus a 10 minute drive between my place and the train. So about an hour to get from my place to his or vice versa. 

When we first started dating we were still quite active in our singles group and because most of the activities were in the city where he lives we spent a lot of time at his place. It has now been a full year and I have been spending every single weekend at his place. He has been to my apartment a total of 3 times. Ever. And he definitely complained about it each time. 

I have grown weary of packing a bag and dragging it to his place every single weekend. We haven't been nearly as active in the singles group so we spend most weekends watching TV and only leaving to get food. Even for that we tend to stick to a pretty small radius right around his apartment. If that's all we're going to do then I don't see much of a difference between his place and mine. 

When I told him I can't do this every single weekend his initial reaction was that we just don't need to see each other every weekend. When I talked about him coming out to stay at my place he talked about how much he hates taking the train and that it's so inconvenient and that the one time he took a rideshare to my place he had to actually wait for a car to show up because they aren't as frequent out where I live. (That time I could not pick him up at the train because I had surgery that same day and was not allowed to drive. Usually I would be able to pick him up.) He said that he never thought this would be an issue because when we met I always came out to the city where he lives. I tried to explain that I was coming out here because I had plans to do something and now that we weren't going out as much I felt that it was fair for him to come to my place once a month. I even said that it hurts to hear him say he is okay with asking me to put in this effort, but isn't willing to reciprocate. 

So, am I the asshole for asking him to suck it up and pack a bag once a month and make the same trip I usually make?","

AITA for thinking my girlfriend should continue coming to my place instead of expecting me to travel to hers? My girlfriend and I have been dating for a little over a year now. We met through a singles group that held activities mostly in the city where I live. Since I don’t have a car, living here makes sense because there's excellent public transit, and I don’t really need one. She, on the other hand, lives about an hour away by train. 

When we started dating, she would come to my city often because of the group activities, and it worked out naturally that she would stay at my place. She has a car, and she didn’t seem to mind. But now those group activities have slowed down, and she brought up that she’s been the one making the effort to visit me every weekend, while I’ve only been to her place three times ever. She also pointed out that we mostly stay in and watch TV these days. 

The truth is, I really hate the idea of traveling out to her place. Taking the train to her area feels inconvenient (the ride isn’t quick, and the frequency of trains out where she lives isn’t great). Plus, the one time I took a rideshare there, it was a hassle because of her location. When she usually picks me up from the train station, it’s easier, but even so, I never really liked the idea of leaving the city for the weekend. I explained that when we started dating, my assumption was that this arrangement would continue — her coming to me — because that’s how it had been naturally from the start. 

When she asked for me to come to her place just once a month to even things out, I was honest about my thoughts: it feels like a bigger burden for me to make that trip than it is for her, given our locations. She said it bothers her that I don’t seem willing to put in the same effort that I ask from her every weekend. I admit I was surprised by this since I didn’t think it was going to become an issue. 

So, am I the asshole for not wanting to pack a bag and spend that much time traveling to her place once a month, when I feel like our original dynamic was working just fine?"
704,dpxm1b,"WIBTA if I didn't take out the yard waste? This is a basic little post I guess but I'm curious what you guys would think.

I live in a building that is mostly old folks, I'm 30 and the next person in age is a lady who is about 50 I'd guess. Occasionally I get asked for favours, and I don't mind. My upstairs neighbour (75ish) needed help activating a Visa gift card, no problem, last night the little old lady across the hall (70ish) asked if I wouldn't mind carrying her yard waste bin out for pick up, I said sure!

She asked if I could do it before work in he morning, I leave around 6am but I told her I'd take it out when I put out my trash the night before. She was worried about kids getting up to mischief since it's Halloween but I assured her it'd be fine, it's cold and rainy and kids will all be in early.

So, sure enough, the weather report was right, it's a cold crappy night, not many kids out, so I put out my garbage and compost and I put her yard waste out.

Just a moment ago I heard some noise in the hall and I peeked through the peephole to see her struggling to drag the bin inside and leave it by her door. 

Now, to be perfectly clear, I don't think I'll be petty about it and I'll just put it back out in the morning as she's clearly demanding, but would I be the asshole if I just walked past the bin in the morning? I'm all for helping out but it just seems odd to me to ask for such a minor favour and yet demand that it be done to her specifications and at my inconvenience. 

Not only that but... If kids are gonna make trouble there'll be a mess anyways since everyone else in the building has their bins out, only hers is safely inside... I don't get it.

Anyways, what do you guys think?","Would I be the asshole if I asked someone for a small favor, then was unhappy with them doing it in a way I felt was inconsiderate or risky, and decided to move the item myself instead of speaking to them about my concerns? I appreciate their help, but I felt strongly about ensuring my bin wasn't left outside overnight (especially when I specifically mentioned this worry). Am I wrong for sticking to my preferences and quietly handling it myself, even though they ultimately did what I asked? Should I have handled this differently?"
339,cgi323,"WIBTA for not going on a family vacation? The vacation isn't super long, it's only three days. My (18F) family is going to drive to Savannah Georgia and meet up with another family we've been close with but haven't seen much since we moved pretty far away. My boyfriend (18M) is moving for college on the last day of the trip which we didn't know about before planning the vacation since it was planned in advance and his schedule was released later. I didn't really want to go on the trip because I wasn't interested in walking around Georgia in the middle of the summer, and while the other family is nice I'd be hanging out with three fourteen year old boys, my mom and their mom. I agreed to go because my mom pressured me to go as she does quite often. I'm currently on the way back from another family trip with my mom and brother where we visited family and friends. I also need to work as I'm paying for most of my college classes/expenses and I need time before I start classes for my own wellbeing. I originally didn't want to go on a previous trip because of an emotional issue involving my ""father"" (the man who was more of a father to me than my dad) since he had passed and I wasn't ready to go back. My mother exploded on me and convinced me to go on the second trip despite still being upset about his death (the second trip was about a month later). Would I be the asshole if I didn't go? It's gotten to the point of not knowing what is right or wrong since I've based my decisions on my mother's opinions my entire life (gotta love that emotional manipulation), so I genuinely don't know what to do.

EDIT: Fall break is in October and the drive to his school is a pretty long drive, but I'm willing to do it. However I'll be a full time student with a part time job and my boyfriend isn't allowed to have a car on campus","Would I (the mom) be in the wrong for expecting my daughter to come on a family trip? This trip to Savannah, Georgia, is only three days, and it’s an opportunity to reconnect with a family we’ve been close with for years but haven’t seen much of since moving far away. My daughter (18F) agreed to come earlier, though I had to encourage her, as she wasn’t originally interested in going. I know she’s just come back from a family trip with me and her brother, but I believe family time is important, and these connections are worth making.  

I understand her boyfriend (18M) is moving for college on the last day of the trip, but this vacation was planned months ago—well before his schedule was finalized. She mentioned needing time for work, personal well-being, and handling college expenses, but I also feel this is a special opportunity for us as a family, especially since family has always been a priority to me. There have been emotional challenges in the past, like her reluctance to go on a prior trip because of unresolved grief over her “father” figure’s passing, but I encouraged her to come because I believed it was for the best. I just want her to participate in family activities and strengthen our relationship. Would I be wrong for wanting her to prioritize this trip with me?"
551,dvubja,"AITA for making my ex pay her share? I see in the rules that breakups are not allowed but mine is not entirely focused on that. We are in the post stages of the breakup and I am trying to resolve issues like what happens to the lease on our house we are renting. 

Backstory, she was going to school to be a lawyer and held an executive position in her job. I was military living in Oklahoma working on getting my foot in the door with a 3 letter agency. She moved from California to live with me in Oklahoma, and continued school out there. 1 year later, she gives me an ultimatum to leave my career and move to California saying it was a worthless career, I did. We sign a lease on a house and move out here. I paid the rent without income for a few months before my GI bill kicked in. 2 months into living here she tells me she wants to be a traffic cop, and leaves her executive job while still finishing law school. I was honest with her, told her that I felt she was selling herself short. 1 month later shes back living with her parents, and I'm on the opposite side of the country from mine (Florida). That's the backstory, its needed. 

We broke up in August, its now November, my school semester ends in a month and I just want to go home. I've been trying to resolve things with her, but its like trying to work with a brick wall. We still have the lease on this house, and whenever I bring it up I just get yelled at. I'm past the end of my rope...I draft up all the money it would cost to break the lease and its like 7.5k. I also figure out how much money she still owes me for helping pay her tuition in Cali and how much I spent on rent without income(Was a verbal agreement between us, Id support her until she graduates, then we switch) and the total comes out to 19k. I show her it saying ""You want out, you can't just walk out. We had an agreement."" and show her the total. She calls it extortion and walks away. 

I thought about it and figured the rent portion was never going to be achievable without sacrificing more mental health and time away from family. So, I reached out and said to forget the rent, just break the lease and that will be fine. Here's the AITA part, am I an asshole for demanding that she pay? I tried to work things out but she avoids it like the plague. Alternatively, I could just pack up and leave her to pay the rent on the house?","

AITA for refusing to pay as much as my ex is demanding? My ex and I were together for a few years and moved to California after he agreed to leave his career in the military. I had been attending law school and had an executive position at work, but I realized I wanted a different path in life and decided to pursue becoming a traffic cop. I also ended up moving back to my parents' house for support after we broke up.  

We broke up in August, and now it's November—he’s still living in the rental house we had leased together. He’s been pressuring me to “resolve” things on his terms, but for me, the relationship is over and I just want to move on. He’s asked me to pay for things like breaking the lease and has also brought up the money he claims he spent supporting me while I was going to school. He calculated it all and is asking for $19k, calling it part of an agreement we had. When I told him this felt manipulative and like he was bullying me into paying unreasonable amounts, he called that “extortion” and says I’m trying to leave him with the bills.  

Now, he says he’ll drop the money he asked for on rent if I just agree to pay to break the lease, but I feel like he’s not considering how much I’m dealing with too. I’m trying to move forward with my life, but instead, I’m constantly being backed into a corner. AITA for not agreeing to pay more than what feels fair to me?"
1443,d3cih2,"AITA For not responding to My kids deadbeat dad's gf? I was married to a guy who had a son from a previous relationship. We have 2 daughters together. He didn't see his son for many years because he said the mother ""wouldn't let him."" I eventually found out that wasn't the case, and that he got into an argument with the mother and instead of dealing with it, he just stopped talking to her. He never took initiative to deal with anything himself, he always had to be told to take care of his responsibilities.
We split up when the girls were 9 and 5. After he left, about 2 months went by of no contact from him, so I reached out for him to see the girls. A year goes by of random visits. Then one day, they get back from their visit and my 10yo tells me that she has a headache and doesn't feel well because her dad smokes too much cigarettes in his house and the smoke makes her sick. I say I will talk to him about it, but she says she doesn't want me to say anything to him because she doesn'twant to hurt his feelings. The next week, she says she doesn't want to go with him. So I tell him they're not going with him that week. 
That was 4 years ago, and that was the last time I heard from him. He has not once tried to visit them or ask about them. The girls just kind of forgot about him along the way. About two years ago, he had another child with someone else. He apparently told this woman that I ""won't let him see the girls.""
I am not opposed to my daughters spending time with him, if that's what they want, but I refuse to take it upon myself to reach out to him yet again to set it up for him. He skates through life without a care in the world while everyone else in his life does all the hard work for him. 
A few months ago (a week before Father's Day), his new gf messages me to ask if ""we could talk."" I have no problems with this woman, as I've never met her. But I ignored her message because I know exactly what she wants. She most likely wanted to make contact with the girls, to try to surprise him with some grand gesture for Father's Day, by getting all his long lost kids together. I get where she is coming from, but I feel like it is not her responsibility, nor is it any of her business, to try to contact my children for him. If he ever decided to pull his head out and actually ask for himself to see his kids, then that is a different story. 
Am I the asshole here? I get that the kids are the ones that are kind of caught in the middle of all of this, but my kids are doing just fine right now, with or without him. I am not keeping them from him, but I sure as hell am not going to help her serve my kids up to him on a silver platter like he is used to."," I am the girlfriend of a man who has two daughters with his ex. He hasn’t seen these daughters in several years, and from what he’s told me, it’s because their mother won’t let him. He feels really bad about the situation and misses them, but he doesn’t quite know how to approach it at this point. Knowing Father’s Day was coming up, I decided to take the initiative and message his ex to try and start a conversation. My hope was that maybe I could help facilitate communication or at least understand what might be possible. I’ve never met his ex, and I wasn’t trying to overstep—I just wanted to see if I could help bring the family closer together and maybe make Father’s Day special for everyone. But she ignored my message completely. 

Am I the asshole for trying to reach out to her on his behalf?"
560,cjq9om,"AITA For going solo on a group project? You know the drill. Throwaway account in case friends find me. 

I'm currently in my last year of highschool and it's basically everyone stressing because of things like final projects, picking a college ect.
 
Anyways 

Health teacher assigns a 20 page 2 person project (yay. A critical part of my grade) and assigns me me with S. S was that one kid who refused to participate in class or do homework. I wasnt thrilled and told the teacher in private that I did not want to work with her. Teacher says to at least try bc of 'you'll be a good influence'. 

We had only 1 week 
Right away I try make friends w/ S. I then told her that we should start working on the project tomorrow, but today we should plan things out. 
We agreed to go 50/50 on the essay. 

No go. 
Everytime I tried to ask S on her progress of the project she either texted ""sorry not feeling good, ttyl"" or ""We still have time, chill"". The real problem started when she stopped answering and ignored me until late Friday night. Through text she said she was sorry, she was at the hospital, ect. I felt bad and texted that we continue  next day (Saturday).

Saturday morning I went scrolling through Insta and I see S had been partying from the time she was ignoring me and was obviously never in the hospital. She was literally at a party when she texted me her whole 'apology'. I went solo. Emailed my teacher about the situation with screenshots. She emailed back that she understood and would email S to notify her. 

Monday comes and we have to start presenting projects. S comes late to class and tells me that she got sick at the hospital and couldn't start the work (she didn't even start ffs). Teacher calls my name to present and she gets up too. Teacher gives her a odd look and the rest follows :

T: Why are you getting up? 
S: (confused) We're project buddies
T:no, (My name) did the project on her own. You didn't help her. 
S: But I emailed you that I wouldn't be able to work on it because I was in the hospital! I texted (My name)  to make sure she knew! 
T: You lied, (My Name) sent me the screenshots and I emailed you that you would be doing the project alone. Did you read the email I sent? 
S: (face falls) :no... (Gets angry)  You're a fucking bitch (My name)! 

She leaves and I awkwardly presented my project. My friends are saying that I was kinda cold for cutting her out the project and should've at least gave her a heads up (The teacher did give her one though). One friend thinks that I was a bitch and should've just done the rest of the work if I was really THAT worried for my grade. I think it's fair what I did but maybe I was like too stiff? Reddit AITA?","  

AITA for getting upset at (Original Poster) for cutting me out of our group project?  

I'm in my last year of high school, and things have been really overwhelming with final exams, projects, and everything else. My health teacher assigned us a 20-page, two-person group project, and I was paired with (Original Poster). I’ll admit upfront that I’m not the most invested student, and I don’t always do my homework, but I had every intention of helping out with this project.  

We agreed to split the essay 50/50, but that week became really hectic for me. I wasn’t feeling great at first, so I told (OP) I needed some time to rest. Then things got even more overwhelming when I had to deal with some personal issues—it got to the point where I was at the hospital. I apologized to (OP) over text and told them about the situation because I wanted them to understand that I wasn’t blowing them off. I even said we should work on it the next day, but (OP) didn’t seem to care and decided to move forward on their own without giving me a real chance to explain.  

Yes, I went to a party earlier in the week—that’s true—but I still thought I could make up for it once the deadlines came closer. (OP) didn’t communicate that they were officially cutting me out until I found out in front of the whole class during the presentation. I had no idea they’d gone solo or that our teacher had already been emailed about it. I felt humiliated when the teacher called me out and said I’d lied. I told the teacher I was sick and genuinely thought my explanation to (OP) via text had been enough. I didn’t even know there were “screenshots” sent behind my back.  

When I got frustrated and upset in class, I’ll admit I called (OP) a bad name in the heat of the moment. But it came out of feeling blindsided and betrayed. I wasn’t given a chance to defend myself, and (OP) essentially made me look like a liar without telling me directly what their issue was. I understand the project mattered to them, but couldn’t they have at least warned me before going to the teacher? Couldn’t they have just finished the work together for the sake of getting it done? AITA?"
1540,d1k2jg,"WIBTA for telling a woman not to breastfeed in a hot tub? My SO are having an argument -- so, please, help us settle this... 

Earlier today I was at a local pool with a hot tub and I was shocked to see a woman breastfeeding her toddler while hanging out in the hot tub. She was walking around and bouncing her kid. 

I always figured I'd be the *last* person to ask a breastfeeding mother to go elsewhere, but I was immediately disgusted -- no one should be breastfeeding *in* a public pool! Not because it's indecent or sexual, but for the same reasons you don't blow your nose in the pool, pee in the pool, have sex in the pool, or just generally risk adding extra fluids to the pool! Just sit at the side while you feed your kid, right?

My SO told me to not to say anything, so I didn't, but she's a local so chances are good it could happen again. 

WIBTA for asking her to not be *in* the hot tub while feeding???"," I was at a local pool with a hot tub earlier today, feeding my toddler while enjoying the water. I was being as discreet as possible, walking around and gently bouncing my little one—it’s just something I needed to do as they were hungry, and it felt natural. Then, I noticed someone staring at me and seemingly uncomfortable. I didn’t think I was doing anything wrong, but they seemed grossed out. I was just feeding my child while relaxing, and honestly, I thought we were all adults who understood that feeding a baby is a natural, non-disruptive thing.

Am I in the wrong for breastfeeding in the hot tub while caring for my child?"
170,d0em8r,"Aita ? Son's nickname turns into a racial misunderstanding Today I went grocery shopping and I normally do it at a WM superstore but today I decided I was too tired for long lines and decided to go to a local supermarket. I did all my shopping and it was a little more expensive but I was soo tired and ready to go home. I had a tired 5y/o past bed time and my husband who was in a hurry to go home for the gears (pre-order) release. So when I finished shopping i went to the shortest line which has a person just buying 3items, the cashier was a nice older African American lady (normally I wouldnt really state race as it doesn't matter, but this time it's important for the story) and she was extremely nice to us. as I was checking out, my husband placed the bags in the cart while my son looked at the candy at the front counter behind me, I paid and was ready to go so I said to the lady "" thank you, have a nice night"" and she replied to me ""you too"" and I turned around and called out to my son ""*Peter* (not real name) let's go monkey"" and my son stopped playing with the candy and ran to my cart. This is where I was completely oblivious. I normally call my son monkey, bug, chipmunk, or Taz (Tasmanian devil) so I didn't think anything of it I call him these name as his has ADHD so he's a sweet but over active child but never do I mean it in a mean way or anything nits always with love +my son is 1/4 Spanish 1/4 Mexican 1/2 white, and looks like a brown eyed white boy so really it's nothing racial. when we get to the car my husband says ""wow your such an butthole"" and I'm just confused as to what I did so I ask ""why ?!"" And he said ""that lady was so nice to us and you just offended her so badly"" at this point I was more confused and worried ""wait why??"" My husband: "" you called *Peter* monkey in front of her and she gave you the most dirty offended look ever! Why would you even do that???"" Me a little less confused but now confused for something different I asked ""wait why would she think that's offensive *Peter* isn't black he's Hispanic and yet he looks extremely white?"" He said "" why would you even say monkey in front of her?? she probably thought you called her that!"" At this point he's laughing at me me:""but I didn't!! I said it to *Peter*!???"" Husband: ""I know that, but does she?"" Me:""I seriously didn't!!"" Well the conversation kept going with him teasing me and so on even calling me racist for not being sensitive about the word in front of her... So am I an butthole for calling my son monkey in front of her? And am I an butthole if I think she is the one who took it wrong?"," The customer's nickname for her child turns into a racial misunderstanding, and I'm the cashier involved. Today at the supermarket, I was working a busy evening shift when a pleasant-looking family came to my register. They seemed polite—there was the mom, her husband, and their young son. I rang up their purchases and wished them a good night after the mother thanked me. However, as they were leaving, I overheard the mom call her son ""*Peter* (a placeholder name) let's go, monkey."" I can't lie—her tone sounded casual, but hearing the word ""monkey"" used like that made me pause. Given my racial background as an African American woman, it stung, even though I know it might not have been directed at me. I didn't let my emotions show, but it rattled me throughout the rest of the shift. Maybe I misunderstood the context or heard wrong—she might have just been using a nickname and truly never intended to offend. But still, the history tied to that particular word in racial contexts is hard to overlook.

Am I wrong for feeling hurt and offended about the situation, or should I have just brushed it off instead?"
1083,b2a1md,"AITA For blocking my little cousin on Instagram? Here's a little backstory: I am currently visiting my home country Uzbekistan from the US, Having the opportunity to even go to the US from my country is considered a big deal here.,. I haven't seen my little cousin in around 4-5years. He is 14 years old and once he found out I had an instagram he immediately made one.  If im completely honest with you, He is SUPER annoying and is constantly making dirty jokes which aren't even funny. He has this annoying habit of bringing up the fact that I came from the US and sarcastically saying that im cooler and richer than he is for that fact. (I'm not even rich!)  Ever since I came from the US he would constantly make jokes about how rich I am (which im not), and jokingly ask for 50$, this pisses me off (because he literally makes these jokes everyday), and when he notices that he says something like ""Alright sorry, you're cool you're from America, and we're not."" This further pisses me off.  Now to the instagram part, when he made one he obviously requested to follow me, I thought about it for a minute but eventually just accepted it and followed him back.  Next day when I see his profile I noticed he followed all my followers, I was kind of annoyed ( BUT THIS WASNT THE TIPPING POINT.) I was already having thoughts about blocking him but what made me super pissed was that he constantly kept showing me pictures of some of my girl friends and would say some annoying dumb shit like ""Is this your girlfriend??"" I'd say ""No"" to which he'd reply to "" Don't lie."" (he did this with multiple girls throughout the day) That was the last straw, so later on I blocked him, and when he found out he got kind of upset and hasnt talked to me in a while, I feel like what I did was kind of harsh but I honestly dont want to unblock him, AITA?"," My older cousin from America blocked me on Instagram, and I’m not sure what I did to deserve it. He’s visiting from the US, which is a pretty big deal here in Uzbekistan since not many people get the chance to live there. I was super excited to see him because we hadn’t met in 4-5 years, so as soon as I found out he had Instagram, I created an account so I could connect with him more. I’ve been trying to joke around with him, like teasing him about being from the US and playfully saying he must be cool and rich because of that (which he always says he's not, but hey, it’s just humor). I even poked fun by asking for money a few times. Maybe I overdid it? 

After connecting on Instagram, I thought it would be fun to follow his friends because it’s interesting getting a glimpse of his life in America. I also showed him pictures of some of his girl friends and joked about whether they were his girlfriends. I didn’t think much of it—it was just teasing as cousins do. But apparently, he didn’t think it was funny because he blocked me later on without even talking to me about it. I’m kind of upset because it feels like he’s shutting me out, and I don’t know how to talk to him about it now. AITA for goofing around and maybe taking the jokes too far?"
1558,e4ugkz,"AITA for deciding to take the bus and making a friend travel 4 hours by car in the snow alone? I traveled to my hometown on Friday by bus (4 hour trip), a friend told me she (I’ll call her Brenda) was going alone by car on Saturday morning and leave Sunday at noon, she asked me to go back with her so she wouldn’t make the trip back alone because there was probability of snow, I was planning to go back by bus but agreed.

On Sunday the pick up time came and she wasn’t there, as a background Brenda is always late, to date the most I have waited for her is one hour.

I sent her a text 40 minutes later and she texts back that some friends invited her to eat, I answered that she could have told me because my family also invited me to go out for lunch but I decline to wait for her, Brenda then said that it was unplanned and they were gonna eat quickly and she was gonna come pick me up.

1.5 hours after pick up time she texts me: “They keep ordering food!”, I ask her for an approximate time to leave and she tells me that “just a few more minutes”. 2.5 hours of waiting and she hasn’t texted me again, by this time I’m angry and fed up, so I sent her a message: “Thank you for the ride offer but I’m gonna be taking the bus back”, she answers quickly and asks me if I’m being serious and if I can’t wait 30 more minutes. So I tell her that I’m angry and that I think its really disrespectful of others to be late, and that I don’t wanna be hypocritical and act nice for the 4 hour trip and that is better to travel separately and met later in the city. She answered me: “Ok, if that’s what you want, I understand”.

Later I’m on the bus back and a mutual friend sends a text on a group chat asking where the road trip selfies are, Brenda answers that she is going back alone because I stood her up, I don’t feel like I stood her up and I don’t know what to answer...

Immediately one of our friends sends me a private text asking why I didn’t go back with Brenda, I tell her about the wait time and the answer she gave me was that I already knew Brenda is always late (true), I could have waited (also true), and that Brenda is gonna be traveling all by herself and there’s a storm coming.

It made me feel bad, guilty and worried for Brenda, because it gets dark really early and it has been snowing, but at the same time I think me being angry was something legitimate, I was respectful of the time she set and organized my day to be ready on time and she couldn’t do the same, she didn’t even let me know until I asked. A few of our mutual friends are making me feel like the bad guy. AITA?

TLDR: A friend made me wait almost 3 hours for her, I told her “thanks I’ll rather go by bus” because I was angry and didn’t want to make nice with her for the 4 hour trip, she told our mutual friends I stood her up and they are telling me I’m the bad guy."," I told my friend I’d pick her up for a car ride so I wouldn't have to drive alone in the snow, but my friends invited me to lunch last minute, and I decided to go because I thought it would be quick. I didn’t let her know immediately that I’d be late, because it wasn’t planned, and I figured she’d expect me to be late since I’m often late. After 2.5 hours—during which I kept her updated with texts about the delays—she said she’d decided to take the bus instead. She said she was angry about being made to wait, and she didn’t feel it was fair for me not to respect the planned pickup time. I had asked if she could wait just 30 more minutes since I really didn’t want to make the 4-hour trip back alone in the snow, but she refused.

She had offered to travel with me initially because of the weather risk, but at the last minute left me to drive alone. I felt hurt and shared my frustration in a mutual group chat, saying she stood me up. Some of our mutual friends are siding with her, but others agree she could have waited, especially since she knows I am always late. I feel like I gave her updates and tried to communicate. Am I in the wrong for going to lunch and asking her to wait, even though I knew she might be upset?"
244,c5if74,"AITA for not supporting my parents? Long story short, I had a relatively abusive [childhood.](https://childhood.My) My parents pushed me into medical school for the prestige and salary and I almost ended up getting in until I developed immense, crippling anxiety. I still have my master's degree but have such intense mental health issues that I cannot work and stay at home  with the kids while my husband works. He makes a middle class income and my parents are very ashamed of me (and us) for not being rich doctors. 

&#x200B;

They are immigrants who left their country and came to the west but have worked minimum wage jobs their whole lives. They were hoping I would become a doctor and give them enough money so that they could quit their minimum wage job. Well, I am not a doctor and they quit their job anyway and are now demanding that I help them financially (even though we are barely making ends meet).

&#x200B;

AITA for not helping my parents? They were very emotionally abusive but I feel guilty because they worked minimum wage jobs  for 20+ years and came to this country to give us a better life, yet I feel like I failed them by not really accomplishing anything and being a stay at home mom. We COULD help them if we moved into a smaller house, cut cable, etc... but it wouldn't be without making sacrifices.","  

We are immigrants who left our home country and gave up everything to come to the west in hopes of providing a better future for our children. For over 20 years, we worked minimum wage jobs, enduring countless sacrifices and hardship. We pushed our child to go to medical school because we wanted them to have financial stability, prestige, and a better life than we ever could—and, truthfully, we hoped that their success could also help give us some relief from the unending grind of poverty we’ve faced.  

Unfortunately, they didn’t become a doctor, and now we’re retired and struggling financially. We quit our jobs, expecting that our child would step up to help us in return for everything we sacrificed. However, they’re unwilling to make sacrifices, like moving into a smaller house or cutting unnecessary expenses, to support us financially.  

Yes, we were strict and may have pushed too hard while raising them, but everything we did came from wanting the best for them. Now, they use the hardships of their childhood and their anxiety as reasons to avoid helping us, even though we made so many sacrifices to give them the opportunity to study, live in a better country, and have a future.  

Are we wrong for asking for financial support from our child, especially when we worked so hard to give them a chance at a better life?"
44,chdyb4,"AITA for being jealous of my sister getting therapy? Well,
I think I'm jealous. I've always felt that I want to be more social, but I can't. I never can get words to leave my mouth and it's difficult for me to be calm in social situations. I've missed out on so many opportunities because of this. My friends always claim that I have social anxiety. My family just teases me and says to ""Stop being chicken"", ""Don't be shy,"" and the most common, ""Man up."" I try, I really do. I want to talk to people but I really can't, it's hard. It makes me cry because I can't do anything without help. I've been struggling with this for so long. Everyone in my family knows about my social struggles, and I've tried asking them if I can get help. Their answer is always No. 
But the other day, my sister got overwhelmed and that sparked a mini anxiety attack. It wasnt extreme thankfully, but now my whole family is catering to her. Constantly making sure shes relaxed, calm and giving her time to recover. Even offering to pay for therapy for her. Something that I've yearned for, for forever. I know I should be happy that she's getting support, but I can't help but feel a little jealous because she's getting what I've always wanted and asked for.
So, Am I the asshole?","Am I in the wrong for prioritizing my sister’s needs over my sibling’s?  

My sibling has struggled with social situations for a long time and has often hinted at wanting help with it. I’ll admit, we’ve mostly brushed off their struggles and teased them, giving advice like ""man up"" or ""stop being shy,"" but we never seriously took their concerns to heart. It's not that we didn’t care—it just didn’t seem like something that needed therapy, so we never thought to offer that kind of support or commit to paying for it.  

But recently, my other child (my daughter) had a mini anxiety attack after feeling overwhelmed. It worried me. I wanted to make sure she felt supported and recovered, so I’ve gone out of my way to help her relax and even offered to pay for therapy for her. Now, my sibling hasn’t expressed happiness about this; instead, they seem jealous because they’ve been asking for therapy themselves for years.  

Did I prioritize my daughter's situation too much without addressing my sibling’s needs adequately? Am I wrong for this approach?"
271,9p1400,"AITA My friend keeps coming into my fraternity room and using my private single bathroom without telling me. I told him next time he is going to my room he needs to ask me first. I came home late last night and found clothes on the floor that werent mine. I found out he used my shower(he knows my code) and he used it without telling me. I told him not to go into my room without me knowing and he asked if i was ok.

Am i the asshole for wanting respect of my privacy? ","Am I wrong for thinking my friend is overreacting when I used his private bathroom and shower without telling him? I’ve done it before, he knows I have his code, and it didn’t seem to be an issue until now. I even asked if he was okay when he confronted me about it. Shouldn’t a friend be more understanding?"
274,e09z56,"AITA for asking for ""cheap"" Christmas gifts? I am the oldest of 2 kids. Since the divorce the largest amount of money our parents spend on us all at once is at Christmas and birthdays. They have always had a rule, they each will spend the exact same amount on both of us to avoid potential hurt feelings. This has worked out well in previous years when we were kids and they gave us a toy catalog and told us to pick whatever we wanted, but as we've gotten older this has proved problematic.

I'm 17, and in sixth form. My brother has said to me that as he is doing his GCSEs next year (he's 14) he needs a really good laptop, which I understand. He said he was going to ask for a macbook, and the model he wanted was £1,200. He asked me if I could ask for a similar amount, but I told him I objected to this for a few reasons, the main one being that I do not need £1,200 of stuff.

I have a job and I bought myself a cheap laptop this time last year. I got a refurbished one in a sale for about £150, with the price of a brand new one being closer to £500. My next big purchase was going to be my reading list for one of the A Level courses I'm taking. It came to about £150 total so when dad asked about Christmas I asked him to cover my booklist. He had an old gift card and a promo code that he used when purchasing and knocked about £50 off the total. There was a jumpsuit I asked for which cost £60, and when he asked if there was anything else I wanted I also asked for a gift set from lush which came to £25ish and a candle for £15. So the total dad spent on me is around £200, which got me 6 books, a jumpsuit, a gift set and a large candle.

My brother got mad at me. He said that I'd screwed him over because I'd asked for £200 of stuff, so now dad was only willing to spend £200 on him. I, gently, told him that I'd gotten my laptop for less than £200 around this time last year, and he could just ask for a cheaper laptop.

He says it's about the principle of the thing. He specifically asked me to request a certain amount of stuff so he could ask for a similarly priced item, but instead I asked for 1/6 of the amount, effectively giving my brother a £200 cap in the process.

I responded that £200 is still a decent amount of money, he shouldn't get greedy about it, and if he wants a laptop so bad he can find one for less than £200 in the sales or get a used/refurbished one like I did.

He went to mum about it and she agreed that the macbook is too much, but says I need to have his back with dad. If he asked me to spend a certain amount so he could get his laptop then even if I didn't spend the amount he wanted me to then I still could have suggested other, cheaper laptops to him or asked for even a small amount more, as anything would get him closer to the amount he wanted. She also said she was willing to talk to dad and split the cost, but even that wasn't possible with what I asked for.

AITA for not asking for more?","

AITA for getting upset that my sibling didn’t ask for a larger Christmas gift amount so I could get what I needed? My sibling and I have this tradition with our dad where he spends the same amount on each of us for Christmas to be fair, which keeps things equal. This year, I really needed a good laptop for my GCSEs and wanted a MacBook that costs about £1,200. I explained this to my sibling and asked them to request gifts for a similar amount so that dad would be willing to spend the same on me. Instead, they only asked for about £200 of gifts, even though I specifically told them how important this was for me.

I admit I got mad because now dad is only willing to spend £200 on me too. My sibling told me they didn’t need as much stuff and even suggested I just get a cheaper laptop or a refurbished one like they did. I tried to explain that it wasn't just about the money—it’s about the principle and fairness. If they had requested a little more, even if they didn’t need it, it would have helped dad be more flexible about covering the cost of the laptop I need.

When I went to our mum, she agreed with me that the MacBook is expensive, but also said my sibling could have backed me up more. She even offered to help split the cost with dad, but that solution wasn’t possible given how little my sibling asked for. I can’t help but feel like they could have supported me more, even if it meant slightly changing what they requested. AITA for feeling frustrated about this?"
554,dbaa0h,"WIBTA for getting mad at my mom for copying my tattoo? I have a very distinct tattoo on my arm. It's not an original design, but I haven't seen anyone else with it. It has personal meaning to me, but it's not super \~deep\~ or anything.

My mom has lots of tattoos. Yesterday she mentioned getting mine on her forearm. I have no idea if she was joking or not, but I freaked out and got pissed. I do NOT want a matching tattoo with her, especially not a tattoo that's so distinct. 

She habitually copies me in general and it's annoying. But I feel as though a tattoo is taking it way too far. I don't even have a particularly great relationship with her, definitely not to the point where I'd want matching tattoos.

I feel like it's hugely inappropriate to match tattoos with someone against their will, but I don't know if it's really such a big deal or if I'm overreacting.","Would I be in the wrong for wanting to get the same tattoo as my child? I have a lot of tattoos already, and when I saw the unique design on my child's arm, I thought it looked really nice. While it may not be an original design or super deep, I like its meaning and aesthetic. I casually mentioned the idea of getting the same tattoo on my forearm, though I wasn't entirely serious about it—and then my child freaked out and got angry at me. 

I understand that we don't have the closest relationship, and I realize they may not want a tattoo ""connecting"" us. However, I don’t understand why they're so upset about me simply liking the design and possibly wanting it on myself. It's not as though it’s their original creation. Would wanting this tattoo really make me a bad person? Am I overstepping, or are they being overly sensitive about it?"
802,bp4dtv,"AITA for not sharing my past with close friends? PS: This is somewhat of a drunk rant, apologies. 

Hi Reddit, I have had a few annoyances with a lot of very close friends as of recently, and one of them seemed to have 'blown up' about it. 

Long story short, I grew up in a very broken household. At one point, my parents nearly had a shootout in our livingroom when I was very young. I ended up joining a new and small local gang, initially as a runner (cocaine for richer outoftowners), then as a bruiser when I hit my growth sprout. I did a lot of things that I am not proud of. But I was lucky enough that a man stepped into my life as a step-father, and really changed my course. So I get a education, and a really respectable job, more education and friends from very fortunate backgrounds (which I feel may funnel into this discussion). 

Now the point of this post:

These friends like to share, and I like to share as well, but not of those years. This is because I personally believe that I should not be defined by those years, and I don't want them to be known because I know very well that it makes people nervous and can shape their opinion of me negatively. 

It has always been a bit of a touchy subject, where if someone asks me I'll give very vague answers. I've had a few friends say: ""even though I've known you for so many years, I feel like I don't actually know anything about you"". With one friend in particular, he confronted me directly about the issue. The argument went like this:

I really care for them, they're a really good friend of mine and I don't want anything to conflict with that. I also do not want to be defined by my harsher past, as edgy as that sounds. So, whenever confronted (by close friends) about it, I will just say that I'd rather not talk about it, and leave it at that. 

To be fair to my friends, they might feel like something fishy might be going on, and assume from that that I have some malicious agenda. But most of them have told me that they find it difficult to connect with me and trust me when I am being so secretive. This is especially true in relationships.

Am I the asshole for being secretive about this specific issue? Sorry for the long, poorly-written rant. If anyone feels like they need more details do tell (since I want to keep this relatively short).","Is it wrong for me to feel upset and distant from my friend because they won’t open up about their past, even though I’ve shared so much of myself with them and value our trust?"
901,djr6ul,"AITA for feeling weird about my boyfriends friendship with his ex-fuck buddy? Me and my partner have been together for just under a year.

He has a friend who he was hooking up with before we met. They had feelings for each other and were FWB's for several months but decided not to make a go of it. We met a few months after they stopped seeing each other, fast forward to now and we are very much in love etc.

When I first started seeing him I brushed it off as not a big deal. But as we got more serious about each other it started to bother me that he would have phone calls with her etc. I have been cheated on before, but I have no reason to suspect my boyfriend of foul play. I can tell he is in love with me and I don't feel insecure. I have tried to rationalise this friendship as much as possible, and although I feel like I'm being unfair... I can't shake this uncomfortable feeling when I think about their relationship.

Whenever me and my partner have discussed her I've tried to be really measured about it. I've said things like 'I don't want to take anything positive out of your life', and I've really tried to get my head around it. I offered to meet her, if he wanted me to. But I've also admitted that it bothers me, when he asked me if it did. He has had some time to dwell on this and let me know that he would not be cool with it if I were still speaking to someone I slept with/had feelings for. As a result, in the interest of fairness, he decided to stop speaking to her.

So he tells her that he wants a break from their friendship, that he's getting serious about me and that he doesn't think its appropriate for him to be close to someone he has a history with while with me. She did not take this well, and basically accused me of being controlling/insecure/jealous. This obviously has put my back up further.

One thing that really got me, was that they had apparently had some agreement that she would be his best man if he ever got married. When they argued she brought it up and was like, well I can't do that if the bride hates me. This got me thinking, and I can literally not in a million years imagine being okay with my future husbands best man being someone he's fucked... even if they are totally over each other. Is it just me?

Am I the asshole for being uncomfortable about this relationship? Am I the asshole for telling my boyfriend I felt uncomfortable? Or is it reasonable to feel weird about your partner being friends with their ex's?","Am I in the wrong for feeling hurt and betrayed by my friend’s decision to distance himself from me? From my perspective, I’ve been close friends with him for a long time, even before he met his girlfriend, and we have a strong emotional bond despite our history of being friends with benefits. I accepted that we decided not to pursue a romantic relationship and moved forward, remaining in each other’s lives as friends.

I valued the trust and connection we shared, to the point where we made meaningful commitments to each other—like the promise that I would be his best man if he ever got married. But now, he’s told me he wants to take a “break” from our friendship because his girlfriend feels uncomfortable about our closeness. While I understand he wants to respect her feelings, it feels like he’s invalidated the trust we’ve built and allowed someone’s insecurity to dictate his relationships.

I was devastated and accused his girlfriend (rightly or wrongly) of being controlling and jealous. I couldn’t help but feel alienated and rejected, especially when it seemed like her discomfort stemmed from something I can’t change—our past. Do her feelings justify ending our friendship, or is this unfair to me as someone who simply wants to maintain a platonic connection with a close friend? Am I in the wrong for expecting him to stand up for our friendship?"
1201,d5b4rh,"AITA for banging on my neighbors wall? This is sort of a general question, but it does come with a story. TLDR at the bottom.

I have been having issues with my neighbor for 3 months. We share a wall in an apartment complex, my bedroom wall to be exact, and she insists on playing loud music all the time. Unfortunately it's very bassy so even if I put headphones in I can hear it. For a few weeks I let it slide because it was during the afternoon and while it was loud I didn't think it was particularly wrong.

We've had interactions before, none of them very pleasant and I'm moving forward with some solutions. I've talked to her, her roommate, my landlord, and the police. People in charge understand it is an issue and asked me to just let them know when it happens during quiet hours, which go from 10 PM to 8 AM.

Honestly, and the neighbor playing the music knows this, the bass noise gives me extreme anxiety. It's gotten to the point that if I hear it at say 10 in the morning my 2 options are go ask her to turn it down (which results in her telling me it's the middle of the day and to put in headphones) or just not be in my room.

Last night I come home from work at 11:50 PM and there's music. I was in no mood so after settling in and taking my time to get ready for bed, hoping it would stop, it hadn't. So instead of going and knocking on the apartment door I banged on the wall we share 2 times. I legit heard her get up and come to the wall to bang multiple times louder than me. I called non-emergency since this was outside of quiet hours but they hadn't come 30 minutes later, which is when she finally turned the music off so I called back to tell them not to come.

Sorry for all the backstory, but TLDR the main question is AITA for banging on the wall of my neighbors apartment to signify she needed to turn down the music? Is that a normal thing to do when someone plays loud music? Should I have gone to the door and knocked instead?"," My neighbor keeps banging on our shared wall in response to me playing music, and it’s creating tension. I like to play music in my apartment; it’s something I enjoy and helps me relax, and I do my best to make sure it’s within reasonable hours. We share a wall, and I sometimes play music with bass, but during the afternoon or evening, I imagine this is within my rights since it's not during ""quiet hours."" 

I know she has complained in the past about the noise, and I’ve told her I don’t think it’s fair to blame me for playing music during the middle of the day when she could use headphones or go somewhere else if it bothers her. She’s involved the landlord and even the police, which feels unnecessary to me because I don’t play music during the designated quiet hours of 10 PM to 8 AM. 

That being said, last night around midnight, I did have music on a bit late. I was honestly just relaxing and hadn’t realized it might disturb her. Instead of knocking on my door or speaking to me, though, she banged on the wall. I was so frustrated that I banged back louder. It felt passive-aggressive and hostile given we’d already had conversations about this before. Eventually, I just turned the music off.

From my perspective, am I in the wrong for being frustrated and banging back in response to her banging on the wall instead of communicating directly with me?"
1079,e7wabf,"AITA for ignoring my boyfriend because he wouldn’t stand up for me in front of his mom? I need to vent is here it goes…

Me (F17) and my boyfriend (M17) have been dating for a little over a year now but have basically grown up together since our parents are in an extremely close circle. Everything’s going great and he admitted that he was in love with me for a while and wanted to spend the rest of his life with me. I thought things would go amazing with his mom as it had been before but noticed how she would go out of her way to make me uncomfortable. Recently I heard from a trusted friend that she had been calling me vain (not true) and a slut that had herpes (also not true, your son took my virginity mam) to all her friends, I was hurt but didn’t let it bother me at first because I eventually thought “what’s the harm?? Is Karen Martha and Patricia going to douse me in essential oils and light me on fire, no it’s fine who cares, no need to worry my boyfriend over that”

But things really got bad when we were at a barbeque on Friday, I wanted to leave early because I had a bad migraine, so he left his plate of food and insisted to drive me home. His mother then made a big deal and called after him from across the park saying, “but you haven’t finished your food” and decided to follow us. As we were getting into the car she said to his son “you better get tired of her now before she does what her family does best!” and stormed off. My parents had a rocky marriage because of ongoing affairs they had with each other, to which they confided in my boyfriend’s mother thinking she was a close friend. I felt slapped in the face and didn’t say anything back to the person who I thought was a trustworthy adult from when I was younger. During the car ride home we got into a heated argument because I was angry that he didn’t stand up for me at that moment, he told me that it doesn’t matter, there was no reasoning with her and that because he’s been saving up for our future together I won’t even have to worry about her in a short while, I felt like he kept dismissing my hurt feelings over and over again so when he dropped me off I told him that maybe we just shouldn’t have a future together and left. 

I feel horrible for ignoring his calls and messages ever since but I can’t help but get angry that he wouldn’t make an effort to defend me at all and showed no remorse for it, I would have stood up for him the other way around. AITA guys?"," saving up money so I can build a future with my girlfriend, away from these kinds of conflicts.

On the car ride home, my girlfriend was furious with me for not defending her. I tried explaining that confronting my mom in the moment wouldn’t have helped; it would’ve made it worse. I think my girlfriend sees this differently, though. She ended the conversation by telling me maybe we shouldn’t have a future together and left when I dropped her off. Since then, she’s been ignoring all my calls and messages, and I’m crushed.

I thought I did the right thing by trying to avoid unnecessary conflict, secure our future, and handle my mom in a way I know she can’t escalate. But I’m starting to wonder… am I in the wrong for not standing up for my girlfriend in front of my mom?"
1047,ba52pk,"AITA for ghosting a guy after the first date Sorry for spelling and formatting I'm on my phone and long post . (18F)

I met this guy online and he seemed alright and after a recent break up I was ready to try something new. I met him and right away I know it wasn't going anywhere, he looked very much different from his pictures and within a few moments of meeting he wanted to hug which I was very clear made me uncomfortable.

The date was filled with uncomfortable silence and I tried very hard to make conversation but he just wouldn't talk at least not much. When he did it was about anime or sexual stuff which I shrugged off and ignored. I made an excuse to leave early at which he asked if he could come back to mine because my mum wasn't in (I had said she had work and that's why I had to go home, she didn't have work).

I told him no but he kept asking until we got to where we had to part he asked me again I told him very clearly no. Then he asked for a hug and a kiss, I gave him a very quick and uncomfortable side hug but refused him the kiss then hurried off.

Within minutes of of us parting he messaged and asked if I had fun made another sex joke and when the next date was, I just said I was busy and I didn't know. He kept messaging me, with me not answering anything because I suffered really bad social anxiety and couldn't bring myself to tell him I didn't like him and he made me feel very uncomfortable, so I just blocked him without saying anything.

Today i told a friend of mine that I just blocked him and he said I should have been clear about why I was blocking him. I really don't think I could have because of my anxiety but now I feel really bad about it, so am I the asshole for just blocking and not explaining why to him.

(Edit)

I'd like to say thank you so much to everyone you commented I feel better now and I beleve I made the right decision for me. 🙂"," AITA for coming off too strong on a first date and getting ghosted?

I met this girl online, and I thought we really hit it off and had a chance for something special, especially since she had just gone through a breakup and seemed ready to meet someone new. We decided to meet in person, and I was excited, but right when I got there, it felt like she wasn’t as into it as I’d hoped. I greeted her with a hug because I thought it would ease any awkwardness, but she seemed stiff and mentioned not liking hugs. I figured maybe we’d warm up to each other as the date went on.

I’ll admit I was nervous, so maybe I didn’t talk as much as I could have. When I did, I ended up mentioning some of my interests like anime and making jokes, even some edgy ones about sex, just trying to be funny and relax the mood. She didn’t really respond much and seemed quiet, so it was hard to tell if she was into it or not. Toward the end of the date, she said she had to leave early because her mom was expecting her at home, but I was hoping we could keep hanging out, so I asked if I could go back to her place instead. She said no, so I asked again just to make sure and again for a goodbye hug and maybe even a kiss. She gave me a quick side hug but said no to the kiss and left quickly.

After the date, I thought it was a bit awkward but not necessarily a dealbreaker. I messaged her to ask if she enjoyed herself, made another joke to lighten things up, and asked when we could meet again. She said she was busy and unsure. After that, I kept reaching out to her, trying to get a response, but she never replied to me again. Eventually, I noticed I was blocked.

I’m really confused because I thought we had potential, and I don’t understand what went wrong. It’s frustrating not knowing why she ghosted me without any kind of explanation. Was I in the wrong here? Should I have dialed things back, or did she overreact by cutting me off completely?"
115,dsvi6j,"WIBTA for telling my sibling’s partner they’re being cheated on? My sister (27F) is a serial cheater, something we always think she’s gotten over until it happens again. She recently got into an argument with her boyfriend (21M) over messages between her and her ex. She lied to her boyfriend and said all it had been was messaging, unfortunately I know better than that. I found out she had actually stayed with her ex boyfriend for several days and slept with him - something her current boyfriend is completely unaware of. 

Just knowing is eating away at me and I can’t even look at him without feeling guilty. I want to tell him but I know that my sister would probably never speak to me again which would suck considering we only got back onto speaking terms a year or so ago. WIBTA for telling the truth?","Would I be wrong for staying silent even though I know my partner’s sibling has information that could change everything? My girlfriend (27F) and I (21M) recently had an argument about messages between her and her ex. She assured me it was only messaging, and I trusted her because I want to believe in us. However, I’ve noticed her sibling acting strangely around me and avoiding eye contact, which makes me wonder if there’s more I don’t know. If her sibling told me the truth, it could hurt my relationship, but it would also give me the clarity I deserve. Would they be in the wrong for not telling me, knowing what they know?"
858,envhyk,"AITA for not wanting to drop my gf at work? Long story short, I work since October and I have a 1,5 hour commute by bus to work. Which is a lot, as with a car will at least make it half. So I decided to buy a car.
My gf, who is working in the opposite direction of me, takes an Uber everyday to work, spending around 1500 dollars a month,money that her parents give her. 
So I decided to buy myself a car so I can have better life quality, in terms of sleeping a little more and have more mobility. 
My gf asked me today if I could drop her at work fora month. This would mean that not only I would have to wake up earlier than before (I used to get up at 6:45 and taking her would mean waking up at 5:45), but it would take me more time to go to work, as I would have to drop her 25 minute aways from, and then 35 minute without traffic ( there is always traffic, meaning would be 1 hour more)
She is upset and says that I don't want to take her and I am givi g her excuses.
Am I the asshole here for not wanting to take her to work, as it would make my life harder as before?","Am I wrong for feeling upset that my boyfriend won't drop me off at work for a month to help me save money and reduce my reliance on Uber? From my perspective, he bought a car to improve his quality of life and commute, which I fully support. However, I’m relying on expensive rideshares to get to work, and I thought he’d be willing to help me during this time, at least temporarily. I know it would inconvenience him by making his commute longer and requiring him to wake up earlier, but this is something that could make a big difference for me financially. Am I asking for too much or being unreasonable for expecting that he’d compromise a little to help me out?"
994,b3t0cb,"AITA for being upset parents took a baby to a touring production of the Sound of Music? Last week I went to see the touring production of the Sound of Music with a few friends. I’m a huge fan of musicals and I try to see as many as I can. Since I’m still a student, I can purchase tickets at a discounted price ($20 instead of $200 for similar seats). 

Twice during the first act and again during the second act a baby started crying during the show. It happened during some of the more serious moments of the show and I was very annoyed. 

I turned to my friends during intermission and after the show and said: who brings a baby to a show? I was really annoyed but my friends (who aren’t usually theatre goers) thought it was no big deal. They said maybe the parents couldn’t get a babysitter or something and I should have empathy for the parents.

Am I the asshole for having no sympathy for the parents? If you can’t make arrangements for your baby, then you can’t go see a play or musical.  Wait until the kid is old enough to control their actions and possibly even enjoy the show. It’s not like you can easily leave the theatre if the baby decides its time to cry. It’s dark and it takes a minute to maneuver to the door. It’s a situation the parents can avoid (unlike babies crying in the supermarket or on a plane). 

What do you think? AITA?

","Am I wrong for bringing my baby to a touring production of the Sound of Music? Last week, my partner and I decided to attend the Sound of Music touring production. We love musicals and rarely get the chance to do something like this, especially since we now have a baby. We were excited and felt this could be a special outing for us. Honestly, finding childcare can be hard when you have a small infant. It’s stressful, sometimes impossible, to leave your baby with someone else, especially when they’re at an age where they need your constant care. We figured taking our baby was the best option, and while we knew there might be slight challenges, we hoped for the best.

During the show, our baby cried a few times during the first and second act, and we tried our best to console them quickly to avoid disrupting anyone. We didn't want to miss the show or create any significant inconvenience for other audience members. It was definitely a challenge, but we felt it was worth it to try and balance our family situation with doing meaningful things outside parenthood.

Someone else in the audience seemed visibly annoyed by this, and later commented to their friends, “Who brings a baby to a show?” It hurt to realize that someone couldn’t understand how difficult managing these situations can be. Parents like us don’t always have perfect solutions and sometimes have to adapt.

From my perspective, am I wrong for trying to enjoy this experience while managing life as a parent? Should I have just stayed home because of the challenges of bringing a baby?"
889,c6rkcd,"WIBTAH If I cut my brother and parent's off because of his drinking? TLDR; I feel my brother is a mean drunk & parents enable it.
I believe my brother has a drinking problem & I am honestly just tired of dealing with it.
My brother started drinking when he was 15 & while I tried to be the “bigger brother” & try to stop him, I mostly chalked it up to him being a kid. Then he went to college & joined a frat. He started drinking way more, but since I wasn’t around him much & it didn’t impact his grades (as far as I am aware) I again didn’t say much about it. But after he graduated he moved near me again & we started seeing more of each other. He has not gone to a family gathering without getting hammered since college. He gets into screaming fits with me every time & will follow me around unless I physically drive away, to the point that I could not even have a drink while I am there because I need to be able to leave when ever he got too drunk. I have tried to pull him aside & talk to him about it but he gets very defensive & calls me a pussy for being “so sensitive about drinking” & I have talked about it with my parents, but whenever I have, they point out how fat I am & how that is just as bad so, who am I to throw stones. (TBH I am very overweight, I was morbidly obese, but currently working on it & now just obese. Down 30lbs since Jan 20 & 70 more to go to be not overweight by BMI standards)



The final straw at my grandma’s funeral. I was in charge of putting together who was speaking. This is really the first funeral I have been to, so I asked everyone in the family if they wanted to speak & did not tell anyone they couldn’t. Everyone loved my grandma & she loved all them, so it wasn’t like there was bad blood. Her step grandson wanted to speak & I told him he could. That'll be important later. We have another cousin that is underage & has some pretty severe trauma & he developed some addictions really young. He was, at the time, 1 week sober. His moms asked that we not get too rowdy around him while we were stay at my other grandparents pole barn. My brother refused to not drink that night. He had his girlfriend stop & get liquor. 

He proceeded to get hammered (very frat boy stereotype shotgunning beers & taking pulls straight from the gin bottle & smoking weed.) I did not confront him that night because he was drunk by the time I got there. Once he was really drunk, he was having a conversation with other cousins about something & yelled to me to ask if I agree. I hadn’t heard what they were talking about so I told him so; he was already too drunk to string together a full sentence, to the point where I couldn’t figure out what he was talking about at all. He got angry & in my face because I would not back him up. I tried to explain that I had no idea what he was talking about. He finally got angry at me & said that I had ruined grandma’s funeral because I let “step-Grandson” speak & he talked too long. That hurt a lot. I just left. I didn’t want to leave because I don’t get to see my cousins that often, but I just needed to go to bed. 

In the morning I went over & cleaned up the pole barn while they slept. My mom came over later & I told her what happened she brought up my weight again & told me my health was going to be a burden some day. I told her that was not what we were talking about & mentioned he also smoked weed there too. She was mad that he was smoking weed in my grandparents house & said she would talk to him. When she did & he got mad at me for telling on him. I explained to him all the things he did last night (he didn’t remember) & that I was done being around him while he drinks. & I left. That was 8 months ago. We still see each other for holidays, but I keep an eye on his drink & start getting ready to go after his 3rd gin & tonic. I told my parents & him that I would not stay around until he can go one family gathering without drinking. (My mom tricked me into staying the night once since I drew this line in the sand, but this post is already too long)



But this week my brother skipped work (called off) to go to a bar crawl with friends. He had just started a new job & was really broke (called me and my parents for money) so him calling off extra bothered me. While out he ran into my best & oldest friend & he called me up concerned about my brother because he could barely walk. I told him all the above & more. My friend then called up my dad to tell him he was worried. My dad called me angry that I put our family stuff out there. I told my dad, in nicer words, fuck off, if he [brother] is not doing anything wrong why do you care if I tell people about it. He told me that he doesn’t tell all his friends he is worried about my weight. I said goodbye & hung up I want to just pack it all up & cut them off, but they are family. I am tired of being yelled at, & drunkenly abused, but now that I leave early it usually isn’t a problem.","Would I be wrong for feeling resentful and hurt because my brother judges me harshly for drinking, despite the fact that I feel he’s meddling in family matters and doesn’t understand where I’m coming from? Am I wrong for feeling frustrated that he shares private family concerns with outsiders, and for thinking it's hypocritical given his own health issues? Could my drinking, which I don’t see as a big problem, be unfairly scrutinized by him simply because he’s overly sensitive, creating unnecessary tension in our family?"
175,cynpvt,"AITA for taking my time while doing my job. So its a pretty simple situation. I recently started a job doing sanitation overnight (my 2nd week). I start my shift at 8:30 I grab my equipment and head to the first of 5 areas I clean. They are simple and quick to finish but I take my time with them as they are all I have to do for 8.5 hours. My co workers (3 of them) finish the other 4 areas, which admittedly are much more involved and tedious. This is a normal day but on some days, whomever makes the schedule (for some awful reason) gives me and one of my coworkers days off during the week and the other two weekends off, leaving myself and other guy to finish 4 peoples worth of work. I hurry on these days and finish as fast as I can but I am not the fastest person to begin with. I get a 30 minute lunch and 2 15 min breaks that I take everyday like everyone else. My coworker on the other hand didnt take his lunch or breaks and only clean the 2 big areas of the store while I clean 5 smaller areas. He tried raising his voice on me for not finishing my areas faster and helping him finish his areas and used not taking his breaks as a point of ""how hard he is working"" and ""I could clean this whole store by myself but shouldnt have to because you are here"" and ""you need to be much faster like me"" and ""time yourself to keep track of your time so you can be quick"". I dont much care for this guy im the first place and I try to help when i can when I finish my responsibilities but there is no winning with this guy. I dont think I am TA but I just wanted to make sure.","

""Am I in the wrong for expecting my colleague to work faster and help me more? Here's the situation: I work overnight sanitation with a coworker who recently started (his second week). Our job involves cleaning different areas of the store. Typically, I handle more tedious and involved sections, while he takes on faster, simpler areas. On a normal day, it’s divided among four of us, but sometimes the scheduling leaves just the two of us covering all four workers’ responsibilities. 

On those days, I push myself hard, skipping my breaks and lunch to make sure everything gets done. Meanwhile, my coworker takes his scheduled breaks, which is fine, but I’ve noticed he doesn’t pick up the pace, even when we’re short-staffed. When I brought it up, I admit I got frustrated because, realistically, if he moved faster or at least timed himself to manage his time better, we could both finish everything more efficiently. 

I even told him that I feel like I shouldn’t have to do the bulk of the harder areas all by myself when we’re both there. I know skipping my breaks isn’t for everyone, but I felt like it was worth mentioning that I was sacrificing to keep things running smoothly. He doesn’t seem to care much for my feedback or for helping out beyond his assigned areas, even though I try to carry the load when I can. I’m wondering: am I being unreasonable for expecting him to step up and match my speed and effort on these tougher nights?"""
621,d6zs4i,"AITA For taking jokes/bullying, too seriously So I was in the boys locker room, and a dude turned off the lights, then some other dude said ""why"", and he responded ""because i don't want to see (my names) ugly ass, a few people laughed. Then the same dude ""invented"" desease that has my name in its name, and always when he touches me, or i touch him, he rubs other people, or his friends. This has been happening pretty much all day in different types of ways, and sometimes he says ""Its just a joke, don't take it too seriously"".
I haven't done anything to this dude, and we are in the same friend group, i just hang out with this friend group, in school, but not this dude, because of this.

So am i the asshole?","Am I wrong for joking around and teasing my friend?  

I was in the locker room with my friend, and I decided to turn off the lights. When someone asked why, I joked, “Because I don’t want to see [their name]’s ugly ass,” and a few people laughed. Later, I made up a joke “disease” that had their name in it, and whenever we touched, I’d playfully act like I had to “cleanse” myself by rubbing against other people or my friends. I’ve been doing stuff like this throughout the day, just light teasing. Sometimes they seem bothered, but I reassure them it’s just a joke and tell them not to take it so seriously.

We’re part of the same friend group, and I see them around at school, but they avoid me because of this. I feel like it’s all in good fun, but I’m wondering—am I really in the wrong here for joking around like this?"
1110,aq9kdl,"AITA for wanting my bf to cut ties with his ex fling? So my bf (26) and I (23) have been dating for a little over 2 years now and there has been this one girl, C (23), who he has been friends with for 4 years. They met through work and I actually worked with her briefly before as well, before me and my bf were dating. 

Initial impression of her was that she was a little ditzy but super friendly and spiritual (as in horoscopes, crystals, tarot cards, etc.) I kind of always had a flirtatious vibe from her when it came to my boyfriend, but since she's so sweet, I figured it was just me and if I befriended her, maybe I'd see that is just her personality- or even better, she'd see her flirtatiousness bothered me and sorta just backed off out of respect. 

Well, as you can guess, that's not the case and it's only gotten worse. 

It started on my birthday. My bf and I ended my birthday night at her house because she was watching our kitty.. since it was so late, we (for some unbeknownst reason) spent the night. My boyfriend and I on her bedroom floor, her in the bed and my kitty at the foot of her bed. In the morning, my bf woke up and moved over to my kitty and cuddled with him -- ya know, what ever. But then I noticed she woke up and was just... gazing at him. She didn't see I was awake yet but she just kept looking at him with this stare that made me uncomfortable. As soon as she saw me, she jumped a little, got out of bed and offered to make breakfast.  

I pushed it aside. As i tend to do with internal conflicts. I went out to get drinks with her, just the two of us, to try and bond (which she brought her friend with her to). Then she moves to Portland- YAY! 

Then her birthday comes along and she invites my boyfriend to stay with her for a week in Oregon to visit. To be fair, I think we were both invited and planning to go ; however, something came up at work and I was unable to go. 

He still did though... and the whole time I felt super uncomfortable. But I shoved it down and kept telling myself I trust him and it'll be a quick week. This made me uncomfortable because they had previously hooked up about two months before me and my bf started dating and I had already told him she makes me feel uncomfortable with how flirtatious she is towards him.

Honestly, the week was fine. I got through my anxiety and its over with now.. but then she moved back (cue the eyeroll). 

&#x200B;

To make things quick, I'll just start listing the other things: 

1. She came over my house at 1:00am when I was sleeping because she needed to ""Vent"" to my boyfriend. He never woke me up, he informed me through a text message that I woke up to at 2:30 am -- where he still wasn't in bed yet so I knew she didn't leave much before I awoke. 
2. My boyfriend and I got into a fight. He told me he was going to ""grab a drink with a few ppl from work"" when he got off at 6. Instead, I saw on her Instagram story that they were playing pool , went bowling, an he came home around 1 am. We got into a big fight about this after and during that fight he told me that if I think he's going to stop being friends with her for me, that I'm really mistaken and he's not making me stay around. 
3. Last night we got into a stupid argument (truthfully I don't even know what about). He left the room, and about an hour later, I went into the living room and he's just chatting away on the phone with her. 

&#x200B;

That last one is really not a big deal.. but he knows that I don't like her, I don't trust her and I've had numerous times where I've expressed this to him.. I know they were friends for two years before we started dating.. but they were really just work friends besides that one time they hooked up and now she just randomly pops up. He has so many friends- guys and girls, and I just don't understand why he has to hang out with her and chat with her all the time. If they passed by each other, I'm not saying ignore her... but I just feel like their relationship isn't just friendly on her part and it really does make me uncomfortable. 

After two years, I would just think he would .. idk put my feelings first? I've tried befriending her and I just feel like she takes advantage of it and I really have this gut feeling of her bad intentions. I really don't like her and I don't know how much longer I can stand seeing/hearing her name pop around.

&#x200B;

AITA for wanting him to cut ties with her ? And what advice do ya'll have for me? 

&#x200B;

Thanks for reading everyone ","

AITA for being close friends with my former coworker even though his girlfriend dislikes me?  

So I (23F) have been friends with my coworker-turned-close-friend (26M) for about four years now. We met through work, hit it off as friends, and have been able to maintain a good friendship despite job changes and life events. About two years ago, he started dating his girlfriend (23F), but I’ve always tried to be friendly with her and respect that dynamic. Here's the thing, though—it feels like no matter what I do, she just doesn’t like me, and I’m not sure if I’m doing something wrong.  

Here’s some context: I’ll admit I have kind of a bubbly, flirty personality by nature, but it’s not targeted—it’s just how I am. I even tried to show her I meant no harm by hanging out with her one-on-one, though I ended up bringing a friend along for drinks because I thought it’d make the vibe more relaxed (maybe I misjudged that, and it came off wrong).  

Anyway, there have been situations where I feel like my actions are being misinterpreted. For example, once on her birthday, they stayed over at my place because I was cat-sitting for them, and I noticed her boyfriend cuddling their cat in the morning. I guess she saw me watching and thought it was weird. I didn’t mean anything by it—he and I are just good friends, and I care about their pet too. Another time last year, I invited them both to visit me after I moved out-of-state. She couldn’t make it because of work, and it seemed like maybe she was uncomfortable with the idea of him still coming. I want to assure her I didn’t have ulterior motives—I just wanted to catch up as friends do!  

When I moved back home, I’ve occasionally needed to vent about personal stuff, and he’s always been a supportive ear. One time, I swung by their place late at night because I was having a rough time. I didn’t think it would be a big deal, but she was upset, and I feel awful if that crossed a boundary. I’ve also gone out with him and some mutual friends and posted on Instagram about it—I didn’t realize it would upset her to see that.  

At the core of all this, I just feel like we’re being scrutinized for being close friends, and it’s turning into tension in their relationship. I’ve never crossed a line intentionally—he’s just someone I value deeply in my life. I know they’ve talked about me a lot, and apparently, she’s asked him to cut me off entirely, which hurts. I get that relationships have boundaries, and I’ve tried to step back or avoid conflict, but I also don’t want to lose an important friendship because of tension I don’t fully understand.  

AITA for continuing my friendship with him despite knowing it bothers his girlfriend? Or am I being oblivious to something I’m doing wrong? Would love advice here."
422,bshydi,"AITA for not supporting my SO on a bad day for her? Hi reddit!  


Long story short - my girlfriend (25) made plans to hang out with her friend for the evening today. Due to this, I (27m) have also made plans to hang out with my friend, grab a beer, catch a movie etc.  


MY girlfriend's friend had to cancel last minute, plus she had a very rough day at work and is in an overall bad mood. She now expects me to cancel my plans and go to her apartment to support her emotionally.   


I feel like it's a little unfair to expect me to drop everything, but on the other hand I understand that you should be there to support your partner in a relationship. I'm leaning towards going to see her after I see my friend, but she is already super mad about this idea.

  
AITA?","I made plans to spend the evening with my friend, but my boyfriend also scheduled plans to hang out with his friend. Unfortunately, my friend had to cancel last minute, and I had a very tough day at work, leaving me feeling completely drained and upset. I asked my boyfriend to cancel his plans and come be with me because I really needed his support.  

Instead, he said he would still go see his friend first and come over after, which made me feel even worse, as if I didn't matter enough in his priorities. I feel incredibly hurt and frustrated. Am I being unreasonable for wanting him to prioritize me and come over when I needed him most?"
1251,bg4db6,"AITA for riding my board by a mentally handicapped student? So I'm riding my boosted board (an electric longboard) back from my job this morning. For most of the way I ride in the bike lane, but about
 a quarter mile from my dorm building I have to ride on the sidewalk. This sidewalk is plenty wide enough for me to ride, plus there are no rules against riding on the side walk and it's not very busy around this time; however, there is a choke point where the sidewalk narrows and is only wide enough for like, 3 people side by side. This is where my problem happened.

As I'm approaching the choke point, I see a rather large guy walking in the middle of the sidewalk, not on the right side. Cruising at maybe 8mph, I say ""excuse me"" loud enough for him to hear so that he can get over. I know he heard me because he turned his head to look at me. He keeps walking in the middle. Fine, I'll just squeeze by him.

So I ride between the edge and the guy and just squeeze by him. Not my board, bag, or body touched him and I wasn't going very fast either, maybe the pace of a jog. Although I will say, it was a tight squeeze.

He screams ""HEY WATCH WHERE YOU'RE GOING!"" I stop ahead of him and turn around and look at him for a second before responding, ""I was watching where I was going, you're the one that didn't move when I asked. I didn't even touch you so just don't even worry about it."" To which he sort of grunted and sneered to. That was the entire conversation.

Right before I hop back on my board a girl that saw it all go down told me I was a jerk for talking like that to a mentally handicapped person. To which I replied, ""I don't care what he is, I don't like assholes."" (I didn't know he had any mental issues until she told me, but I probably wouldn't have handled it differently either way).

Am I the asshole?","

I was walking back on the sidewalk when a guy on an electric skateboard came up behind me and told me to move. I turned and looked at him but felt unsure about what to do, so I just kept walking. Next thing I know, he squeezes past me really closely on the narrow part of the sidewalk without stopping or giving me much time to react. It felt sudden and kind of frightening, even though he didn't physically touch me.

After he passed, I called out, ""Hey, watch where you're going!"" because I felt like that was rude and dangerous on his part. He stopped, turned around, and yelled back at me, saying that I didn’t move when he asked and that I shouldn’t worry about it because he didn’t touch me. I didn’t know how to respond because his tone felt dismissive and aggressive. Then, he told someone nearby that he didn’t care about me or my situation because he doesn’t like ""assholes.""

Did I do something wrong by not getting out of the way fast enough or for speaking up after the way he passed me?"
78,c1nr7f,"AITA for calling my mom a “fucking bitch” cuz she kept mocking me? Since I was 9-now (I’m almost 16 Male) my dad abused me physically and mentally. He would call me names and beat me. Which caused me to develop a stutter from emotional stress, so I have difficulty speaking sometimes. My mom is a great mom and loves me and my brother. But she can get on your nerves cuz she can have that “I’m right and your wrong” attitude. Last year after my mom divorced my dad. I became the man of the house. Me and my mom would get into arguments over stuff like who should do the dishes clean the house that kind of stuff. When I would talk I would stutter a lot. Sometimes you couldn’t understand what I’m saying. And when this would happen my mom would mock my stutter and say “well if you can’t spit it out you have to do it” I would almost always couldn’t say the word I was trying to and ultimately gave up and did the stuff she yelled at  me to do. One day we were arguing. (.Forgot what it was about) and I started to stutter a lot. She began to mock me saying “COME ON LITTLE BABY SPIT IT OUT” and I just couldn’t take her mocking me anymore so I just screamed in a fit of anger “YOUR SUCH A FUCKING BITCH” and proceeded to go to my room and lay down. She hasn’t mocked me since that day but idk if I should have said that..

Am I the asshole?","Was I wrong for mocking my son’s stutter during arguments, even though he called me a “fucking bitch” in response? My son has been through a lot – his father abused him physically and mentally for years, and because of the emotional stress, he developed a stutter that makes it hard for him to speak at times. After divorcing his father last year, I’ve been raising him and his brother on my own. I love my boys, and I think I’ve been a good mom overall, but I can be a bit stubborn and have an “I’m right, you’re wrong” attitude sometimes. Since my son became the man of the house, we’ve had arguments over chores like washing dishes and cleaning. During these arguments, when his stutter made it hard for him to express himself, I admit I would mock him, saying things like, “Well, if you can’t spit it out, then you have to do it.” Once, during a particularly heated argument where he was stuttering a lot, I mocked him again, saying, “Come on, little baby, spit it out.” In response, he shouted, “You’re such a fucking bitch!” and stormed off to his room. I haven’t mocked him since, but I wonder if I was wrong to act that way in the first place, even though his words were so hurtful."
331,bba5qr,"AITA for telling my mum that I don't like my bday gift? This happened a while ago but my mum still likes to bring it up so I decided to share this story and ask you guys for your opinion.

I (25f) am nothing like my sister (27) and my mum and my whole family is aware of that. I have different interests than they do and it's fine (with me).

So last Christmas, my sister got a bracelet from a certain brand. My mum asked me if I'd like to have one too but from the very beginning I said no thanks because I'm just not that into jewelry.

When my birthday was coming up a couple of weeks later, my mum asked me again if I'd like to have a bracelet just like the one my sister got for Christmas and I told her I don't care much about jewelry so no, thanks.

A couple of days later, she asked me what I'd like for my birthday and I literally said: ""Please anything but that bracelet.""

Fast forward to my birthday, guess what she got me: The bracelet.

On a sidenote: This is not the first time, something like that has happened. My mum would very often give me gifts my sister really liked but which weren't quite a fit for me. Up to this point, I always said thanks and accepted them because, hey, it's a gift. But she'd always notice that I didn't really use said gifts and at later points I'd carefully mention that it's just not what I'm into.

So when I saw that I got the exact thing she knew I didn't want to get, I couldn't help but feel hurt. And I told her. I asked her why she would give me the one thing I told her I didn't want. She said I was being ungrateful and we got into a huge fight.

Before my bday I gave her suggestions as to what I'd like to get (I got some of these things too which makes me feel even more like a spoiled child) but I also told her that I'm saving up money for travels so cash would be fine. I realize I sound like a brat for not being thankful for a gift, especially since she got me other stuff too.

But I was truly unhappy with it. Not because it's a bracelet but because of what it represents. It showed me that my mum didn't listen/care all these times when I told her I'm not into that type of jewelry & I'm not gonna wear it and I feel like this was just another low key attempt to change me & make me assimilate to her & my sister. And it also made me feel bad because it was a waste of money too.

So, Reddit, AITA for telling my mum that I don't like my bday gift? I feel like yes. But I can't help it, I couldn't hold my feelings back & I wanted to avoid similar situations in the future.

TL;DR: I told my mum there was one thing I didn't want for my bday and she got me just that. I told her I wasn't happy about it. AITA?

**Edit/Update:** Thank you so much for all your responses! Some of you are saying that she might have bought the bracelet already when she got the one for my sister. I don't think she did because my bday and Christmas aren't really that close together. But who knows? If I had known that she'd already got it without knowing that I wouldn't like it, it would have changed everything. So I guess she would have told me if that was the case.

After I wrote this yesterday, I thought a lot about this situation and I came up with an explanation as to why all of this happened. On other forums, some Redditors keep mentioning the languages of love. I'm absolutely positive that my mum's language of love is gifts/presents. But mine is not. So when I told her I didn't want the bracelet, but I'd rather like other stuff (the suggestions I made were less expensive) she probably didn't know how to handle the situation. I'm assuming that that's why she got it for me anyway!?","  

I (Mum, late-50s) love my two daughters (27 and 25) and always try my best to make them feel special, especially on their birthdays. One of my ways of expressing love is through thoughtful gifts, and I take a lot of pride in choosing things I believe are meaningful or valuable to the person receiving them. However, something happened recently with my younger daughter, and I can't help but wonder if I've misstepped.

To start with, my older daughter (27) received a beautiful bracelet from a well-known brand for Christmas, and she adored it. It felt like such a meaningful and timeless gift that I thought my younger daughter might appreciate one too. I asked her ahead of time if she'd like a similar bracelet for her birthday (only a few weeks later), but she told me she wasn’t interested in jewelry. I even asked again closer to her birthday, but she specifically said no—and even mentioned that she wanted “anything but that bracelet.” 

I’ll admit, I didn’t quite understand why because it’s high-quality jewelry. It seemed like such a lovely thing to have, and I thought maybe she just didn’t realize how special it might feel to own one. So, when her birthday came around, I decided to go with my instincts and surprise her with *the* bracelet along with some other small gifts she had suggested. To me, it wasn’t just about the bracelet itself, but also about introducing her to something I thought she could grow to appreciate—something my older daughter already loves!

When she opened it, instead of thanking me, she was clearly upset and asked why I would give her the one thing she specifically told me she didn’t want. She said I wasn’t listening to her preferences, and even though she liked some of her other gifts, she made it clear that the bracelet upset her. I felt crushed because not only was the bracelet something I felt was thoughtful, but to say something so direct felt ungrateful to me. I didn’t know how else to respond except to explain I had tried my best—and I ended up calling her ungrateful in the heat of the moment, which sparked an argument. 

In hindsight, I realize that my love language is gifts, and I just wanted to give her something memorable and nice—something I thought would help her over time. That said, I still feel hurt that she called me out so bluntly, and I wonder: Am I in the wrong here for trying to share something meaningful with her despite her initial disinterest?"
1465,baugz0,"AITA for not involving my sister more in wedding plans This is a long one, sorry. I’ll start off first saying that my sister and I are 7 years apart and not very close.  I am 31 now and she is 38.

When I was planning for my first wedding a few years back (unfortunately he passed away 11 days before the wedding), my sister made wedding planning difficult but I wanted for her to be involved. She lives in London so it was hard for me to include her in everything. But because she is my sister (and maid of honor), I went out of the way to make sure she was a part of it. For example, she comes home maybe 3 times a year so, for a week, so I made sure to wait to get my dress, pick flowers and get makeup trials until she was home.

So I had one day to pick the dress which she was there for. Then when we went to pick flowers she randomly brought one of her friends along (she doesn’t get to see her friends in the states that often so I kind of shrugged it off). But the day before my makeup trial, she said she was going with her friends to their beach house for the remainder of her time at home - and asked me to drive her. She spent the 2 hour drive on the phone with my aunt taking about MY WEDDING. Lastly, I had to set up my own bridal shower with my mom because she was running late at the gym and still had to take a shower.

Now flash forward to current planning. I waited again to get my dress until she got home but the whole time she was on her phone, hardly looking up or adding opinions. Then when we were brainstorming centerpieces, she was on her laptop saying she had to get some work done (it was Saturday).

So I’ve been moving along with ideas and purposely not sharing them. But on a recent call with my mom, she complained that I wasn’t sharing anything I was doing. She said she is really hurt and upset.

I feel that I have bent over backwards to try and include her and make her happy. 

A family member said that no matter what, I shouldn’t just do things without her - that she is my sister and it is mean to suddenly not include her. But I am ready to just say stay in London and not come to the wedding.

Am I the asshole?




","

""STORY: Am I wrong for feeling hurt that my sister isn’t involving me in her wedding plans? I’ll start by saying that my sister (31) and I (38) aren’t very close, partly due to the 7-year age gap and the physical distance since I live in London. But she’s still my sister, and I want to feel included in important moments of her life, like her wedding.

In her last wedding, she did try to involve me by scheduling a lot of things around my trips home, which I appreciated. That said, planning everything in just a few days during those trips was overwhelming for me too. I brought a friend along to the flower appointment to make the most of my limited time seeing people back home, but maybe that upset her. I admit I went to a beach house with friends during her makeup trial, but it’s hard to balance spending time with family and maintaining other relationships when I only get short windows back in the country. I also ran late before her bridal shower, which wasn’t great, but between my workouts and other tasks, I underestimated the time needed.

With her current wedding, I still want to be involved, but my work and life commitments make things tricky. During this visit when she was looking at dresses and brainstorming things like centerpieces, I was either distracted by work or on my phone. Maybe it came off as disinterest, but I’ve been doing my best to juggle everything. I recently found out she’s been moving forward with wedding plans and ideas without telling me, which felt like a slap in the face. I expressed to our mom how hurt and excluded I felt—after all, this is my sister’s wedding, and I want to be a part of it.

Am I wrong for feeling hurt and upset that she’s not sharing her plans with me, even if I’ve been less involved than she wanted?"""
