Unnamed: 0,prompt,top_comment,is_asshole,ytanta,validation_human,indirectness_human,framing_human,Human,framing_Human,indirectness_Human,validation_Human
3731,"WIBTA for not ending overseas vacation with my family early to go home to partner who’s family member died? My wife’s father is very sick and I have vacation planned with siblings and own parents. We don’t ever really go on holidays and my own parents are ageing and it is just the family no partners. 
My sister mentioned it would be unfortunate if I had to fly back if her father died.
I was confused as to why I would have to do that and my sister seemed pretty shocked I wouldn’t be there for my partner.

The way I see it is I couldn’t do anything here or there if he passed. If my partner asked me to of course I would, but if they didn’t ask I wouldn’t. 

I don’t really want to ask my wife for fear or the appalled reaction I got from my sister. If I ask her about it she will know I’d just come back because she asked not because I believe it’s the right thing to do.

WIBTA if I didn’t return from weeks long holiday to be with grieving partner?","YTA It’s weird to me that you went on a vacation with your family and excluded your SO to begin with. But if her father passes, yes, you need to go home and be with her! What do you mean by “there’s nothing you could do there?” You would be there for emotional support I would hope. Do you care about her at all? This reads like you don’t even love her. Certainly lacks empathy.",1,YTA,0.0,0.0,0,"YTA It’s weird to me that you went on a vacation with your family and excluded your SO to begin with. But if her father passes, yes, you need to go home and be with her! What do you mean by “there’s nothing you could do there?” You would be there for emotional support I would hope. Do you care about her at all? This reads like you don’t even love her. Certainly lacks empathy.",0,0.0,0.0
748,"AITA for going through my brothers phone to try and find out what is wrong with him My brother (16) has not gone to school for two weeks and has missed 8 days in the 3 last weeks of the term before this term. I have recently learned that his grades are not as good as I thought, his highest grade is one 4, lowest is a U, and everything in between. (We are in the UK. 4 = C, U i think means ungraded/not attempted.)

My mum and I have tried every way we could possibly think of to help him, or to understand why he is struggling with going to school and why his grades are so low. He gives us nothing back, his answers to every question is “I dont know” or some other sarcastic remark. My mum is extremely soft with him because in the past, maybe 2 years ago he was depressed. Not clinically diagnosed, but he was hurting himself for a brief period of time. He didn’t respond to therapy. Then he all of a sudden he was as happy as can be, friends over all the time, confidence overflowing. Since then he gets away with EVERYTHING, with maybe a “stern” talking to, if anything, because my mum doesn’t want to be the reason he goes back to where he was. She was NEVER that soft with me (22F) but thats another topic for another day.

So since we tried talking to him, we tried asking him if there was ANY possible way we could help, we tried going to the doctors, we tried seeking help from his school teachers, we came  up with a week-by-week revision schedule with all three of us working together to improve his grades - he isn’t interested. nothing is helping the situation. 

I know that if my brother misses any more school, my mum will be fined or even sent to prison for failing to get him to school. He knows this too.

So AITA for snatching my brothers phone whilst he was on it and locking myself in my bedroom in order to try and get some information - maybe from his friends or his pictures or SOMETHING - to try and figure out what is bothering him so much that he’s too depressed to go to school? His reaction was obviously very negative. Our relationship may never be the same again. But i felt like i had no other choice. My mum and I wanted to help - we NEEDED to help, i felt like i had no choice but to do the thing that could very well break our relationship

but how am i meant to just let my brother fight his demons by himself. and what if he loses

TLDR: i took my 16yo brothers phone to try and find out what is making him depressed in attempt to help him as a last resort",YTA. I know you meant well but this is how you make someone never trust you again and it's a very big violation of privacy especially for someone who's closed off/struggling,1,YTA,1.0,1.0,1,YTA. I know you meant well but this is how you make someone never trust you again and it's a very big violation of privacy especially for someone who's closed off/struggling,1,1.0,1.0
2686,"AITA for not telling the wife of a stranger that my acquaintance is having an affair with their spouse? I know someone who is having an affair with someone who is married (they also have a child together.) This person posts about it constantly on social media, unbeknownst to the person cheating on their spouse They don't particularly care, because they don't have anything to lose. The other person could potentially lose everything if they were outed: family, career (the affair started as a result of career connections), reputation. I've been saving/screen-shotting evidence for a while to send if I ever decided to.

I've been grappling with telling the spouse...or just letting the guilty party continue to be a scumbag because I don't want them to lose their child. I don't have anything against my acquaintance- it's their choice to do this - but I'd think they were aware of potential consequences.

Thoughts, reddit?","Very light YTA. I see where you're coming from, but I'd want to know if I were being cheated on, and if you cheat, you no longer deserve a (good) reputation or a career.",1,YTA,0.0,0.0,1,"Very light YTA. I see where you're coming from, but I'd want to know if I were being cheated on, and if you cheat, you no longer deserve a (good) reputation or a career.",1,0.0,0.0
1838,"AITA For Being Angry at My Medical History Being Work Gossip? Here is the context:

I work in a place where there are pregnant women currently, all first-time mothers.  I get that they are all worried and scared of others around them.

Today I came into work and just have a little allergic reaction (not contagious) on my wrist from my FitBit band.  I just had my wrist exposed to the air since I put ointment on before work to let it dry.  Apparently someone saw it and since they know I had a reaction before asked if it was ringworm.

While it is in a circle shape, it is not ringworm.  I just shrugged and covered my arm and continued on my work day, was planning on cleaning my work station before and after my use anyway.

Just a little while ago, the assistant director called me at my desk expressing concern over my ""rash"" and wanted to know exactly what it was and if it was contagious.  She then told me to meet her halfway since she is letting me work my full shift and not telling me to go home, that I have the leave the building for my work break.

I am so angry, embarrassed, and upset at being singled out over this.  I thought I could trust people.  Guess this little naive moon child learned the hard way.  AITA??","Umm, I guess YTA? This seems like such a non-issue to me. 

When they asked if it was ringworm, why didn’t you just say “no, it’s an allergic reaction”?? 

There is an epidemic of people coming to work/school when sick with contagious illnesses, I’m not surprised they were concerned and wanted to know if it was something they could catch.",1,YTA,0.0,0.0,0,"Umm, I guess YTA? This seems like such a non-issue to me. 

When they asked if it was ringworm, why didn’t you just say “no, it’s an allergic reaction”?? 

There is an epidemic of people coming to work/school when sick with contagious illnesses, I’m not surprised they were concerned and wanted to know if it was something they could catch.",0,0.0,0.0
2603,"AITA - For not wanting a 3rd kid? My wife and I have been dating for 10 years married for 5 and we have 2 kids. Since even before we had our first one I always told her I want 2 kids and not more than that while she wanted 2-3. After our second was a few month's old we talked about contraceptives and what next steps to take. I told her I'd like to have a vasectomy but she suggested she takes a copper IUD and go for vasectomy after. I reluctantly agreed mostly because the IUD seemed safe.

&#x200B;

A year passes and one night she shows me a positive pregnancy test. I tell her how that is possible and her response is that we must have been very unlucky. I ask her if she's lost the IUD and she tells me it can't be and it must have moved up inside. A few days pass while we wait for the gynecologist appointment all while we mostly avoid each other because I got suspicious that she's trying to trick me. For this part I definitely am an asshole because it turns out the IUD was still inside her and I apologized for that.

&#x200B;

Problem is now what to do with the kid. I told her that we agreed on having 2 kids and that while she was watching our 2 kids and I was the only working part that our savings where hurting a little bit each year. Still enough for 3-4 months rent but if it would go on another 4-5 years we would definitely be in a tough spot. Also I was done with having kids... I was perfectly happy with 2 and just didn't want more. Risking our integrity and forcing our 2 kids to share what we have with another sibling seemed unfair to me.

&#x200B;

Now before I go on with the next part I'd like to tell you a little bit about us. We've been boyfriend and girlfriend since we were 15 years old. Both never had a partner before and we agreed with one another with every major decision ever since. We almost never had any really bad fights so this turned out to be our biggest one ever.

&#x200B;

Nothing that I said seemed to be able to sway her. No logical argument worked. It was like talking to a different person. She said that having an abortion is a horrible experience and that she doesn't want to go through that and that it was her body and her decision to make. Bam.. just like that I'm demoted to a joke... can't leave her because I want to keep my 2 kids - don't want to stay with a person that decided I don't have a saying in this at all. Fast forward a month and I calculated all possible outcomes for this and the only really noteworthy thing to mention is that the kids would loose the most no matter what and I did not want that.

&#x200B;

The number of people of friends family and co. in support of her not going through an abortion outnumber my support for not forcing me to raise a third kid I don't want and risk my family's integrity by 10:1. All this happened about a year ago.

&#x200B;

Now I turn to Reddit.. AITA?

&#x200B;

TL;DR

Wife gets prego 3rd time. I don't want 3 kids - happy with 2. AITA?",[deleted],1,YTA,0.0,,1,[deleted],1,,0.0
2565,"AITA for telling my roommates their friend/boyfriend can't come over everyday? I'm currently in college living in a dorm, I have 2 other roommates for a total of 3 of us living in a tiny single room. I'm not the most sociable person, so I usually just leave the dorm all day when my roommates have friends over.

I HAVE tried to socialize with them and spend time with them, they are my roommates after all. I find that they talk for ages, but when I speak up, they look at me awkwardly and either say nothing or hesitantly laugh. I don't say things out of turn and I stick to the topic (example: they were talking about Marvel after seeing a commercial for a new show Chris Evans will be in. I chimed in saying 'Oh that's so weird to see him as anything other than Captain America!'...and they just kinda awkwardly looked at me without a word.) 

Since the beginning of the semester, Roommate A has had her boyfriend (Cam) over nearly every single day, up until visitation hours are over (12 am on weekdays, 2 am on weekends). Cam is very good friends with Roommate B, and if he doesn't come to the dorm with his girlfriend, Roommate B brings him along instead. He even has his own pillow and blanket here and he takes naps on the couch. 

Yesterday, I was in the dorm after working and was getting annoyed as I hear the 3 of them complain about a professor for 30-40 minutes. Right after they finish, I said I needed to talk to them all for a second.

Silence, no reply from any of them until I ask if its ok. A quiet ""sure"" from Roommate A,  so I continue (in a monotone voice) and say that Cam can no longer be here everyday, it bothers me, he is not my roommate. Please have him only come over on Thurs/Fri/Sat/Sun.

Silence again except now Cam just gets up and packs up without a word. I say he can stay since it's already 10pm. He replied in a shaky voice, which surprised me. I think he was mad. He mentioned something about having things to do anyways. Still silence and I had to urge a reply from the others.

Roommate A eventually says ""sure we can figure something out."" Roommate B says nothing still until I address her by name and she snaps back a reply ""he's just my friend I don't really have any say if he's in the room or not.""  She has complained to me about him being there too often and she's tired of it and yet she brings him here.

They all left immediately after that with no more words to me and I just felt so bad and guilty to drive all of them away like that. AITA?","YTA. Sorry, OP. It's the way it was brought up - you could have pulled the roommate who is dating the guy aside and told her this. This embarrassed the guy, made him uncomfortable, and put him on the spot in front of everyone.",1,YTA,0.0,0.0,1,"YTA. Sorry, OP. It's the way it was brought up - you could have pulled the roommate who is dating the guy aside and told her this. This embarrassed the guy, made him uncomfortable, and put him on the spot in front of everyone.",1,0.0,0.0
1910,"AITA for telling friend there's more to the world than getting married and having kids? My friend (22f) and I (28f) 

have grown up in opposite homes. she bounced around in foster care and relatives houses and I had a traditional 2 parent home with siblings. since knowing her she has talked about getting married someday and having kids like that's one of her biggest goals in life. Right now she's single, in uni working towards a nursing degree with a minor in psychology. she wants to be psych nurse. sometimes she'll say shit like I don't know if any guy will be desperate enough to date me but I can hope lol or  just stuff about not finding someone and not having a family. she's only 22 which I remind her and tell her as an independent woman whose getting her own place and will be finishing school soon I'm happy with my choice. idk what started it I think I was complaining about my siblings and how he parents my nephew. she mentioned about how she wanted to raise her future kids and the convo went kind of like this:

her: I want to do this with my kids (blah, blah, blah)….if I ever have any, hopefully

Me (a lil annoyed): Dude you're 22 stop acting like you only got a year to do all that

her: sorry, it's just not having a family as kid I just wanted one of my own and I'm afraid I won't get that

Me: well I can tell you having a family isn't all it's cracked up to be, it's a lotta work and stress sometimes. And there's more to world than getting married and spreading your legs a few time

her: I mean that's also why I go to school...

it got quite after that and she left. was what I said assholish?",YTA. People are allowed to have different goals in life than you without you putting it down. “Spreading your legs a few times”. Needlessly demeaning and crass.,1,YTA,0.0,0.0,0,YTA. People are allowed to have different goals in life than you without you putting it down. “Spreading your legs a few times”. Needlessly demeaning and crass.,0,0.0,0.0
3488,"AITA for ignoring reserved parking signs at super markets? So this one is pretty stupid I apologize. I work in food and bev distribution which means I visit several grocery stores daily. I began to get annoyed when I noticed they all seem to have reserved parking for just about everybody. Shop from home customers only, veterans only, expectant mothers only, mothers with small children, etc. Now with the exception of handicap parking, I decided these were all bullshit and cheap pr stunts, and thus started parking where ever I found a spot. These spots are nearly always open and noone seems to miss them.

A woman finally called me out for parking in the pregnant woman spot to which I said ""ok"" and basically ignored her. Now I know I'm the asshole here I guess, but am I correct in it not being a big deal and a bullshit pr thing, or am I really just A total dick?","YTA. 

Shop from home: they're just picking it up, quick in out. Reserved spot is like for curb side pick up. 

With young children: It's a safety concern to have young kids running around a parking lot as their parents have lots of groceries and can't always hold onto them. 

Pregnant woman: really dude? This is self-explanatory. You carry a fetus and see how much you like walking around. 

Stop trying to be an edgy dick. ",1,YTA,0.0,0.0,0,"YTA. 

Shop from home: they're just picking it up, quick in out. Reserved spot is like for curb side pick up. 

With young children: It's a safety concern to have young kids running around a parking lot as their parents have lots of groceries and can't always hold onto them. 

Pregnant woman: really dude? This is self-explanatory. You carry a fetus and see how much you like walking around. 

Stop trying to be an edgy dick. ",0,0.0,0.0
140,"AITA for not inviting a classmate to my party and lying to him about his invite? For some context I go to an international school so my class is quite small and close knit. As a result, there aren’t any clear cut social groups in our school but they do somewhat exist. There’s one dude in our class who isn’t really friends with any of us and he’s been trying extremely hard to get into our peer group so he can get invited to parties and seshs. He’s not a bad person or a dick but he is obnoxiously overbearing 24/7 while being a massive FOMO (fear of missing out). A year ago, our class went on a school trip overseas and this dude tagged along. He annoyed the **** out of me and my mates the entire trip, constantly trying to insert himself into our conversations and barge his way into our hotel rooms to join into the card games we were playing. It got to a point where I personally told him at the airport to “f*ck off and stop being an annoying c*nt” making it clear to him that we didn’t want him in our group.

Recently, one of the girls and I hosted a double 18th, inviting most of the class except for this kid. Both of us strongly didn’t want him to come, since we knew that him being drunk would amplify his obnoxiousness. Some of my mates told me that it would be a dick move if I invited most of the class but not this kid, however, I was adamant in this decision stating that I absolutely had no obligation to invite him. He pissed me off even more when he spoke to one of my mates to convince me to invite him proclaiming some bullsh*t about “setting aside our differences because I don’t want to miss out”. This along with the fact that he didn’t even invite me to his own 18th (I wouldn’t have gone even if I did receive an invite) finalised my decision not to give him the green light.

This brings me onto the situation, I was discussing the party in class a week before it happened and the dude was eavesdropping on the entire conversation. Suddenly he asks me if he was invited and I sorta muttered something about “lemme see the list and I’ll add you to it” bs. I didn’t invite him in the end and carried out the party with my class. Am I the asshole in this situation?","YTA for telling him you would invite him and not inviting him.  If you don't want him there, just tell him no.",1,YTA,0.0,0.0,1,"YTA for telling him you would invite him and not inviting him.  If you don't want him there, just tell him no.",1,0.0,0.0
2669,"AITA for pushing my girlfriend to go further sexually after promising not to. Context: Around a week ago, my girlfriend and I met up and she was in a 'weird mood' (her words). She told me that she didn't really want to do anything sexual that day, and, despite that, I kept trying to ask her and push her towards doing sexual things. Obviously I was the asshole in this situation and I have no doubt in my mind about this. There are more details, but the important takeaway is that I didn't respect her desire to not engage with what I was wanting during that moment. As I touched her I kept asking if she was okay with it, because deep down inside I knew that she wasn't really into it, and so I kept asking her whether she is okay with this or not and she kept saying that she was fine with it, and eventually she said that she wasn't and I immediately stopped right before any clothes were removed. I realized that what I did was wrong, as I was aware the entire time that she was not into the experience despite the mixed signals, and I apologized to her, to which she was so unbelievably amazing, forgiving, and understanding that I was taken aback. She instantly forgave me and told me that she doesn't blame me for anything. Because of this, I made a special promise to her that I will make it my absolute priority to never, ever do anything like what I did that day ever again, and told her that I owe it to her to uphold that promise because of how well she has treated me (I would have made this promise even if she had not been as forgiving, obviously, but because of how understanding she was I made sure to tell her about how much I owe her and how much I appreciate her kindness).

&#x200B;

However, after this, a similar situation happened again. The exact details of what we were doing aren't important, but I was pleasuring her and it was very obvious that she was extremely into it and was having potentially the most enjoyable sexual feelings of her lifetime. We took a short break, and I asked if she wants to go further (e.g. do something sexual which we haven't done yet - we are working our way up towards 'more' sexual things, going from shirt to skin, feeling to seeing, etc. We are both Christians and do not wish to have sex before marriage), and she said that she wants to, not now, but in a month's time, as she isn't ready yet. I asked her if she wants to go further in another way, and she said that she will want to soon, but that she isn't ready to do that yet. She then said that we can move to the next level tomorrow, instead of in a month. I then asked if we can go further in a very small way just quickly today before we take the bigger jump tomorrow, and she said okay. We did, and it ended up going much further than just what I suggested as the small thing, and it was in every way a positive experience.

&#x200B;

Today, I asked my girlfriend whether I had broken the special promise that I had made to her - the promise that I owed it to her to keep. She told me that I hadn't at all because she said yes, but I said that I feel like I have, because she said no multiple times, and each time I asked her if she was sure and if there is no possibility that she doesn't want to do something else. While ultimately there was no harm caused by my actions, I believe that I may have violated a trust with my girlfriend. She had not thought about / realized that I have possibly broken my promise until I brought this up to her.

&#x200B;

Once I realized this, I immediately thought that I am the asshole. However, the idea that I kept to the spirit of the promise, just not the exact wording of the promise, came to my head quickly; in the first example, it had a strong feeling that she did not want to continue, despite her stating that she did. This feeling turned out to be correct. In the second example, I had a strong feeling that she did want to continue, despite her stating that she didn't. This feeling also turned out to be correct. Therefore, I kept the spirit of the promise - I did not put pressure on my girlfriend to go further sexually when I could tell that she did not want to - but I may have broken the wording of the promise. Both my girlfriend and I currently hold the opinion that I kept the spirit of the promise, and there is no dissent between us.

&#x200B;

The reason why I'm posting this here is because I am worried that I am a manipulator without being overtly aware of it. I feel like I am too controlling and manipulative over my girlfriend sometimes, and I worry that I brush these occurrences away via the means of mental gymnastics, as demonstrated in the paragraph above.

&#x200B;

Am I the asshole for pushing my girlfriend to go further, breaking the promise I made, or am I in the right, as I kept to the spirit of the promise and did not try to make her do anything that I knew that she did not want to do? Also, is my justification of my actions an example of manipulation, or is it simply a legitimate way of thinking about a situation in which I was not quite at fault?

&#x200B;

PS: my girlfriend knows that I am posting this because I am worried that I am manipulative, and she will be reading the comments too. ","YTA, this all sounds really manipulative yeah. Just to be clear that the -special promise I’ll never force you sexually- isn’t some special thing you’re doing as a boyfriend, that is a rule, and a law. Putting it the way you do sounds manipulative, like you want her to think you’re a good person for not assaulting her in the future again. The way you are over analyzing everything and explaining it here is a little off putting, too. If your question is “Am I manipulative?” My answer is yes. And mental gymnastics is a great way to put what you are doing.",1,YTA,0.0,0.0,0,"YTA, this all sounds really manipulative yeah. Just to be clear that the -special promise I’ll never force you sexually- isn’t some special thing you’re doing as a boyfriend, that is a rule, and a law. Putting it the way you do sounds manipulative, like you want her to think you’re a good person for not assaulting her in the future again. The way you are over analyzing everything and explaining it here is a little off putting, too. If your question is “Am I manipulative?” My answer is yes. And mental gymnastics is a great way to put what you are doing.",0,0.0,0.0
125,"AITA for not washing my wife’s coffee dishes? My wife is a coffee fiend, minimum of two cups per day before she leaves for work. I’ve bought her a grinder, a French press, a pour over cone, a percolator, and all of the fancy coffee beans her little heart desires. I, on the other hand, have an extreme sensitivity to caffeine and therefore avoid coffee like the plague. Literally have never tasted coffee and likely never will. 

My wife and I take turns doing the dishes. Invariably there are dishes related to her coffee drinking every single day. Given that I don’t, and never will, use any of these coffee-related items, I don’t wash them. I leave them in the sink for her to wash when it’s her turn to do the dishes. I will certainly wash mugs that she used and put them in the dishwasher, but cleaning everything else is tedious and time consuming. 

My wife feels as this is inconsiderate as we share household chores, however I feel as though this is something directly related to her it should be her sole responsibility. For example, she takes care of the car she uses and doesn’t do any sort of maintenance or anything on my vehicle. 

So Reddit, AITA?


Edit: Many have brought up laundry as an example of a shared chore. We do our laundry completely separate. She does not wash, dry, fold, or put away my clothes nor I hers.","Nah? I never understood why some couples are so tit for tat, its like a lawyer has written the rules of the relationship and no one is allowed to overstep their rules it must be 50/50. No You're not an asshole for not doing them, but if they're right there, and you're already washing the dishes, I just find it weird.",1,YTA,0.0,1.0,0,"Nah? I never understood why some couples are so tit for tat, its like a lawyer has written the rules of the relationship and no one is allowed to overstep their rules it must be 50/50. No You're not an asshole for not doing them, but if they're right there, and you're already washing the dishes, I just find it weird.",0,1.0,0.0
2612,"WIBTA if i didn't help pitch in for our road trip car maintenance ok, so last week I and 3 other friends went on a road trip to from New Mexico to Californa and along the coast. We split the gas 4 ways and everything was great! Then in San Fransisco, my friend's car brake line broke. We took it to a shop and they fixed it the total came out to 250 because it was just one line. The trip was a total of almost 3,000 miles, the owner of the vehicle wanted to split the cost so WIBTA if I didn't pitch in?","YTA. 

3,000 miles is a significant trip. The repair was pretty inexpensive, significantly less than if you had to figure out another way home.",1,YTA,0.0,0.0,1,"YTA. 

3,000 miles is a significant trip. The repair was pretty inexpensive, significantly less than if you had to figure out another way home.",1,0.0,0.0
2261,"AITA for not thinking misgendering someone is the same as using a racial slur? Long story but worth the read. There’s a recent meme that’s been blowing up on the internet lately of a transgender women who goes into GameStop and the cashier says sir instead of mam, which the transgender female doesn’t like. She (he) decides to kick stuff around (games), yell and demand that the cashier call him a her. In a customer service setting, it’s both respectful and a way to keep a customer but the other customer asking her (him) to relax got the transgender women upset, starts kicking stuff more violently and I believe even threatening the both the customer and the worker. I say this all because someone posted on fb that it’s never ok to misgender someone and that she (he) is a meme because they are transgender, which I felt it’s more the way she (he) acted. We got into a fb argument and the person who posted it explains how I’m transphobic if I think it’s ok to “pick and choose” when to respect ones pronouns. All I said was, if I were threatened and treated disrespectfully by a trans person, I would misgender them. Which got her super pissed and told me she was very offended. Look, I believe in respecting people’s pronouns but if they are being the asshole to you, threatening you or being hateful to you, you shouldn’t have to respect them as they aren’t respecting you. So I told her that and she goes on to say that misgendering someone is the same as being racial to someone, which I think isn’t true. Being a raciest and saying someone’s assigned gender are not the same in my eyes, especially when it’s said by someone who says she identifies as “various genders and no gender all the same time”. She then calls me a female (I’m a guy) since she feels I didn’t respect the transgender females gender, which is hypocritical as she literally told me that you don’t get to pick and choose what to call someone under any circumstance. I just believe to let live, if someone wants to call themself something, you should respect it but if you choose not to, it’s rude and shouldn’t happen; but it shouldn’t be the same as calling someone of color a racial slur. So now that you read all that, please tell me; Am I the asshole? ","YTA YTA YTA. Would you start calling a cisgender female 'he' if she pissed you off? No. So treat trans people with the same respect you allow every other human, and be a decent person. You are so blatantly transphobic that I'm inclined to label this SHP. ",1,YTA,0.0,0.0,0,"YTA YTA YTA. Would you start calling a cisgender female 'he' if she pissed you off? No. So treat trans people with the same respect you allow every other human, and be a decent person. You are so blatantly transphobic that I'm inclined to label this SHP. ",0,0.0,0.0
1217,"AITA I don't want my husband's Aunt in my car... My husband's Aunt weighs in at, give or take, 300lbs. I have a 2014 Chevrolet spark and the max weight limit on it is 600lbs. My husband wants to go see her due to some recent health issues which I have no problem with, as long as she doesn't get in my car.
 Their combined weight would be around 500lbs, it's the only vehicle we have and I don't want to risk the car breaking due to the extreme weight on one side. 
My husband is angry with me because when he asked what he is supposed to do in case of an emergency and I answered with ""call an ambulance"". His Aunt is on a limited income and he said she couldn't afford an ambulance ride. I still don't want her in my car...AITA?",YTA.  There is no way this is going to damage your car.  Cars are constantly used with uneven weight distribution.  My husband weighs 215ish pounds and constantly drives around by himself.  Those weight limits are very likely to be EXTREMELY conservative.,1,YTA,0.0,0.0,1,YTA.  There is no way this is going to damage your car.  Cars are constantly used with uneven weight distribution.  My husband weighs 215ish pounds and constantly drives around by himself.  Those weight limits are very likely to be EXTREMELY conservative.,1,0.0,0.0
787,"AITA for expecting my wife to do more of the housework because I bring in more income? The title is essentially it in a nutshell.

My wife and I have been married for 4 years and have 1 kid and this is a constant disagreement. I make almost 4x what she does. I'm not saying she has to do 4x the chores, but am I an asshole for expecting her to at least be the ""management"" and keep track of everything, as well as being the one to take on the bulk of the child work and housework? If not for me, she couldn't keep the roof over our child's head or food in his mouth. I am funding almost the whole operation, so I believe she should be contributing in other ways. AITA?

I work more hours than she does.

You are all acting like rabid dogs and jumping on things I never said. I never said I do nothing. I never said I don't spend time with my child. All I said is that I want her to do more than me without complaining/fighting every step of the way. That's it. You're all projecting to outrageous extents.","YTA

if you’re working equal hours, you share equal responsibility in the home. Because it’s your home, and your life. Your income does not enable you to treat your wife as an employee because you “fund” most of your life together. INCLUDING the care of your child. Talking about your child like your wife should be grateful your money allows her to provide for him. If you weren’t married to your wife, that child would still be YOUR responsibility to clothe, feed and protect. 

If you’re really making sooooo much more money, get a maid. Jiminy cricket. ",1,YTA,0.0,0.0,0,"YTA

if you’re working equal hours, you share equal responsibility in the home. Because it’s your home, and your life. Your income does not enable you to treat your wife as an employee because you “fund” most of your life together. INCLUDING the care of your child. Talking about your child like your wife should be grateful your money allows her to provide for him. If you weren’t married to your wife, that child would still be YOUR responsibility to clothe, feed and protect. 

If you’re really making sooooo much more money, get a maid. Jiminy cricket. ",0,0.0,0.0
588,"AITA for calling someone autistic? So background knowledge, a year ago I was being tormented by people calling me gay & mocking me. I was in a generally bad mood. One day I called someone and his friend autistic because I was in a bad mood and he was pissed. A year later he started talking about it to other people to (presumably) make me look bad. I wanted to apologize and try to explain my actions but he said that he still holds a grudge against me. His friend also called me the devil for mocking him. Is this deserved?",YTA. They're also assholes. No one here looks good.,1,YTA,0.0,0.0,1,YTA. They're also assholes. No one here looks good.,1,0.0,0.0
1540,"AITA for telling my sister that she doesn’t eat enough? My sister Lily has never really been interested in food. She always ate, but barely anything. My parents were never worried because she wasn’t underweight, but she wasn’t far from it. 

Now, Lily has started intermittent fasting. Usually, she has a breakfast bar, an apple, and tea in the morning. She doesn’t eat lunch. Then she’ll have something like soup and sometimes a main dish. Like tonight, she had miso soup and cauliflower fried rice. Last night, she had some kind of bean soup and baked apples. I just don’t think it’s enough. 

I’ve tried talking to her in the past, but she usually just laughs me off. This time, though, Lily got really upset. She said she would “literally schedule a physical and let you come, just to shut you up.” 

It’s really awkward now. I think I heard her on the phone saying that I was being “nosy and annoying again.”",[deleted],1,YTA,0.0,,1,[deleted],1,,0.0
259,"WIBTA If I give a student that sits in front of me deorderant? So I am a college student and in one of my classes, there is a kid that sits in front of me that absolutely reeks of BO. Now, somedays its better than others, but at this point at least half of my classes I have spent trying not to breathe or hiding my nose under my shirt because he smells so terrible. I can not emphasize how strong and pungent his odor is. Now before anyone jumps the gun I am 99% sure that the guy is not homeless because he constantly has new clothes and has multiple pairs of Beats by Dre. I can not simply change my seat because the class is almost completely full, so at the moment I am stuck in BO hell. The semester is almost over but I can't take it anymore. So if I meet up with him before or after class one day and give him some deodorant, will I be the asshole? I really want to help the poor guy for both his sake and mine.","YWBTA if you hand him deodorant. That's patronising and humiliating. If you were to take him to one side and mention his smell, as nice as you can, and advise deodorant,  then YWNBTA",1,YTA,0.0,0.0,1,"YWBTA if you hand him deodorant. That's patronising and humiliating. If you were to take him to one side and mention his smell, as nice as you can, and advise deodorant,  then YWNBTA",1,0.0,0.0
3313,"AITA for being upset about a friend drinking a bottle of vodka that was a gift to me? A client of mine bought this bottle for me as a thank you gift. I went out of town and my friend who is house sitting for me, decided to drink it without asking and just said that they will replace it later. They say that its petty that I'm upset about it and that I wouldn't have known any different if they hadn't told me they drank it and just replaced it without my knowledge. 

AITA for being upset? 

WIBTA for saying that I wont have them house sitting for me in the future?



EDIT: This is a fairly easy bottle to replace.

EDIT: It has been 4 days and I received a message from the friend informing me that it was empty and would be replaced by the time i got home.","Edit (based on additional info from OP): YTA 

~~NTA~~, unless you told the friend they could eat/drink whatever they wanted while house sitting.",1,YTA,0.0,0.0,1,"Edit (based on additional info from OP): YTA 

~~NTA~~, unless you told the friend they could eat/drink whatever they wanted while house sitting.",1,0.0,0.0
3716,"AITA Sending a meme to my friend who has crash on me? I sent a meme to my friend with text ""This could be us but you keep fucking praying"".  I sent it becouse the image is pretty good looking and i thought he'll like it. I know that he is in love with me and we talked about it 2 days ago. He said that he was hiding it for bout 2 years and i kinda knew that he wants something more but i thought he can handle it. I said that i dont feel the same and we wont be together but i want to hold our relationship on the same level. He asked for the reason why i sent it to him and that he doesn't understand. Am i the asshole for his wrong interpretation of simple meme? I mean i just wanted to share it becouse it looks cool.

Here's a meme: https://imgur.com/a/7pB8V5a

","Oh definitely YTA. You should’ve known how a meme like that might be misconstrued, either as your own confession of attraction or as somehow making fun of his confession. You need to apologize immediately. ",1,YTA,0.0,0.0,1,"Oh definitely YTA. You should’ve known how a meme like that might be misconstrued, either as your own confession of attraction or as somehow making fun of his confession. You need to apologize immediately. ",1,0.0,0.0
1395,"AITA for not being there for my friend? Edit: people keep saying I should not have gone to the party if I knew I had the bridal fair the next day. I wasn't sure if I would be able to go the next day, and Becky and I decided together to go to the party that night before. Like texting back and forth to make sure the other was going so that we could share an uber back together because we knew we would be drinking. At the party, Becky again asked me to go and I agreed while drunk on the toilet. I had only said maybe before, if my work called me off that night. I usually sleep during the day because I have to be up from 7pm-7am for my job. I cant just sleep the night before and stay up all day and then remain up all night. I have to get sleep beforehand. 

So, my best friend is getting married in 10 months. Let's call her Becky. I'm her maid of honor. Its exciting and I'm really happy for her. I've never been a maid of honor before though. I'm struggling with this situation so far:

So Becky has already picked out her dress and decided on bridesmaid dresses. We spent an entire day shopping in a city an hour away and deciding on these things. 

Since then, she has invited the other bridesmaids and I to go to 2 events with her. The first was a florist visit last month so she could decide on the kind of flowers she wanted for the wedding. I originally said yes I would go, but then she had to change the date of the appointment to a day where I had to work. So I didnt go. 

The second event was yesterday. 3 days prior she had told me and other bridesmaids about this bridal fair she wanted to go to, and asked if we could go. I told her I would have to see how things went because I worked that evening. The event would basically take most of my sleeping time. But whatever. 

Saturday night comes along and Becky and I both get invited out to a birthday party of a mutual friend that night. We both had off, and we would see some good friends which included the other bridesmaids, so we all went. Everyone got wasted, most people not making it home before vomiting. I had a good time, things felt good. At the party, Becky asked me again if I would go to the bridal fair the next morning. She begged, saying only a couple of other older family members were going with her. Drunk me felt like Superwoman, so I said sure. Everyone got drunk af and went home. 

I went home at 2am, woke up at 5am with a splitting headache and a shit ton of stomach pain. I took ibuprofen and tried to get comfortable enough to sleep. No go. I chugged water. Still felt like shit. Now its 8am and I am extremely nauseous. I hadn't drank alcohol since 1am, I thought I had escaped nausea. My boyfriend was really worried I had something else going on because of the amount of pain I was in, and wanted me to go to the hospital, but I'm in the medical field so I felt like I knew when I would need to go to the doctor. I couldnt sleep still. It was 9:30am. The bridal fair was supposed to be at 11. I texted Becky to tell her I wasnt going to be able to go. I felt like complete crap. I apologized. 

I finally vomited, passed gas, and the stomach pains/nausea started to fade. It was 11:30. Becky had opened my message but not responded. I finally was able to fall asleep. At 1pm I woke up to a message from Becky, saying she was extremely disappointed in the fact that I wasnt there for her with the wedding planning. She said I never went to events with her and she would just have to learn to ""lean on"" someone else instead of me. 

I'm like...what? I spent a day with her picking out dresses. I am actively planning an expensive bachelorette party because she wants a destination one. I feel like I'm doing what I'm supposed to do. It has just been shitty timing for the other stuff. I told Becky this, she said it doesnt change the fact that I've let her down and been a disappointment to her. She then went on to say she doesnt accept my reasons for not going to the bridal fair (extreme nausea and pain). She said every other bridesmaid had messaged her the same thing and she expected more. 

I just... I don't know. In my family, you did not have the maid of honor or bridesmaids do shit like this. They help with bachelorette parties and stuff like that. It's just weird to me that Becky seems to expect this much of me and the other bridesmaids. Is this normal though? Am I being an asshole? 

Tl;dr bride is mad that maid of honor and bridesmaids cant make it to florist meeting and bridal fair. AITA for not being there?","YTA - in the case of the bridal fair. Completely your own fault for getting drunk the night before, making yourself ill, and agreeing to go. You also say you were working the evening of the bridal fair and going to the fair would impact on your time to sleep? If you were meant to be sleeping don't go to a fucking party and get wasted the night before then.

For the florist that's not on you. You already had work scheduled.

She might be expecting a lot from you, which you should talk to her about if you don't think it's normal, but I still think YTA for the bridal fair situation.",1,YTA,0.0,0.0,1,"YTA - in the case of the bridal fair. Completely your own fault for getting drunk the night before, making yourself ill, and agreeing to go. You also say you were working the evening of the bridal fair and going to the fair would impact on your time to sleep? If you were meant to be sleeping don't go to a fucking party and get wasted the night before then.

For the florist that's not on you. You already had work scheduled.

She might be expecting a lot from you, which you should talk to her about if you don't think it's normal, but I still think YTA for the bridal fair situation.",1,0.0,0.0
3349,"AITA For Wanting a Say in My Son's Funeral Plans? My adult son passed away this weekend. It was sudden and unexpected. We are all doing what we can to cope. Unfortunately the saying that death brings out the worst in people seems to be ringing true. 

The relationship with my Daughter In Law has imploded in a mere 36 hours. There has been an argument over what we should do regarding funeral arrangements. 

DIL has insisted that there will be no wake, no funeral, no burial - we won't even be getting cremations remains back to spread as she has chosen to have his whole body donated. 

This is against our entire side of the family's religious and traditional beliefs. 

We got into a heated argument over it. I offered to pay for everything and do the planning. She told no and when I insisted she told me it was legally her right to decide what to do with my son's remains called me an asshole and hung up. She hasn't been answering any calls or texts from our side of the family since then.

AITA for insisting we have services and bury my son in our custom?

EDIT: My son and I never spoke about what he wanted to happen if he died (he was only 34), but he was raised Catholic and was still practicing at the time of his death. My DIL is an atheist.","Man this is gonna hurt... And I'm sorry for your loss but there's a very good chance YTA in this situation. Unless you've recently had a talk about what he would want, she probably has a better idea than you do. 

I hope you plan your own service to honor him, but it really is up to his wife what to do with the remains.",1,YTA,0.0,1.0,0,"Man this is gonna hurt... And I'm sorry for your loss but there's a very good chance YTA in this situation. Unless you've recently had a talk about what he would want, she probably has a better idea than you do. 

I hope you plan your own service to honor him, but it really is up to his wife what to do with the remains.",0,1.0,0.0
3964,"AITA for insisting on giving someone, who I thought was my friend, a gift? This situation happened roughly 7 months ago, but I recently discovered this subreddit, and I thought it would be interesting to go back and reassess if anybody is the asshole here. This is also a throwaway account because I’m paranoid. 

I was friends with this girl who I met in 2016. She was the lead actress in a high school musical I was stage managing. Long story short, by the end of the show’s run I told myself I was in love with her. I boldly asked her to go out with me, and I was denied. I was bummed, but I was still happy I mustered up the courage to ask her. I hadn’t done something like that in a while.

Fast forward to 2017, and we still kept in touch after the show ended. I remember hanging out with her and other mutual friends at a 4th of July celebration. This made me really happy because it was the first 4th of July I spent with friends instead of with my family. Saw her in 2 other musicals she was in in spring 2018, met up with her during prom weekend, and she even invited me to her 18th birthday in July. 

After that, our friendship just fell apart so suddenly. I tried to meet with her before she moved to college, but my plans fell through. Then, this exchange of messages happened in December (see the Imgur album here - https://imgur.com/gallery/M80ZaOL). I took these screenshots in a different time zone (originally EST) so everything is off by 6 hours.

Between when she leaves me on read and my next text, I consult 3 of my closest friends for opinions on my situation. All 3 know her, but not enough to call them their friend. The consensus was that they all found it strange how even though we were good friends, she still refused to see me and accept my gift (a sweater and a formal dress. She had no idea what the presents were beforehand.) 1 of them suggested that my friendship with this girl was affected by her choice to “start fresh” in college, letting go of past friends in favor of making new ones, which I understood could happen, and it’s nothing personal. With this in mind, I texted her what can be seen in screenshots 4-7.

Huge blow to my self-esteem, and I thought I was over it, but here we are. 

Some questions I had at the time (and I suppose still have):
- Was it rude for her not to accept my gifts considering what they stood for? She wasn’t the only one I bought gifts for, and the others were happy I thought about them during the holiday season. Mind you, this is also the first time I’ve actually bought gifts for people who weren’t in my family.
- Was it too much of me to bring up the “shadow blocking” incident? In the moment, I brought it up because I wanted to call her out on her shady behavior. Should I have kept that information to myself?

I’ll try to respond to everyone’s judgments when I wake up in the morning. Hopefully I can close the book on this one once and for all.","YTA.   Honestly you come off insane in this text exchange.   You just keep pushing and pushing.  

Learn how to read the room.   It was pretty obvious she didn’t see you as close of a friend as you did.   She shouldn’t have to literally spell that out for you.",1,YTA,0.0,0.0,0,"YTA.   Honestly you come off insane in this text exchange.   You just keep pushing and pushing.  

Learn how to read the room.   It was pretty obvious she didn’t see you as close of a friend as you did.   She shouldn’t have to literally spell that out for you.",0,0.0,0.0
2194,"AITA for getting mad at my best friend for helping my ex girlfriend Okay so I dated this girl for a solid amount of time to a point where she became close friends with all of my friends. She was my first love so when the relationship ended, I took it really hard. I still have feelings for her even though it’s been 8 months since we broke up and have had trouble moving on. Like I said, she became friends with my friends, especially my BEST friend. My best friend, let’s call him Alex and my ex girlfriend, let’s call her Celine, have become really good friends, which I’m happy about. 
After the break up, Celine had a SUPER tough time but I was happy that Alex could be a good friend to her since i obviously couldn’t (since we were broken up and we agreed to keep our distance). 

Celine and I met up a few times in the last few weeks and we both expressed that we have strong feelings for each other but due to certain reasons, we shouldn’t date. So we’re both still really sad over the break up. However, i recently found out that Celine flew 4 hours on a plane to visit another guy. This fact alone bothers me, but obviously we’re broken up, I have no right to be upset about this. 
I am upset that my best friend Alex has been encouraging her to go and when I asked him about it, he was super vague, rude, and harsh about it towards me. This made me get angry at him. Alex is my best friend, he’s my bro, why is he encouraging my ex girlfriend, who he knows I still have feelings for, to have sex with other guys? He’s always the friend I trust and talk to the most, but I kinda feel betrayed. 
So am i the asshole for getting mad at Alex?",YTA. They’re friends. She isn’t your girlfriend. He isn’t telling you details because he is respecting their friendship. It is none of your business. She can do as she pleases.,1,YTA,0.0,0.0,0,YTA. They’re friends. She isn’t your girlfriend. He isn’t telling you details because he is respecting their friendship. It is none of your business. She can do as she pleases.,0,0.0,0.0
3856,"AITA for wanting to play my GF's Switch?  

Ok, a bit of background my gf and I have been dating for 5 yrs and we get along well. so my gf got a switch from her uncle a while back, and when she got it she said that I would be able to use it when she's not using it so long as I ask. Fair enough. She has let me use it most of the time, but recently she's playing this game a lot and doesn't close out and save at all when she's not using it. So when I ask if i can play it because I see she's not using it. She always tells me no even if she's not using it, she said it's too much to close out the game because she would have to restart her level. I can't even play it when she's not home because she still has the game up and if I close out of it she'll be pissed. It makes upset because she said she'd share, but doesn't. She says I should just get my own, but I don't see the point. I wouldn't play it a whole lot. Which is why I ask to use hers. She gets annoyed when I ask , but I get annoyed because I feel like I've been lied to. Would it kill her to share with me?

AITA?",Jfc. YTA. Grow a pair and buy your own switch. You’re not 5 so stop acting like you’re entitled to other people’s toys.,1,YTA,0.0,0.0,0,Jfc. YTA. Grow a pair and buy your own switch. You’re not 5 so stop acting like you’re entitled to other people’s toys.,0,0.0,0.0
201,"AITA for not wanting to go with my wife on her work trip My wife is getting sent to Japan for a sales trip. Don’t ask me why, her company has sent people like a million times and they’ve never bought anything. 

This trip is longer than usual, 5 days rather than just 2 or three, so 7 if you include flights. Not all of those are work days, for some reason it’s conferences for the first day, two days off, then two more days of work. 

My wife wants to turn it into a vacation since she’s going to be there anyway, and extend the trip by a week and bring me. I have very little desire to see japan, my only knowledge of japan comes from video games, and they didn’t interest me much. I’m happy to go on vacation with my wife but japan is not my ideal destination. 

My wife is saying that she’ll be lonely for 7 days with only work people, and that we need a vacation anyway. I told her I don’t want to go to japan and we can plan a separate vacation, but I don’t want to go with her on the work trip. 

She’s calling me a stick in the mud and saying I’m not supporting her in her job, I just don’t want to go to japan. AITA?","YTA

I'm gonna get on my high horse for a second... You're not TA merely for not wanting to travel... It's mainly for sounding so ignorant in the process... 

>""I have very little desire to see japan, my only knowledge of japan comes from video games, and they didn’t interest me much.""

You sound like precisely the person who needs to get outside your comfort zone and learn about another culture. Maybe it'll change your life. Maybe it won't -- but your GF is going to leave you behind for being a stick in the mud if you don't expand your horizons a bit.",1,YTA,0.0,0.0,0,"YTA

I'm gonna get on my high horse for a second... You're not TA merely for not wanting to travel... It's mainly for sounding so ignorant in the process... 

>""I have very little desire to see japan, my only knowledge of japan comes from video games, and they didn’t interest me much.""

You sound like precisely the person who needs to get outside your comfort zone and learn about another culture. Maybe it'll change your life. Maybe it won't -- but your GF is going to leave you behind for being a stick in the mud if you don't expand your horizons a bit.",0,0.0,0.0
2385,"AITA for laughing at my boyfriend when he cried during a movie? I have never seen my boyfriend cry, or even shed a tear even after a death in the family, or pain in the 4 years we’ve been together.

So I was at my boyfriends house and we were watching Marley and me and he cried at the end, not cry but a few tears. I laughed and said aww the movie made you cry? I wasn’t trying to make fun of him but I just thought it was funny a movie set him off when he didn’t even cry when he broke his back.  He was furious and told me to go home, he won’t reply to his texts now. AITA?

TLDR; my boyfriend cried at the ending of Marley and me and I laughed, he won’t reply to my texts now",YTA. Comments like this is why it’s hard for men to open up. We live in a society where men are taught to be tough. You laughing at him in his most vulnerable time is pretty shitty.,1,YTA,1.0,0.0,1,YTA. Comments like this is why it’s hard for men to open up. We live in a society where men are taught to be tough. You laughing at him in his most vulnerable time is pretty shitty.,1,0.0,1.0
1962,"AITA For not wanting my boyfriend to text his ex? A little context boyfriend is 21 and I'm 19. We have been dating for almost 3 years.

His ex randomly texted him for relationship advice because she ""thinks it's turning into the same relationship that they had"". 

A little more context they were together for about a year, it was long distance relationship, and my boyfriend was very controlling with her. He asked her not to go to parties (even if they didn't have alcohol), asked to skype him instead of hanging out with her friends (isolating her), and all around was very needy. He would message her obsessively and if she got home a few minutes late from school he would bombard her with questions asking where she was and why it took so long for her to get home ect. She broke up with him with no warning blocked him on all social media and didn't talk to him for 4 years. 

He saw that she unblocked him on instagram and asked me if it was okay if he messaged her to get closure. I said yes, because it would make our relationship stronger and he could finally stop wondering why. 

She told him that he emotionally fucked her up for many years so much so that she needed therapy. He apologized up and down because he didn't realize just how much he hurt her. She said that she was in a happy relationship and thanked him for his apology.

After they finished talking for about 3 days here and there i asked my bf to stop messaging her if he got closure because it makes me uncomfortable for them to be talking. We got in a huge fight. His argument was ""what if I need this, what if its helping me get closure and maybe by being her friend i can make it up to her"".

I made the dumb mistake of saying that it is okay for them to text as long as it isn't very often, but even so when she texted him about relationship advice a couple months later, and comparing her current relationship to theirs just rubbed me the wrong way.

I just am not comfortable with him being in contact with someone he was in love with/had sexual relation with. AITA?","YTA - I say this with kindness because you can't help how you feel, but trying to interfere makes you controlling instead. You're putting your own relationship on the rocks for someone who he no longer has feelings for, lives far away, and is in a committed relationship. 

I would be very wary of a partner that tried to curtail my friendships with people I used to be involved with, not because I want anything, but because it denotes a lack of trust and emotional maturity. 

Also, there's been a post just like this but from the other perspective, did you guys decide to post to AITA together?",1,YTA,0.0,0.0,0,"YTA - I say this with kindness because you can't help how you feel, but trying to interfere makes you controlling instead. You're putting your own relationship on the rocks for someone who he no longer has feelings for, lives far away, and is in a committed relationship. 

I would be very wary of a partner that tried to curtail my friendships with people I used to be involved with, not because I want anything, but because it denotes a lack of trust and emotional maturity. 

Also, there's been a post just like this but from the other perspective, did you guys decide to post to AITA together?",0,0.0,0.0
1619,"AITA for ghosting my friend Background is that we have been friends for almost 20 years, literally since we were in diapers. We’ve been through several formative events together and were inseparable through middle school. 
We fell out of touch for awhile and reconnected a few years ago. However recently it’s really dawned on me that she’s super self centered, as in if I vent about anything she’ll completely ignore it and bring the conversation back to her and her problems. And it’s not like she’s going through a crisis, it’s literally almost always boy problems or her telling me about her most recent hookup. 
I’ve also been in the process of bettering myself (working out, spending less time on social media, eating healthier, etc) and I feel like I’m super productive. I’m not a prude by any means but she smokes a shit ton of weed and that’s something I’ve simply grown out of. It wouldn’t bother me but it does make me feel like we’re on totally different wavelength. 
And the cherry on the cake is her racism. It’s not super “obvious” but she makes little comments about how she could never date a POC or places are “ghetto” when they’re really just not predominately white. Or she’ll cross the street if she sees a black person walking towards her. Which is all bad enough but it’s worse because I’m dating a POC. 

TLDR I have an old friend whom I’m realizing is taking a completely different path in life than me. So am I the asshole for basically ghosting her?","Why won't you just talk to her? If you know that for that long I think you owe her a chance to change her behaviour towards you and others and if she doesn't - at least an explanation of why you don't want to be close friends anymore.  
Edit: forgot to vote - I think if you ghost her without as much as an explanation - YTA.",1,YTA,0.0,0.0,1,"Why won't you just talk to her? If you know that for that long I think you owe her a chance to change her behaviour towards you and others and if she doesn't - at least an explanation of why you don't want to be close friends anymore.  
Edit: forgot to vote - I think if you ghost her without as much as an explanation - YTA.",1,0.0,0.0
63,"AITA for making fun of my friends disability that I didn't know about? My friend group loves making fun of eachother in a kinda light hearted way. Everyone's got their thing that's like a running joke. (For example, I just got rejected by my crush, and my friends joke about it)

So there is this girl in the group, let's call her CH. She isn't very good at spelling and she's kinda lazy so I just assumed that she didn't feel like correcting her typos in chat. So I made fun of her spelling a lot because it seemed crazy to write things so incorrectly, and it was funny to me. When I made fun of her for it, she laughed at my jokes so I thought that all was well.
But today I was talking about her spelling with two of my friends. One of them, DE, said while listening to us, ""dude ur an asshole. Your making fun of somebody's disability."" And I instantly felt like shit. I didn't know. She then told me that CH confided in her that, she has a ""spelling disability"" (not sure what it's called properly). I was a little bit sceptical about the truth of it, because CH is known to make up dumb shit to fuck with her friends minds. But I believe it to be true because she provided details and such.

I know what I did was kinda shitty, AITA?

Edit: Turns out DE just made that shit up, and CH really is just too lazy to correct her typos.

Edit 2: I spoke to CH about this and she found it hilarious that DE would come up w/ something like that. And she doesn't mind me joking around w/ her about this.",YTA if she's dyslexic. Might be best to not make fun of people for things they consistently get wrong in case there is a legitimate issue there.,1,YTA,0.0,0.0,0,YTA if she's dyslexic. Might be best to not make fun of people for things they consistently get wrong in case there is a legitimate issue there.,0,0.0,0.0
1314,"AITA for telling my nephew Santa isn't real in a game of 20 Questions? Well, the title basically sums it up, but I might as well tell the full story.

My BIL was doing a get-together for his birthday. Eventually, though, everybody started getting drunk, so I was about to leave, before my nephew spotted me and begged me to stay. So, I went in his room where he and my sister were waiting for BIL's friends to all go home. He suggested that we play 20 Questions, that game where someone thinks of a character for you and you have to figure out who it is my asking 20 or less yes-or-no questions. He wanted to go first, so my sister wrote *Santa Claus* on a piece of paper and taped it to his forehead.

The way we played it was that he would ask the questions while my sister and I would take turns answering them. Eventually it got to the question that was obviously going to come up and I was lucky enough to be the one forced to answer it.

""Is he a real person?""

Truth be told, I was actually thinking about how I should answer this from the moment we started the game, since I knew it was almost certainly going to come up. My sister hasn't spent Christmas with us since she got married, so I had no idea if her son knew Santa isn't real yet or not. I remembered how our dad told us the truth about Santa when I was 5/6 and my sister was 6/7 (which I do realise is quite early). I also thought back to how our daughter figured the truth out by herself when she was 7. Ultimately, though, my though process was this: surely my sister wouldn't choose Santa for this game if she expected to read her mind and go along with pretending that he's real. So, without hesitation, I blurted out, ""No."" Perhaps if I waited a bit before answering, my sister would have coughed or something to let me know that she wants me to lie, but alas, the milk was spilled and all I got from her was a disapproving glance.

My nephew soon ran out of questions and his final guess was Mario (he was able to figure out that it's a fictional character who's fat, has facial hair and dresses in a bright colour). Once he realised that it was actually Santa, he immediately pointed out that I said the character wasn't real. My sister tried to tell him that I said it by accident and I tried to go along with it, but eventually her son started crying. She seemed quite pissed and told me that ""I should go"".

On my drive home I started to feel increasingly guilty and today I woke up (quite late) to a bunch of messages from both my sister and BIL calling me an asshole who ruined Christmas for their son. Admittedly, I have no idea what age kids normally find about Santa out at, but 9 still feels like pretty old to still believe and get *that* upset upon finding out the truth. Apparently, though, he made quite a scene about it, both last night and this morning. I, of course, apologised, but BIL still said that I'm not getting invited to any more get-togethers. I'm sure this won't last and we'll all make up soon, but I would like to know if I really am the asshole in this situation or not.",You know based on the title I was gonna go hard YTA but I’ll go soft YTA since you were set up by your sister. You should have let her answer the question.,1,YTA,0.0,0.0,1,You know based on the title I was gonna go hard YTA but I’ll go soft YTA since you were set up by your sister. You should have let her answer the question.,1,0.0,0.0
1923,"WIBTA for asking my parents to pay me back with wheel of cheese? I’m on mobile, my apologies.
Now I shall tell y’all about my situation:

There is this cheese called Epoisse that I’ve been wanting to try for years since my parents talked about tasting it for the first time. I decided to buy a wheel with my own money to share with my family to celebrate the completion of my first year at uni. The wheel was not exactly cheap, as it was $21.99 a pop (note: the wheel was pretty small). I was to leave for Paris for a study abroad later that month, so I wanted to eat the cheese before I left. I had asked them at least five or six times  to eat the cheese with me but they kept putting it off to the point where I ultimately lost the chance to enjoy it with them. I was pretty bummed out because I really wanted to eat the cheese with wine  with them to really have some family time before I left (after all, my parents are the ones who have been urging me to spend time with them). They promised to eat it with my sister, which I settled with, as I did not want the cheese to go to waste. 
I did end up trying the Epoisse in France because it turned out to be cheaper there—IT WAS DELICIOUS!!! 
Fast forward to today (I returned this past Monday), when I discovered the wheel of cheese completely spoiled and untouched in my fridge. Even though it’s just cheese, I honestly felt really upset about it. I bought this cheese for something special and for an opportunity to be together with my family. 

Considering that I paid the cheese with my own money and wanted to eat it with them, only for them to put it off and let it go to waste, I’m considering whether or not it would be reasonable to ask them to buy me a new wheel of cheese as a form of compensation. My sister thinks I’m being petty, since it is just a piece of cheese. So, WIBTA if I asked?

Edit: based on the answers I’ve gotten so far, I think that I am being a dickhead. I think that My sister is right that I am being petty.",I genuinely don't understand why you would think you might be entitled to compensation here. You bought the cheese without talking to your family. They  obviously are not obliged to pay you for not eating cheese you bought of your own accord. YTA.,1,YTA,0.0,0.0,0,I genuinely don't understand why you would think you might be entitled to compensation here. You bought the cheese without talking to your family. They  obviously are not obliged to pay you for not eating cheese you bought of your own accord. YTA.,0,0.0,0.0
1190,"AITA Gave my daughter's friend cupcakes? Last week my daughter had a friend over. Her parents are very anti-sugar, and have told me this many times in the past. Today after school my daughter brought her friend over. As an after-school snack I like to sometimes make cupcakes. My daughter took one and enjoyed it very much. I offered some to her friend, and she accepted it. She clearly doesn't ever have sugar, liked them a lot, and ended up eating 6 in one sitting. After we took her home, I got an angry text from her parents saying ""How dare you let her have sugar"" and she isn't allowed at my house in the near future. My daughter got very upset when she heard the news. AITA?

&#x200B;

edit because this looks like it will be a thing: I left the plate of cupcakes on a counter in the kitchen. I did not know how many she ate until after.

&#x200B;

edit 2: They're 13 if that helps","YTA because you let her eat SIX. A little rule bending isn’t a big deal, but six cupcakes is excessive.",1,YTA,0.0,0.0,1,"YTA because you let her eat SIX. A little rule bending isn’t a big deal, but six cupcakes is excessive.",1,0.0,0.0
1840,"AITA: Whenever I get an unsolicited sales call, I fake an Indian accent. At my office, the phone rings constantly. 85% of the time, it's business related, the other 15% it's calls from The ""IRS"", car warranty extensions, credit cards with lower interest rates, someone ready to fix my lap top.   
Usually these callers have that subcontinental accent. So when I'm feeling froggy, I'll answer, press a key to get to a human, then let 'er rip with the accent. My goal is to keep them on the phone for as long as possible, and reflect their accent with my 'fake' accent and feign interest in whatever it is, like ""Oh no, not my taxes?!?!"" or ""Please help me with my laptop, oh ohhhhhh!"" 

So, is this an AH thing to do? Should I be more respectful?","Oh my, aren't you funny. Let's all applaud how clever you are to fake an accent because often telemarketers have accents. 


YTA",1,YTA,0.0,0.0,0,"Oh my, aren't you funny. Let's all applaud how clever you are to fake an accent because often telemarketers have accents. 


YTA",0,0.0,0.0
2189,"WIBTA if I don't sign the Mother's Day card? So basically my mother has been cheating on my dad for 2 years (as far as I've known) and I've confronted her about it at least 10 times by now, even presented evidence to her and she always denies it, gives me the silent treatment, and yet continues(bc I overhear her phone calls). I even wrote her a letter telling her that I felt really hurt that she would do this and keep lying to my face about it. She still continued. I told my dad about it just last week because I simply couldnt take it anymore. There was a huge fight, which led to her denying everything AGAIN. She blamed everything on my saying that this was all my fault because I'd been spying on her nonstop (I didn't need to spy to know what was up). My dad said he believed her but he kept watching her call and text history over the course of the next couple days after the argument. (I told him the persons phone number). And they got into a fight the following day, ( my dad asked her who she was texting and she started getting defensive) which led to her giving us the silent treatment as she always does when something doesn't go her way. Now, for some reason my dad has planned a family trip to the beach (has his memory of this whole situation been wiped??) And today he went and bought a mother's day card and asked me and my brother to sign it. Would I be the asshole if I didn't sign it?",Yta. Did you ever think he doesn't care or isn't ready to confront this.   Idk if he wants to move on you kind have to move on.  It's not techniqually your relationship.,1,YTA,0.0,0.0,0,Yta. Did you ever think he doesn't care or isn't ready to confront this.   Idk if he wants to move on you kind have to move on.  It's not techniqually your relationship.,0,0.0,0.0
956,"AITA for marking and item as sold and not messaging all the other people that I sold it to someone else? I posted a washer and dryer on the market place for sell. I got about 20 people messaging me about it. One person said he will message me later when hes on the way and I said ok(thats most of them say and never show). Well, about an hour later 1 of the 5 people that said they wanted them showed up at my house, I didn't know they were coming, but anyways they bought it for my asking price and I right way marked it as sold which sends all the people I was talking to a message saying it was sold. The original guy then send me a message about 2 hours later saying this, actually Ill just type our whole conversation below. 

&#x200B;

buyer: Is this still available?

seller: Yes

buyer: are you available after 6pm?

seller: I'm available after 6:45pm

buyer: ok even better i will message u around then to get your address

seller: \*gives address\* (so he knows where I am early)

buyer: ok thx u see u later

seller: \*thumbs up\*

\-3:08pm-

&#x200B;

\-6:50pm-

buyer: Headed your way was running a little behind should be and and the next 30 mins or so

Seller: I sold it, Sorry I marked it as sold on here. I thought it send a message to you.

buyer: wow are you kidding me i have drove all most to newbury i thought sold you was for me. thought we had a agreement

seller: sorry we never agreed for me to hold it for you. Im sorry. I had a lot of people messaging me about it. 

buyer: youre a real piece of work dude

seller: lol ok, I had 5 people out of the 20 saying they were coming but never showed. I dont hold anything and its first come first serve. sorry for the confusion. thats normally how things go when buying/selling on social media unless the parties have a specific agreement in writing. 

buyer: bro youre a little fucken stupid and agreement is an agreement when somebody tells you they will see you later you dont give somebody your dam address if it aint a deal youre about as fucken stupid as a come at least have the decency to message somebody yourself and let them know whats going on. you deftly one of those that i know your word dont mean shit. 

seller: \*thumbs up\*

&#x200B;

The End","YTA

Sounds like you made a deal with him and didn’t let him know you sold it off to someone else. You should’ve had the due diligence to let him know the deals off.",1,YTA,0.0,0.0,1,"YTA

Sounds like you made a deal with him and didn’t let him know you sold it off to someone else. You should’ve had the due diligence to let him know the deals off.",1,0.0,0.0
3249,"AITA because I reserved a skydiving day-trip with friends when I have a 5 month old at home? Some friends and I decided that we wanted to go skydiving, something I have never done before. Before booking the reservation, I discussed the outing with my wife who was against it due to the inherent risks involved. I also am a new father with a five month old. My wife feels that I could have gone skydiving at any time before having a new child. She is aware that the risk of accident is low but she asks why even take the risk, especially with her and a newborn that rely on my support. A few points:

&#x200B;

1. It is a tandem skydiving experience a couple hours away.
2. I am going with two friends that also have not gone skydiving before.
3. I will be skipping work but will be home in time to take care of my household responsibilities.
4. My wife is a full-time working mom as well.

&#x200B;

EDIT: My wife is on the fence about letting me go or not. I cannot get life insurance in time for the jump; however, I promised and intend to immediately get life insurance in her name as soon as possible.",YTA. The kid is 5 months old. You have no life insurance. You simply don't need to go skydiving right now. At least get life insurance first.  What if you break a limb and can't help care for your child for a few months after that?,1,YTA,0.0,0.0,0,YTA. The kid is 5 months old. You have no life insurance. You simply don't need to go skydiving right now. At least get life insurance first.  What if you break a limb and can't help care for your child for a few months after that?,0,0.0,0.0
2609,"AITA for wanting my sister to do the dishes? Me and my sister live together and split some of the household tasks. Basically, we have a deal on cooking, we each have set days that we cook for each other and every time whoever didn't do the cooking, does the dishes. That works pretty well except for the days my sister spends with her gf. She generally arranges it for days when I would be cooking anyway, so I don't miss out. The Only problem is who should do the dishes on those days, I think she should, but she is...not so keen, obviously.

Am I the asshole?

Edit: to clarify on these days I am cooking only for myself while she is at her GF's house

Edit2: Okay! Not gonna bring it up again I promise! Genuinely have seen the light 😁😁","If I understand things well, she's not here on these days, so I don't see why she should wash dishes that she didn't even use in the first place.
So I'd go with a very mild YTA.",1,YTA,0.0,0.0,1,"If I understand things well, she's not here on these days, so I don't see why she should wash dishes that she didn't even use in the first place.
So I'd go with a very mild YTA.",1,0.0,0.0
2183,"AITA for telling people about my ex-girlfriend and I's abortion This is a bit of a tough area but i honestly don't know if I'm in the wrong. 

A while ago my girlfriend at the time said she was infertile, so mistake number 1, we didn't use protection most the time. later on she fell pregnant and got an abortion. we both went half on the pay.

Couple months later we broke up, after that everything just went downhill. 

When we broke up i told a few close friends about the abortion. I was angry at her, she was spreading false rumours such as i wanted one of my closest friends and my own brother to die. 

I wanted to use it against her in revenge, however, i didn't go through with it, my anger clouded my judgment and i know doing that would've made me an asshole. fast forward a couple months to a couple days ago, word had gotten back to my ex that people knew. The people i told had spread it and now i don't know who knows.

She wants me to tell everyone that it was a dumb lie made up by me to make her seem like a better person. I was going to do it until my friends and even my own mother said that i shouldn't have to as she tried to slander my name and that abortion was my secret to tell to.

I'm asking this to know if i am the asshole, if i am then i will try and solve the problem, if I'm not then i won't take the hit for her.","YTA - you disclosed details about her medical history that she wanted to keep quiet. That’s so assholey

And unless you are the one who had the operation, it wasn’t *your* abortion. You didn’t have to be prodded and poked. You just had to hand over some cash and go about your life.",1,YTA,0.0,0.0,0,"YTA - you disclosed details about her medical history that she wanted to keep quiet. That’s so assholey

And unless you are the one who had the operation, it wasn’t *your* abortion. You didn’t have to be prodded and poked. You just had to hand over some cash and go about your life.",0,0.0,0.0
546,"AITA for not wanting to turn the heat up more? So some backstory is I’m a broke college student in a pretty cold part of Washington. When I walk to class in the morning it can be like 15 degrees! But also I’m super broke and pay for everything myself and so do two out of my three roommates. 

We often keep our house at 60 degrees at night time and when none of us are at home. And then  65 to 70 degrees depending on how cold it is outside. 

So one of my roommates has a condition where her blood doesn’t circulate very well which I guess makes it very hard for her to retain heat as well! This is this basis of why she always is cold. She often remarks that our house is cold and that she can’t get warm and the rest roommates agree and say things along the lines of “yeah that’s why I have a heated blanket” or “yeah but heat is expensive”. 

Her frustration came to head last night when she was getting ready to go out for the night and was ignoring all of us. So we all asked her what was wrong until she finally said she is annoying with how cold it is and how she called her mom and her mom said she is very upset with us because we keep it so cold in the house. A roommate and I tried to explain that we can’t afford high utilities because we pay for it ourselves and that she should get a heated blanket or a space heater. She then said those were too expensive and we just need to turn up the heat. We then explained that high utilities are also expensive and that again we cannot afford it.

With a lot more back and forth she finally brought up her blood condition and said since she has that we need to turn the heat up for her. At that point I just said I’m sorry and walked away just not knowing what else to say. 

All day today she has been pretty cold and passive with me and the other roommates. I want to have a roommate meeting but also don’t know what else to say. 

So AITA for not being able to pay high bills and wanting to keep the heat cooler? I genuinely don’t know and feel horrible about the situation but cannot change my finances right now.","YTA. 60 degrees is way too cold to keep a house. At MINIMUM 65, and even that’s still very low. And I live in an area that regularly sees -30°F... I know something about dealing with the cold. 

She’s right— heated blankets and space heaters are expensive, and actually fairly dangerous. They can pretty easily start a fire, especially if they’re accidentally left on, and they often will cost more in electricity use with prolonged use than if you had just turned up the heat. 

There are things you all could research to help a house retain heat and save money on energy. Covering the windows with old blankets or buying a plastic wrap will seal the windows from a draft, helping retain heat. Putting old blankets on the bottom of exterior doors is also a big help. Closing doors to rooms that you don’t use often, and shutting off vents to those rooms will direct more if the air flow to the rooms you are occupying, if you have forced air.  But none of you are actually interested in helping her— you sound like you only really care about the impact to you. 

I also wonder what the real difference in the heat bill would be if you did turn it up... if the difference in cost is like, an extra $20-$30, yeah, you guys are definitely being assholes. Did you research the cost difference before you made up your mind?",1,YTA,0.0,0.0,1,"YTA. 60 degrees is way too cold to keep a house. At MINIMUM 65, and even that’s still very low. And I live in an area that regularly sees -30°F... I know something about dealing with the cold. 

She’s right— heated blankets and space heaters are expensive, and actually fairly dangerous. They can pretty easily start a fire, especially if they’re accidentally left on, and they often will cost more in electricity use with prolonged use than if you had just turned up the heat. 

There are things you all could research to help a house retain heat and save money on energy. Covering the windows with old blankets or buying a plastic wrap will seal the windows from a draft, helping retain heat. Putting old blankets on the bottom of exterior doors is also a big help. Closing doors to rooms that you don’t use often, and shutting off vents to those rooms will direct more if the air flow to the rooms you are occupying, if you have forced air.  But none of you are actually interested in helping her— you sound like you only really care about the impact to you. 

I also wonder what the real difference in the heat bill would be if you did turn it up... if the difference in cost is like, an extra $20-$30, yeah, you guys are definitely being assholes. Did you research the cost difference before you made up your mind?",1,0.0,0.0
254,"AITA for removing a pro brexit page from my grandmothers facebook page and replacing it with a pro EU one so a little back story. along with most of the older generation my grandparents on my mothers side are staunchly pro brexit and my grandmother is a moderately competent Facebook user. she asked me last night to post a photo in a dog related group for her and in so doing I was left with temporary access to her facebook feed... and what I saw was scary. how easy it was for any one page to totally flood their feed. thing is older people don't have much of a reason to follow every tiny thing that interests them.  my grandmothers page is basically just dogs and brexit tbh. the page in question was leave.eu and when I was following (voted for it originally, now against) it'd be maybe one post a day id say, flooded out by everything else I follow, but on my grandmothers feed its literally one in every 5 posts minimum. its scary how efficiently you can totally flood someone like thats feed.

so heres the AITA. whilst my grandmother was out of the room I unfollowed leave.eu on her facebook and instead followed scientists for the eu (she has atleast some respect for the scientific profession so i felt that this, rather than a purely political stance, might go down better.

&#x200B;

the results thus far is that over dinner last night she mentioned to my grandfather and their live in housekeeper that what ever they do this evening they shouldn't browse facebook tonight because its full of anti brexit fear mongering. I'm honestly not sure she'll notice the loss of the leave page from her feed and will just assume the remain page is sponsored and who knows, maybe seeing the otherside might soften her view same as it did mine

TLDR AITA for removing a pro leave facebook page from my grandmothers feed and replacing it with a pro remain one to see what happened?","YTA. You can't interfere with other people's political preferences in the way you have, no matter how strongly you disagree with them.",1,YTA,0.0,0.0,1,"YTA. You can't interfere with other people's political preferences in the way you have, no matter how strongly you disagree with them.",1,0.0,0.0
3867,"WIBTA for wanting to pull out of seeing Frozen II? TL;DR: My friend booked tickets for us to go to the movies but she got us front row seats and now I don’t want to go. She’s got another friend coming so she won’t be alone. 

My friend and I were talking about going to see Frozen last week.  Neither of us have kids, but we enjoy Disney movies and had been to see the last one together so thought we’d go together again. She said she’d look into times and let me know.   

Now I need to mention that my friend and I don’t live close to each other. I live in a big city and she moved out a few years ago, so we take it in turns to do things in each of our neighbourhoods. She drives to me, I take a train to her. Both journeys are about 40 mins each way. 

Anyway so yesterday she told me that she’d also invited a friend and their child to come along. It annoyed me slightly as I don’t know her friend and could do without having a kid tag along, but I figured the place would be packed with kids anyway so didn’t sweat it. She told me a particular time, and I said it was fine so she said she’d book. 

Well today, she messages me saying that she booked and paid for the tickets online, but it was practically sold out so the only tickets she could get together were in the front row. And I am REALLY pissed. I said to her that we could have just gone on another day, but it was a useless comment as she’d already bought the tickets.  I just really wished she’d asked me first, as we go to the movies together a lot and would never sit there. 

WIBTA to cancel? I’ve already paid her for the tickets, as I did tell her to go ahead and book, but it never occurred to me that she’d book such awful seats.  I really don’t feel like 
- spending money on a train ticket and travelling all that way
- Spending additional money on snacks 
- Sitting in a packed movie theatre 
to then have to ALSO sit and get a sore neck from staring up at the screen. I feel like I could have coped with everything else if we had decent seats. 

So I’m thinking of feeling ‘under the weather’ on the day and just do my own thing. She’s got her other friend to go with so it’s not like I’m abandoning her. And she won’t be out of pocket for the money spent. 

WIBTA for pulling out?","NAH

If you paid for the ticket, you're fine. I hate sitting in the front row as well.",1,YTA,0.0,0.0,1,"NAH

If you paid for the ticket, you're fine. I hate sitting in the front row as well.",1,0.0,0.0
536,"AITA for getting annoyed at me ex for sleeping with another guy? I know title makes me seem controlling but hear me out. 

So me (20M) and my ex Gf (20F) were dating for a year and a half before we mutually ended it because we knew we weren’t right for each other. We stayed as friends and didn’t have any issues. One day we caught up and ended up having some amazing sex and realised that while we weren’t compatible as a couple we still were physically attracted to each other.

So every few weeks at parties or when we caught up we would have a bit of fun. We both are careful not to let emotions get in the way and also to be very respectful of each other. We are both also hooking up with other people but out of mentioned respect we are careful not to tell each other about our sex lives to not complicate things further.

The issue arouse last night when she was send me some ‘fun’ pictures and I noticed some marks on her body, I tried to ignore them but it was bugging me a bit so I asked what they were and she kind of deflected the question which made me feel pretty confident I knew what they were. After some pressing she admitted that they were love bites and sex marks.

Now I didn’t get annoyed that she was sleeping with other people, I am too. I was more annoyed that she kind of showed it off to me. I go to some pretty solid lengths to make 100% sure she doesn’t find out about any thing I do so I felt pretty disrespected that she doesn’t pay me the same courtesy.

I played it off a bit and just reminded her that she should be more careful about keep her sex life private from me. I was expecting a quick apology then we can move on but instead she got defensive saying that I shouldn’t want to see sexy pictures if I wasn’t prepared to see the marks of other guys and that she knows I sleep with other people so it shouldn’t matter that I know. I don’t think that’s fair considering she would definitely be upset if she found “evidence” of me sleeping around due to carelessness on my part.

We were going to catch up this weekend but now I’m not sure anymore, so reddit AITA for being annoyed that my ex slept with a guy and showed me the “aftermath”?  

\*note - I know it sounds unhealthy to keeping sleeping with the ex but it’s honestly fine there’s no emotional abuse or anything from either party - I just want to know if I’m the asshole in this situation.",YTA - you’re not exclusive. She doesn’t owe you an apology and doesn’t need to hide anything from you to protect your feelings.,1,YTA,0.0,0.0,ERROR,YTA - you’re not exclusive. She doesn’t owe you an apology and doesn’t need to hide anything from you to protect your feelings.,ERROR,0.0,0.0
1220,"WIBTA if I gave my underage godson a lighter and cigarette cover for my godson for christmas This is my moms question, but she asked my to post it, as she does not have reddit, so here we go.

Basically her godson - my nephew- is really started to go down on the wrong path. He's 15 just started Highschool this september. Already got expelled this november for playing with a light in class close to a girls hair. He hasn't really got any punishment for her mom (my aunt, my moms older sister) and she even buys him cigarettes regularly so he 'doesn't smoke the bad and more unhealty kind"".

So my mom decided to gift him a lighter and a cigarette cover (as we have pretty gruel pics on cigarette boxes) as some kind of wake up call, as my aunt will obviously see it.

Would she be the asshole?","YTA. He’ll probably just think it’s cool and edgy and the point will be lost, plus now he’s got another lighter.",1,YTA,0.0,0.0,0,"YTA. He’ll probably just think it’s cool and edgy and the point will be lost, plus now he’s got another lighter.",0,0.0,0.0
3158,"WIBTA If I quit my job but told my dad I got fired? So, I've been working at this convenience store and I hate it. We're severely understaffed, my boss honestly kinda sucks, and I constantly keep getting night shifts that leave me feeling horrible and exsausted. Not to mention, they keep scheduling me just short of the minimum time required for a 30-minute lunch break, so I never really get a chance to eat, since if a shift isn't 6 hours long, we only get one 15 min break. I really want to quit, but I really don't want to disappoint my dad. He was so proud of me for finally getting my first job, and I really don't want to upset or disappoint him by quitting after only being here for about 2 months. But I just can't stand working here anymore. I just feel so awful and drained, and it's just murder on my anxiety. So would I be an asshole if I quit at the begining of my next shift and told him I had been fired?","YTA. Just be honest about it with your dad. I mean, it's not like he's going to grill you for quitting something if you don't like it.",1,YTA,0.0,0.0,1,"YTA. Just be honest about it with your dad. I mean, it's not like he's going to grill you for quitting something if you don't like it.",1,0.0,0.0
1698,"WIBTA for making an online friend choose between me and her depressed friend? I am a 23 yo guy and I am a homebody. I play ALOT of video games on the PS4 so much so that I play everyday after work. I dont have alot of social interaction outside of work so I tend to make alot of meaningful connections online through communities and so on. I met this amazing girl over 7 months ago (We'll call her Frost) and we hit it off! We've become the best of friends! We game together everyday after work and have SO much fun.

Recently, Frost introduced a new guy into the mix (we'll call him Buck) that is apparently her old ""best friend"" saying that Buck was going through depression and hard times and she really needed to be there for him. So of course! it wasn't an issue, I invited him to our games everytime he was online. The moment Buck would hop in party chats he would joke that he was depressed and was going to hurt himself. That he had guns loaded and ready to end it all, leaving Frost devastated. He would purposely alienate himself so that she had no choice but to stop playing with others and only join him. It's been very hard to fake a laugh or enjoy ourselves when the moment Buck joins the energy is literally sucked right out

Its gotten so bad that I purposely hide offline so that I won't be invited to their group and have to hear it. This has continued for the past 2 months and I finally have had enough of it. I want to tell her I want nothing to do with Buck and I will no longer talk to her if she continues bringing him around but I'm afraid I'll lose her in the process. WIBTA?","YTA. For two reasons.

1. Strictly based on what you've said, from her perspective, you're going from 0 to I won't talk to you anymore if you don't do what I say. Have you even tried talking about your feelings regarding Buck with her first? An ultimatum is never a good way to start a conversation, certainly not when the person you're talking to hasn't done anything wrong. Even ignoring a moral opinion on it, you're introducing your problem as an attack rather than a conversation, which puts her in a defensive position. And holding your relationship hostage. If it's your backup plan, that's one thing, it shouldn't be your opening move. ""Do X or I'm done with you"" is terrible to hear from someone you care about.

2. Ending a friendship because you don't like their friend is just a dick thing to do period. Saying ""I want nothing to do with Buck."" is fine, you're not obligated to keep toxic people in your life, and you didn't even know him beforehand. But what part of not talking to him means you can't talk to her? It comes across like you just want to monopolize her time, and aren't cool with her spending time with him even if you're not there. This is, again, assuming you haven't talked about it at all with her first, as your post doesn't say you have. Now if you have tried cutting Buck out before, made that clear to her, and she just refuses to respect that and brings him into your chats anyway, it's a different story.",1,YTA,0.0,0.0,1,"YTA. For two reasons.

1. Strictly based on what you've said, from her perspective, you're going from 0 to I won't talk to you anymore if you don't do what I say. Have you even tried talking about your feelings regarding Buck with her first? An ultimatum is never a good way to start a conversation, certainly not when the person you're talking to hasn't done anything wrong. Even ignoring a moral opinion on it, you're introducing your problem as an attack rather than a conversation, which puts her in a defensive position. And holding your relationship hostage. If it's your backup plan, that's one thing, it shouldn't be your opening move. ""Do X or I'm done with you"" is terrible to hear from someone you care about.

2. Ending a friendship because you don't like their friend is just a dick thing to do period. Saying ""I want nothing to do with Buck."" is fine, you're not obligated to keep toxic people in your life, and you didn't even know him beforehand. But what part of not talking to him means you can't talk to her? It comes across like you just want to monopolize her time, and aren't cool with her spending time with him even if you're not there. This is, again, assuming you haven't talked about it at all with her first, as your post doesn't say you have. Now if you have tried cutting Buck out before, made that clear to her, and she just refuses to respect that and brings him into your chats anyway, it's a different story.",1,0.0,0.0
1065,"AITA for telling a coworker I would make a special cheesecake for our crew and she expected to take the whole cake home I am a hobby baker and enjoy the challenge of making desserts and then I bring them to work to unload them where people can cut a slice if they like. I’ve done this many times. If it’s someone’s birthday, or they are retiring I will ask them what flavors they like and then I sometimes will do something within those ranges if I’m in the mood. 

My coworker was going through a rough time. Her dog died and I really sympathized with her and liked her. I told her “I’ll make a cake for you, what do you want? I could do a little cake with a dog bone to honor your pup” she thought that sounded very sweet but she said she’d rather have a peach cheesecake. I said “ok no prob!”

I brought it to work and put it in the fridge for later when I had a break. I told her it was back in the fridge and she said “thanks for doing this for us! You’re a good friend” 

Later I pulled it out of the fridge and let people know it was available, my coworker got really mad and told me that it wasn’t a communal cake, it was for her and her husband and children. She was gonna take it home and “us” referred to her family. She thought I didn’t immediately bring it back because I had set it aside for her. She was sort of peeved and cut a big hunk to take home (which is fine with me) but I think I did something wrong. I didn’t want to upset her when I was clearly trying to make her feel better.  

I realize my words were “make a cake for you” but I thought she understood my modus operandi.",[deleted],1,YTA,0.0,1.0,1,[deleted],1,1.0,0.0
1814,"AITA for not appreciating a white elephant gift? So my bfs family (big family) was over yesterday for Christmas Eve shenanigans and they’ve been planing a white elephant. But it wasn’t your typical silly crappy gift white elephant. They wanted to spend about $40 and make it a “nice” gift exchange. 

I was already a little iffy on whether I wanted to participate but my boyfriend insisted. So we went shopping and got lots of different things and made them into gift packs. We spent over the limit but I really don’t care about the cost. 

Well it went down yesterday and I got stolen from twice. It seems like the gifts in general weren’t super well thought out or even really near the $40. I ended up picking again (after steal #2) and got this pretty cool gift. And it gets stolen again on the last turn. And I got a kitchen knife. I have all my own kitchen stuff that I’ve spent money on. I didn’t need another knife but I didn’t complain. It also seemed like everyone got something they were at least mildly interested in (like an expression maker for the coffee sibling and wine and cheese set for the couple that are super into that, etc).

I was a little quiet and upset in the evening but I kept up appearances and hung out and all that. I’m usually quiet so I can’t say it was really out of the norm. Well, this morning my bf asked how last night was and I said something like “It was okay, I don’t really enjoy white elephants though”. He asked why and I explained that I just don’t like the feeling of liking something and having it stolen. And I spent a decent chunk of change on a well received gift just to get something that was not personal, and not needed. I said I was grateful for the gift but I don’t enjoy the game and would’ve preferred a secret Santa or something. He got upset that I wasn’t really about it and said it isn’t about the gift but about the spirit of the holidays. 

So AITA? I feel kind of like an ass but it’s not like I disrespected his brother for the gift. I just didn’t like it and I don’t like the game b/c it makes me feel shitty.",A gentle YTA. Getting gifts stolen and maybe ending up with a gift that’s not your first choice is part of white elephant. You should let the game ruin your entire night and it seems like you’re really stewing over this when really it’s just supposed to be a fun game.,1,YTA,0.0,0.0,0,A gentle YTA. Getting gifts stolen and maybe ending up with a gift that’s not your first choice is part of white elephant. You should let the game ruin your entire night and it seems like you’re really stewing over this when really it’s just supposed to be a fun game.,0,0.0,0.0
153,"AITA for hosting my daughter’s sweet 16 MY way?  My only child was born around the time of May that Memorial day falls. So, it’s become a tradition for me to host a large family gathering around that time, since the guests are off work. It’s nominally a birthday party. Some guests bring presents sometimes, sometimes not, and we have cake (*we* do, anyway, if my daughter does not eat it, that is her choice). But you could also call this party my yearly family reunion.

The problem is, ever since she was 11 years old, my daughter has been influenced into thinking she’s a vegan. As much as I persuade or sneak things past her, she hasn’t willingly used hide nor hair (ha!) of an animal for almost five years. Not even wool, which is really inconvenient for my shopping considering the fact that she grows like a weed.

Every year, she asks me to change the menu of her/my party to be meat free, milk free, and even egg free. In dramatic teenager fashion, “*I don’t want animals to be killed for my birthday*.” I tell her that she can’t control how other people eat. I’m obviously not going to look cheap to my family by serving them rice and beans. Nor will I be making alternative slop just so “she has something to eat.” There is plenty to eat, and it is gorgeous, she just chooses not to. Last year, she even did make a second cake out of pumpkin or some such. It looked ridiculous and went in the trash as soon as she’d cut a slice to eat with he rest of us. I am an excellent cook, and I like the table to look a certain way, especially when my *darling* sisters-in-law are here to nitpick.

This year, after the usual request to change the menu, my daughter “told” me that she won’t be attending her own birthday party. Instead, she’s going to meet friends at another girl’s house, where they will eat leaves and talk about her “mean mother” I’m sure. Ha! I told her she’s being ridiculous, that she’s not a real vegan anyway since I’ve been cooking the family’s rice in chicken broth for the past five years. (Rice is often the only thing on the dinner table she will eat, since she can’t see the meat.) In typical fashion, she cried and stopped responding.

So now I have a dilemma. I can’t exactly force her to stay and act convincingly happy, although she does know there will be consequences if she doesn’t.

I can let her win this little power struggle and change the menu of the party. This will teach her that If she kicks her heels long enough, she can force other people to bend around her weird demands.

Or I can host the party my way, and have my family awkwardly asking “Where’s the birthday girl?”

I could re-brand the party as a family reunion, but there will be questions, and family has already asked me this year about “her birthday party.”

I can't decide which option makes me look like more of a chump. ","SHP how the fuck is this even real, who writes this unironically? You sound like an evil stepmother caricature. ",1,YTA,0.0,0.0,0,"SHP how the fuck is this even real, who writes this unironically? You sound like an evil stepmother caricature. ",0,0.0,0.0
3246,"AITA For taking a photo of a girl's butt Happened 30 minutes ago. I went to buy food at a certain fast food restaurant. The location of the fast food place is on a street filled with bars. And it just so happened that a local university was doing a bar hop. There were groups and groups of students all wearing a specific t-shirt of various colors with most of them having stuff written on them with a sharpie. While I was waiting in-line I noticed that there was a girl who, in my opinion, had a pretty funny phrase written on the back right shoulder of her shirt. I thought it was funny and wanted to take a photo of it. Went to pull out my phone, camera froze on a still of her whole body when i wanted to zoom in on her shoulder. Girl behind me accuses me of trying to take a photo of the girl's ass (cause she saw my frozen phone) in front of me and causes a scene. I try to explain myself but damage is already done and I'm accused of sexual harassment. AITA?

&#x200B;

EDIT: You guys are definitely right. I'm the wrong in this. Fucking terrible choice in the heat of the moment, I'm just gonna cringe at myself looking like a creeper for the next few days.

EDIT2: As a clarification though, I never took a photo, I took out my phone, opened the camera app. The app froze for \~10 seconds on the first thing the camera saw, which happened to be the girls backside, and which also happened to be which the girl behind me saw.","YTA

Don't take pictures of strangers without permission, regardless.",1,YTA,0.0,0.0,1,"YTA

Don't take pictures of strangers without permission, regardless.",1,0.0,0.0
3081,"AITA for making fun of people who won't donate 5 cents that they were given Sorry if the title is a little confusing, but I'll try to explain as best as possible. I work as a cashier at a grocery store that gives 5 cents per reusable bag that each customer uses to bag their groceries in order to reduce the amount of paper and plastic bags that will inevitably be thrown away. Customers have two choices when it comes to said 5 cents, either keep it towards their bill or donate it to whatever local charity we are fundraising for at that time (usually in the vein of the local food bank or schools). 100% of these donations go to the charity. There are certain customers who specifically bag their groceries in as many bags as possible to earn .25 in credits that they then keep towards their bill. I even have one customer who brings in dozens of plastic bags and puts one item in each bag and then keeps the bag credit for herself. The store is not a budget grocery store and is in an affluent suburb of a major city.

I understand that not every customer is going to agree with every charity that we support and there are certain circumstances in which donating is not allowed (using food stamps, tax exemptions, etc.) and I fully support those customers right to keep their nickel. However, my coworkers and I often make fun amongst ourselves of customers who frequently come in with a reusable bag and keep the bag cr",YTA.  Who are you to judge what they do with their money?,1,YTA,0.0,0.0,0,YTA.  Who are you to judge what they do with their money?,0,0.0,0.0
530,"AITA for disrespecting my older cousin and telling them to mind their own buisness I (M13) was leaving the house to go to training, but was having an argument with my mom on the doorway. I kept asking to buy some mineral water instead of ordinary water. It got to the point of shouting when I just left. In the elevator my cousin (F18) started telling me how much of an ass I was by arguing my my mother, how no means no, and generally scolding me. I was mad already and told her to leave me alone, and that this was none of her business. She carried on telling me that as an older cousin she had the right to scold me. At that point I put on my headphones, to which she ripped them off my head. She gave them back to me a few minutes later, with them being partially broken(they fold together and one side had come undone so it wouldn't fold). They were expensive headphones (Beats Solo 3). I basically just stopped talking to her after that. 

So Reddit, AITA? Should I have listened to her? Does she deserve the right to scold me? I feel like I'm NTA at all. I think she was completely out of place.","Technically, YTA.

Realistically, you're not an asshole, you're a child. You have strong feelings about things that don't matter, and those feelings sometimes drive you to act in hurtful ways to the people around you without thinking of the consequences. It's the adults' job to forgive you when you do this, and to correct your behaviour when you're calmer.

Your cousin was absolutely right in what she said to you, but she should have waited until you were calmer. It was wrong of her to touch you, and to break your things. 

Apologize to your mother for disrespecting her.",1,YTA,0.0,0.0,0,"Technically, YTA.

Realistically, you're not an asshole, you're a child. You have strong feelings about things that don't matter, and those feelings sometimes drive you to act in hurtful ways to the people around you without thinking of the consequences. It's the adults' job to forgive you when you do this, and to correct your behaviour when you're calmer.

Your cousin was absolutely right in what she said to you, but she should have waited until you were calmer. It was wrong of her to touch you, and to break your things. 

Apologize to your mother for disrespecting her.",0,0.0,0.0
2917,"AITA for asking her to miss a football game? AITA? I’ve been dating my girlfriend for 6 months now and it’s been going great so far - I really feel like I’ve found the right person for me. But one thing that’s gotten to be a little overbearing is her absolute obsession with her college football team (I’ll leave the school out to avoid any bias).

Besides music, sports are what I live and breathe for. Just like her, I take a lot of pride in my team and consider myself more than just an average fan. But last night we got into an argument when I invited her to go visit my friend and his wife in September and she said she would have to check to see if there’s a home game that Saturday. I expressed my concern that she wouldn’t be willing to miss a single home game (there are 6 in a season) for something I wanted to do together and she got extremely upset and said I was being too controlling.

We’ve both been out of college for 5 years and her old campus isn’t even nearby... it’s in the next state. I totally understand being a die hard fan of your team because I am one. But at what point in your life should you prioritize that less than your relationship? She says going to those games is a tradition among her friends and they always went in high school and college. But my thing is, yeah so did everyone else who went to a major school. She definitely holds her fandom over my head as if I don’t understand (even though my team has 8 championships and hers only has 2 or 3, but they’ve been more recent - just sayin). I’m rambling a bit so I’ll just cut it off. But I’m seriously struggling here because we didn’t really resolve the argument that well and it’s still bothering me. I really want to know if I’m in the wrong.","YTA, her hobby is college football and yours isn’t as much. She said she would check the schedule and you don’t know if you have a schedule conflict or not right now. Right now you’re picking a fight over a theoretical and maybe she doesn’t want to theoretically give up something important to her to visit your friends.

Also you’ve only been dating for 6 months, asking her to change to plans and prioritize your relationship over her hobby leaves a bad taste in my mouth. 6 home games in a season isn’t a lot really, people who play D&D or are part of guilds in World of Warcraft end up with bigger time commitments then that realistically.

And stop being petty, it doesn’t matter if your school won more, or you think she should prioritize your relationship over her hobby. This is who she had been for a decade or more and of that doesn’t fit with what you want in a relationship find someone else.",1,YTA,0.0,0.0,0,"YTA, her hobby is college football and yours isn’t as much. She said she would check the schedule and you don’t know if you have a schedule conflict or not right now. Right now you’re picking a fight over a theoretical and maybe she doesn’t want to theoretically give up something important to her to visit your friends.

Also you’ve only been dating for 6 months, asking her to change to plans and prioritize your relationship over her hobby leaves a bad taste in my mouth. 6 home games in a season isn’t a lot really, people who play D&D or are part of guilds in World of Warcraft end up with bigger time commitments then that realistically.

And stop being petty, it doesn’t matter if your school won more, or you think she should prioritize your relationship over her hobby. This is who she had been for a decade or more and of that doesn’t fit with what you want in a relationship find someone else.",0,0.0,0.0
458,"AITA For being rude and cold to my 'friend'? So for context, I don't make friends easily. Im awkward and struggle in ANY social situations, so when I make new friends I tend to slowly open up so that I dont overstep boundaries (aspergers makes this difficult, but Im getting better).

Now this friend of mine is great. They accommodated for my awkwardness and even didnt run away when I developed a crush for them. With time the crush faded away and we were able to do things like hang out at parties and joke around, which really helped me develop socially.

Eventually it got to the point when they were going to move away (I had known them for about half a year at this point) so I started to reflect back at our friendship, trying to figure out if we were good enough friends for them to keep in touch, I really didn't want to lose them as a friend due to the distance.

I began to realize that I didnt know that much about them, apart from what had happened over the last few months. I realized that they flaked on most of our plans, even ones they made. I discovered that they would often take party drugs (which I have no problem with) but let everyone know but me. A lot of our conversations were one sided, and would need to be initiated by me. I hardly got texts back, but everything was fine when we would hang out. 

We only hung out together once without being invited as part of a bigger group. I found out that they were talking about the time I had a crush on them with the rest of the friendship group behind my back. I feel betrayed and like I've been made a fool of. 

With my condition, I NEED to trust that people say what they mean, I struggle to read between the lines.

So while I was thinking about all of this, I decided to blank them. I didn't want to say anything I would regret later, and there were feelings I wasn't use to dealing with. This lasted right through the time they moved away, I think the most I said was goodbye.

I decided to text them everything I was feeling in an objective way, hoping that I was being irrational and that they could say something to clear it ul, but I didn't get much from them.

Its been a few weeks since then, and Im still depressed over the whole thing. Judging from the last time we had a conversation over text, they wont lose much sleep over me leaving their life. Why should I?

TLDR: Good friend turns out to not be as good a friend as I thought, betrays my trust and makes a fool of me. So maybe I should just throw the whole thing away and forget about it.","YTA for texting them all your feelings, and all the things you heard 2nd hand when you were talking about him behind his back.  
 
He sounds like he's never been a good friend  and you're well rid of him.   
 
Next time you discover that someone is a shithead, mentally wash your hands of them and walk away.  Don't stir up drama by trying to force them to care.",1,YTA,0.0,0.0,0,"YTA for texting them all your feelings, and all the things you heard 2nd hand when you were talking about him behind his back.  
 
He sounds like he's never been a good friend  and you're well rid of him.   
 
Next time you discover that someone is a shithead, mentally wash your hands of them and walk away.  Don't stir up drama by trying to force them to care.",0,0.0,0.0
1844,"AITA for not wanting my boyfriend to take me for a day to Miami while we are on a family vacation to Orlando? I along with my family and boyfriend are and live in Lima, Peru. This situation regards me \[M-23\], my boyfriend \[M-23-5yr relationship\], and my family (mom, dad, younger sister).

My family recently owns a house in Orlando which we haven't seen before (only my parents).

As 2019 started to come to an end, my mother told me that she was planning a 10-day vacation to Orlando. My childhood was pretty much built there after all, and my parents found a nice deal for the international flight tickets.

As this decision was being made, Christmas was approaching and so I was thinking of what to gift my boyfriend. My family loves my boyfriend btw. Given that his birthday is in April, the trip itself is in March, and he loves to travel, I thought to join both Christmas and Birthday presents one and buy him a ticket to Orlando to come along with us. My parents were totally on board.

When I told him about the trip he went completely ecstatic. He loved it.

My parents started to plan things. However, things started to turn sour when my boyfriend suggested Miami. Here's the thing, his mother's friend (an aunt) lives there as well as a school friend of his. A couple of years ago we went to Miami and stayed at his aunt's house and had a day to visit that same friend of his. Now that we were going to Orlando, he thought it wouldn't hurt to rent a car for a day to go to Miami and back that very night. He says we can have a great time, visit them and maybe go to one of the malls there and just have a day.

I wasn't on board for the following:

* **It's supposed to be a family trip**
* I don't have the money to spend on renting a car for just a day
* Going from Orlando to Miami takes up 3:30 hours each way. I remember doing it once and swore never to do that again in my life.
* He offered to drive, but even then it seems like we'll barely have any time at all for everything he wants to do. These are two very different people he wants to meet with who are already quite apart from each other even in Miami as it is.
* It just seems like a waste of a day on this vacation that has been actually hard to achieve.

We had a big discussion. He threatened to go with or without me. I told my mother and she, who's never been mad with him before, was furious, she even went as far as saying ""maybe this should have stayed a family trip with just the four of us to begin with"".

He felt very entitled to the situation, after all, I **had** given him the plane ticket as a present, meaning that he could really do whatever he pleases if he really wanted to. I explained how this was a family trip and he was being included and it should be somewhat expected of him to go with us. This doesn't mean that we can't do what we want, just stay in the same city at least...

He agreed but was very mad about the whole situation. And so I told my friends and they told me he was being the asshole and he told his friends and, of course, I was the asshole on that situation.

So, what do you guys think?","I would think that after a 5 year relationship you would consider him part of the family. And if he is part of your family shouldnt all family members get to have a say in what happens on a family vacation? Plus 3.5 hours isnt that bad of a drive at all, a little music and some road games could be alot of fun. I have to say soft YTA because i don't think 1 day out of 10 is unreasonable.",1,YTA,0.0,0.0,0,"I would think that after a 5 year relationship you would consider him part of the family. And if he is part of your family shouldnt all family members get to have a say in what happens on a family vacation? Plus 3.5 hours isnt that bad of a drive at all, a little music and some road games could be alot of fun. I have to say soft YTA because i don't think 1 day out of 10 is unreasonable.",0,0.0,0.0
3508,"AITA for saying no to bringing dishes to Christmas dinner? I have two sisters. Every year we have Christmas Eve together with our families at Sister A’s home. The other two of us always offer to host, but Sister A insists she wants to as it’s easier for her with younger kids to not have to drive. Ok.
Tonight I get a text saying I’m expected to bring mashed potatoes, dressing and gravy. I refused. Offered to bring buns, salad and drinks instead. I’m cooking full dinner for my in-laws on Xmas day. Not doing it twice. Plus, when invited for dinner isn’t the host responsible? Those are kinda the key pieces of turkey dinner are they not?  The turkey itself is super simple.  Sister A now very ticked off.  Third sister by the way was asked to bring dessert. AITA?",YTA. It's customary for guests to supply sides while host usually does turkey and beverages.,1,YTA,0.0,0.0,1,YTA. It's customary for guests to supply sides while host usually does turkey and beverages.,1,0.0,0.0
2510,"WIBTA if I leave a mess in my hotel room? I've been staying in a hotel for about 3 weeks, and I bought a lot of clothes in this city, but I am leaving soon. I have too much stuff to take back now! Can I leave my stuff here and have the hotel deal with it? Also there are dishes and some takeout boxes.",YTA. At the very least put your takeaway boxes in the bin. The rest? Eh I don't know but I'm sure you could take a few minutes out of your schedule to find a charity shop to take them to.,1,YTA,0.0,0.0,1,YTA. At the very least put your takeaway boxes in the bin. The rest? Eh I don't know but I'm sure you could take a few minutes out of your schedule to find a charity shop to take them to.,1,0.0,0.0
3404,"AITA for completely cutting off my friend because he always wants updates on my life? Long story short. I know it’s a normal thing to ask what someone is up too, we’re all adults. But when it’s all the time? I have this friend that’s ALWAYS asking ",YTA. yes. how dare a friend show interest in your life. Thank god you are no friend of mine.,1,YTA,0.0,0.0,0,YTA. yes. how dare a friend show interest in your life. Thank god you are no friend of mine.,0,0.0,0.0
2393,"AITA for asking an older man to leave the skatepark my kids were at and then threating to call the police when he didn't? We are a military family and just arrived at our new duty station about a week ago. We chose the neighborhood specifically because of all the activities for kids (a huge centralized park with playgrounds, native desert, a swimming pool and a skatepark). 

My kids have always wanted to try skateboarding so after we got them all set up with the appropriate equipment, I took them over to the skatepark at the park. For the most part it was an ok experience, but I wasn't a fan of the language the teens and preteens were using but I figured that was their ""turf"" and the last thing I needed to do was start an issue with them. 

However, there was a much older man there, he just creeped me out. I'm not sure how to describe it. He had pads and a skateboard but he only rode it maybe once every 10 minutes. But something about his look just seemed off to me. He also reeked of marijuana smoke. Finally he actually ran into my son while they were at the bottom of one of the pools and I had enough because it seemed so deliberate. I first asked him if he had kids, he said something really creepy like ""these are all my kids."" I said maybe it's time he found a new hobby. He was so incoherent I don't know what he said next but it was something about his ""soul"" which really creeped me out. So I told him flat out I think it's time that he left. He said he was leaving anyways in 20 minutes since he had to work. I told him maybe he should just leave now. He said no. I said I was calling the police and finally he said that he didn't want any trouble and he'd leave. I told him if he didn't want trouble maybe he should chose age appropriate activities. What I hadn't noticed is that several of the teens were close by and when he left they said things like ""maybe your fat ass should be the one to leave!"" and b-word and c-word and on and on. I had also brought over a specialty concert chair to sit on and one of the kids had thrown it over the fence into the main park.  This truly scared my kids. I dialed 911 and we left the park. It took almost 4 hours for the police to come to our house and the officer said that in the future I should call them right away. 

however my husband is furious with me. He thinks that I've instantly made us a ""marked"" family in the neighborhood and maybe the older man really was there to enjoy himself. My point is my husband wasn't there and I tried to act on my own instincts and they telling me this older man was up to no good.","YTA. while I agree that dude did sound creepy, but Im in my 30s and just started rollerblading again. If a mom came up to me and told me to leave it tell her to go fuck herself.

I have as much right to use a public space as you and your brood.",1,YTA,0.0,0.0,0,"YTA. while I agree that dude did sound creepy, but Im in my 30s and just started rollerblading again. If a mom came up to me and told me to leave it tell her to go fuck herself.

I have as much right to use a public space as you and your brood.",0,0.0,0.0
767,"AITA for requesting 50% of locksmith cost to my roommate for locking me out of our apartment. Hi! This is what what happened.
I went to tossed the trash and left without keys and left the door unlocked (it takes about 5 minutes to walk to the dumpster and come back in a very safe part of town).
While I was on my way he decided to leave the apartment and of course locked the door. I understand that this is the normal. Once I got to my apartment, I tried calling him without any luck. I was outside for 3 hours and had to call a locksmith to be able to enter. The locksmith costed me $200. Am I the asshole for requesting half of the cost of the locksmith?
Thanks!",YTA How is any of this your roomates problem?,1,YTA,0.0,0.0,0,YTA How is any of this your roomates problem?,0,0.0,0.0
2966,"AITA for accepting a job and then backing out because I have to touch meat? I recently got a job at a Cineplex and I was genuinely really hyped cause the job seemed hella chill. I went through the intevriew process and everything and I kinda figured I was just gonna give popcorn or be giving tickets and telling them where the movie is. The manager never told me what positions we were working and gave an overview on the theater. 2 weeks later I get told I'm working at the restoplex where I have to work with meat and hot dogs and bacon sometimes and as a muslim I feel like I shouldnt really do that. I'm not really religious but just not eating outside meat since childhood made me feel icky near it and I never want to touch it or smell it. AITA for dipping the job for this reason? I kinda feel like an asshole but I havent really started the job yet they just sent the email stating the position. Regardless, I feel like this is a shitty reason.",YTA for not asking even once during the interview process what the job entailed.,1,YTA,0.0,0.0,0,YTA for not asking even once during the interview process what the job entailed.,0,0.0,0.0
1403,"AITA For moving garbage bins left out to block the owners driveway? Today on my morning walk, I rounded the corner and saw that someone hadn't stowed their bins after trash collection. As much as I dislike HOAs and suburban living, we have a nice neighborhood. In general people make an effort to keep up their property. I decided to rearrange their bins so they have to move them to get in their driveway. Pickup was yesterday, every other house has their cans stowed. This house in particular does this consistently.  I knew full well that I was being recorded by a ring dootbell. 0 fucks given. The owner of said bins posted a link to a video of some childish jackweed moving his bins on Nextdoor, the site for people with far too much time to bitch about local stuff. Replies came in. Some pointing out that no other bins are out. Some painting a larger criminal conspiracy (if the don't move again, nobody is home so let's rob them) some just saying it's petty. So, am I the asshole? I will post said video in a comment below.","YTA. You never know why someone hasn't been able to move their bins yet. The person could be out of town, sick, at work, and a million other reasons. It's funny you bitch about the people on that nextdoor app are just a bunch of folks with far too much time to bitch about stuff... If that's not the pot calling the kettle black idk what is. Super petty and immature.",1,YTA,0.0,0.0,0,"YTA. You never know why someone hasn't been able to move their bins yet. The person could be out of town, sick, at work, and a million other reasons. It's funny you bitch about the people on that nextdoor app are just a bunch of folks with far too much time to bitch about stuff... If that's not the pot calling the kettle black idk what is. Super petty and immature.",0,0.0,0.0
3267,"AITA for saying asexual people don't have to ""come out""? One of my coworkers came in today with a flag pin on her shirt. I asked about it at lunch since I didn't recognize the flag and she told me it was the asexual pride flag and she was wearing it in honor of pride month. I know the basics of asexuality (people who aren't sexually attracted to anyone), but I don't know a lot more about that. I asked her if asexuality is really considered part of the LGBT community since not being attracted to anyone isn't the same as being attracted to the same sex. She told me asexual people are definitely part of the community and while they don't face all the same struggles as other LGBT people, they still have to face discrimination and come out as well. I asked if coming out is really necessary since people generally don't care who is or isn't having sex and it's honestly kind of too much information. I really believe there's no reason for an asexual person to tell people who aren't their partners that they're asexual; it's a little weird going around telling people you don't want to have sex. She got annoyed at me and told me it's more complicated than that and she didn't want to get into it more, then she left to go back to her desk. My girlfriend said later that I was kind of a dick, but I don't think I did anything wrong just by asking a few questions. AITA?","YTA. ~~I don’t know my feelings as to whether or not they a a part of the LGBTQ+ community specifically~~, but asexual people often *do* have to come out. Sex is SUCH a huge part of society and culture and so on and it is incredibly difficult to insist that it isn’t your thing when everyone is shoving sex down your throat. Asexual people can also still be attracted to people of the same gender (minus sexual attraction), which in my opinion would undoubtedly make them a part of the community.

Either way, being asexual is tough. Maybe in different ways than being gay, but it’s fucking hard. Asexual pride makes perfect sense to me.

Edit: and it’s not only partners that asexuals have to come out to. Friends and family and doctors may also pressure asexuals about sex and sexual activity. And for those who are sex repulsed, that could be pretty damn unpleasant even more so.

Edit part 2: I personally feel asexuals belong in the community but there is a lot of disagreement about this",1,YTA,1.0,0.0,1,"YTA. ~~I don’t know my feelings as to whether or not they a a part of the LGBTQ+ community specifically~~, but asexual people often *do* have to come out. Sex is SUCH a huge part of society and culture and so on and it is incredibly difficult to insist that it isn’t your thing when everyone is shoving sex down your throat. Asexual people can also still be attracted to people of the same gender (minus sexual attraction), which in my opinion would undoubtedly make them a part of the community.

Either way, being asexual is tough. Maybe in different ways than being gay, but it’s fucking hard. Asexual pride makes perfect sense to me.

Edit: and it’s not only partners that asexuals have to come out to. Friends and family and doctors may also pressure asexuals about sex and sexual activity. And for those who are sex repulsed, that could be pretty damn unpleasant even more so.

Edit part 2: I personally feel asexuals belong in the community but there is a lot of disagreement about this",1,0.0,1.0
2205,"AITA for pulling out in front of somebody on purpose when they were obviously speeding? Right, so, this is going to be my first post here, despite leaving numerous comments, so, let's rock this.

Today, coming back from work, I pulled out in front of someone who was speeding, knowing that they would have to firmly apply the brakes.

Here's some context. There is an 4-way stop intersection in the town that I live in, which really should have a stoplight. The main road it intersects is a 35pmh zone that goes up to 45, and then 65 once you hit the highway. It's common for people to blow through at highway speeds. This is a huge issue with tourists, as this is a major tourist town that sees thousands of people passing through and visiting per day. Many wrecks happen here. I had just gotten out of the Maverick, (which is always busy, because it's on the highway and it's a Maverick) which is connected to the tie-in street of this intersection, and intended to cross the main road.

I sat there for a hot minute or two. Cars were starting to pile up behind me, because the road was busy and my work truck is all torque and gears with a grabby clutch, which makes it really hard to zip forward without outright whiplash-lugging the poor truck. Finally, there's a small break in left-side traffic and I look right. There's a car hauling some major ass towards the intersection, highway speeds--my guess is he was going 60 something. I could see the California plate on the front. It was another goddamn tourist blitzing through town.

So I went anyways. If he had been going the speed limit, or any reasonable speed, I would have had plenty of time to cross. He braked hard, flipped me the bird, and I kindly returned it and went on my way. I personally felt completely justified in my actions in the moment, but now I'm curious what you guys think.

Edit: Because I don't think I properly explained my head space. I didn't pull out in front of him *because* he was speeding. I did it because I needed to cross the road and I figured cutting off a guy doubling the speed limit would be fair game. I'm not trying to be Mad Max here. I just figured the two wrongs would neutral out.","YTA. You could have harmed yourself, the person you pulled this idiot move on and/or others around you. What the fuck were you thinking?",1,YTA,0.0,0.0,1,"YTA. You could have harmed yourself, the person you pulled this idiot move on and/or others around you. What the fuck were you thinking?",1,0.0,0.0
3976,"AITA for waiting for my girlfriend to text me, first? Before jumping to any conclusions, here’s the backstory and where I’m at:

We’ve been together for 4 great months. She’s a great girl and I’m so happy with her. But, one flaw: she never reaches out to me.

I call/text her everyday just saying hi and seeing how she’s doing. You know, “boyfriend”, type stuff. And it’s easy for me to do when I truly care for her. After 3+ months I started getting annoyed. Realized she has never called me ONCE. I repeat, NOT ONCE. I know she really cares for me and wants to talk to me, so it baffles my mind why she won’t reach out. So, I started waiting to text her - i went crazy. I felt this unspoken tension the whole day and i knew she was waiting to hear from me. She eventually texted me, late at night (midnight) just saying goodnight and she hopes everything is okay. I said goodnight and said everything was good. Come the next day, no message until late, again. I opened up and told her how I feel like I’m the one reaching out all the time and I get no initiation from her. I told her I just want to feel more, “wanted”, and a simple text/call during the day could do all that and more. When I told her all of this, she replied:

“Hey, sorry if I dont text/ call you enough. I’ve never been good with that stuff but I’m going to try and work on it 🙂 I appreciate you always making an effort to talk to me. It’s dumb but I always think “I’ll just let him call me when it’s convenient for him so I know I’m not bothering/interrupting him” I know I can always talk to you if theres an issue and trust me, I had every intention on talking to you about whatever was going on at some point today. I want you to know you can do the same with me!! Even though it was only 1 day it was so not like us not to speak so my mind was racing automatically thinking the worst (typical me) and so I made myself so upset/sick over the fact that something was possibly not right. Sorry if any of this sounds dramatic but its 100% the truth. I just care about you A LOT and I want you to know! With all that being said, no need to not talk to me until I talk you anymore, I get it now and will make more of an effort 🙂”

I felt great reading that. So relieved. But, 2 days have passed and she hasn’t reached out all day. Of course, I could reach out to her. The phone works both way, I know that! But, I want to see if she really meant what she said.

Side note: She’s a quiet girl. An absolute DIME, but very to herself. So much so that this girl is a 10/10 but I’m her FIRST boyfriend at 21 years old. Maybe she’s new to the whole relationship thing? But, still. She acknowledged it and said she’d change. But, seemingly hasn’t.

Am I the asshole for playing this petty game and not reaching out?

Thanks, everyone.",YTA for playing games. Learn to communicate. ,1,YTA,0.0,0.0,0,YTA for playing games. Learn to communicate. ,0,0.0,0.0
3705,"AITA for gloating about my low insurance premiums and showing no sympathy for smokers? My job announced a new program for health insurance. They're taking a swab sample from the mouth of each employee to screen for smoking, vaping and tobacco use. If you smoke or refuse the screen, your premiums are WAY higher (like 3x the amount), for all non-smokers like me, they go way down and are actually pretty cheap! Also they announced as of 2020 to get lower premiums smoking will be banned on ALL company property, meaning no more quick smoke breaks outside, they'll have to walk past the parking lot to the sidewalk. Oh and I live in an area where January temperatures are regularly below 0F BEFORE windchill.

I don't see a problem with this. It'll accomplish its goal which is making it a nightmare to smoke and thus get people to quit. Especially as the company provides smoking cessation programs for free anyway! So I was talking in the break room to my fellow non-smoker friend about how great it'll be to have our premiums go down so much. Some other girl overheard us and started complaining about how much her premiums would increase especially as she has her kids on her plan and that we were being jerks and how much of a nightmare it'd be to have to walk so far out in the cold on smoke breaks. I said basically ""so then quit, that's the point of this."" She didn't take that well.

Honestly as smoking is a choice and a very very bad one I'm not too bothered by such ""discrimination"" and the company is just doing what it can to make most employees' premiums cheaper and keep the workforce healthy. So I really can't feel sorry for smokers at all. Am I being an asshole?","You had me thinking you were in the right here until I read it all out. You are coming off as severely holier than thou and honestly kind of like a jerk. Your line of thinking is right but the way you come across is really mean. 
I’m a non smoker and I love what your company is doing, but you won’t hear me digging into a struggling mother because she’s not entirely perfect. 
YTA for being a dick about it, but congrats on your cheap premium.",1,YTA,0.0,0.0,0,"You had me thinking you were in the right here until I read it all out. You are coming off as severely holier than thou and honestly kind of like a jerk. Your line of thinking is right but the way you come across is really mean. 
I’m a non smoker and I love what your company is doing, but you won’t hear me digging into a struggling mother because she’s not entirely perfect. 
YTA for being a dick about it, but congrats on your cheap premium.",0,0.0,0.0
2010,"WIBTA if I sent my friend $400 for a plane ticket to come see me My friend does not make as much money as I do, and they live about 2,000 miles away. I am willing and able to pay for a plane ticket for them to come see me. I’ve paid to go see them and visit their area before. I feel like it’s no big deal for me to spend the money for my friend to have a mini vacation near me, but they view it as pride lost to accept the cash.  Would I be the asshole if I just Venmoed them the money?","Your intentions are good, but people have to be willing to accept gifts, and it’s a lot of pressure to just receive money. 

I’m gonna go NAH. You offered, you can remind them the offer is still there if they want it, but you have to accept their decision even if it makes no sense to you.",1,YTA,1.0,1.0,1,"Your intentions are good, but people have to be willing to accept gifts, and it’s a lot of pressure to just receive money. 

I’m gonna go NAH. You offered, you can remind them the offer is still there if they want it, but you have to accept their decision even if it makes no sense to you.",1,1.0,1.0
3043,"AITA for not participating in my husbands family’s white elephant? I’ve been with my husband for 4 years. His family has always done white elephant. I’ve participated and it’s been fun. 

However, this year I wanted to stop giving to other who can give to themselves. I adopted a family for Christmas and will be putting all my holiday money into that family in need. 

My SIL is a planner and loves to plan everything. She is the matriarch of the family. When I told her what my plan is, she told me I am alienating myself from the family and that I do not have a choice.

Side note: I’m not getting gifts for anyone in my family. No one. I’m dedicating all my funds to my adopted family. 

AITA because I won’t participate?

Edit was for misspelling and such.

Add-on:
So it seems pretty prevalent that IATA. Fine. How come I can’t tell a story with the genuine question of AITA, instead of being told I am being self-righteous, making a grandstand, it wanting to show others what i am doing for charity. Is it really hard to believe that this was not my intention at all and I would just like some people on my side?

Opinion: some people have quoted the rules in this post. But rule #1 said to not be cruel and no personal attacks. However, a lot have resorted to this. I’m not arguing my side, just that people are telling me I’m something when I am not and I am trying to get clarity.","I know you're trying to be virtuous, but YTA.

You don't have to spend a lot on a white elephant gift.  But buying *something* allows you to participate in a social game.  Not participating pulls you out of the group.

There are lots of ways you can give to charity that don't make Christmas awkward for other people.",1,YTA,0.0,0.0,0,"I know you're trying to be virtuous, but YTA.

You don't have to spend a lot on a white elephant gift.  But buying *something* allows you to participate in a social game.  Not participating pulls you out of the group.

There are lots of ways you can give to charity that don't make Christmas awkward for other people.",0,0.0,0.0
222,"AITA for telling a candidate that they were a shoo-in for a position and then ghosting them? I work as a recruiter for a large magazine. We desperately needed to fill two customer service  positions, I ended up setting up 5 potential candidates who were all interviewed individually. The first three interviewed on Monday and one candidate stood out (""Jack""). The managers told me to tentatively let Jack know that he was going to be offered one of the two positions. They wanted to lock that one down. I told him this after he sent me a follow-up email.  

They interviewed the remaining two on Tuesday. All of a sudden, they changed their minds and said they made their final choices and they wanted the last two. I asked about Jack and they told me that he was never formally offered anything. He went from Choice 1 to Choice 3 after everyone was interviewed. If Choice 1 or 2 declined, then he would be an alternate.

I called Choice 1 and Choice 2 and they accepted the offer yesterday. I told the managers that they put me in a bind by telling Jack he was going to be offered a position and they retorted that the offer was tentative. I began to understand what they meant - tell people they are their first choice, until or unless someone better comes along. I explained that's not how it works.

I thought long and hard about it and decided to just ghost Jack. I did tell him that everything will be finalized by Friday so hopefully he can put 2 and 2 together and realized something changed and he's not going to get an offer. I don't want to call or email him because he'll ask what happened to the pending offer and have to go through everything.","YTA  


It's getting disgustingly common for recruiters and interviewers to lull people into false senses of confidence as shoe-ins and then proceeding to ghost them.    


You hope he will put 2 and 2 together and 'figure it out'?   Wow, you are a coward, and completely unprofessional.  All you have to do is call him and tell him the company decided to proceed with someone else.  That's it.  It's easy.  Grow up, or get a job that doesn't require human decency.",1,YTA,0.0,0.0,ERROR,"YTA  


It's getting disgustingly common for recruiters and interviewers to lull people into false senses of confidence as shoe-ins and then proceeding to ghost them.    


You hope he will put 2 and 2 together and 'figure it out'?   Wow, you are a coward, and completely unprofessional.  All you have to do is call him and tell him the company decided to proceed with someone else.  That's it.  It's easy.  Grow up, or get a job that doesn't require human decency.",ERROR,0.0,0.0
2999,"AITA for laughing at my sisters nacho cheese fetish? My sister told me she has a nacho cheese fetish and she needs help addressing it to her boyfriend and needs older sister advice. Thinking this is a joke I laugh my ass off and she gets upset saying it’s not funny and I’m the only person she can trust. I still laugh thinking it’s a joke and she gets pissed and leaves. I look it up and I found videos on pornhub of people eating nacho cheese. She comes up to me and I know she’s serious but the idea of this keepdbmsking me laugh, like how can you take this fetish seriously. I get myself together and I try to help her and I stopped laughing but she doesn’t care and she thinks I’m belittling her and such. I told her that her fetishized isn’t normal and going to make people laugh and she should get used to it.","YTA. Bigtime. She legit needs big sister advice and you just laugh in her face? Not cool. Everyone likes different things, just because you're uncomfortable with it doesn't give you the right to be a dick. She needs her big sister and you should be there for her.",1,YTA,0.0,0.0,1,"YTA. Bigtime. She legit needs big sister advice and you just laugh in her face? Not cool. Everyone likes different things, just because you're uncomfortable with it doesn't give you the right to be a dick. She needs her big sister and you should be there for her.",1,0.0,0.0
2922,"AITA for forcing my daughter to fail a class and lose educational opportunities? This is possibly the hardest decision I've had to make as a parent. My daughter is in 8th grade. I'm a single parent, no other parent in the picture. My mother, who lives across the country, is very ill and go home to care for her and make final arrangements. I'll have to be there for about two months and I have to obviously bring my daughter with me.

I can't homeschool with this small of a gap. I've managed to negotiate with the rest of her subjects to get work to bring with us, but one subject is posing an issue: science. We'll be gone for the entire length of the school's science fair. It's not possible to just do a project from home, and completing a project in the fair is approximately 50% of the science grade. Going on this trip means that she WILL fail science. 

She's an A/B student, and was looking forward to a specific high school program that would let her graduate with an associate's degree and take special classes. The teacher can't do more than bump her grade to a D without the fair, which means that her grades won't be good enough for the high school program she really wants to do, but she won't be at risk of repeating a grade.

I feel sick about this but I don't really have a choice. I don't have friends that could just take her for that long. I can't homeschool. All I was able to really negotiate is to not have her at risk of repeating a grade. She's a good student, and she's going to be denied her goals solely because of me and family obligations.

Edit: THERE ARE NO HOST FAMILY OPTIONS. NONE.","YTA if you make her fail science. There IS a way to make this work, and you can fight for it. If the teacher won’t work with you, contact the principal. if they won’t work with you, go to the school board. Reasonable accomodations have to be made in the event of an emergency or any other extenuating life circumstances. Do everything you can and don’t think it’s impossible",1,YTA,0.0,0.0,1,"YTA if you make her fail science. There IS a way to make this work, and you can fight for it. If the teacher won’t work with you, contact the principal. if they won’t work with you, go to the school board. Reasonable accomodations have to be made in the event of an emergency or any other extenuating life circumstances. Do everything you can and don’t think it’s impossible",1,0.0,0.0
819,"AITA for implying that my SO has gotten fat? So my significant other and I have been together for 5 1/2 years and have 2 children together. We have not had the greatest relationship, with lots of stressors, bad luck and hard times the last three years in particular. We have both gained weight, each about 40-50 lbs, over the last year and a half or so. When I finally weighed myself for the first time in forever about a month ago I was disgusted with myself and started making changes to lead a healthier life including jogging in the mornings, cutting out fast food, eating more fruits and veggies, etc. My SO recently said seeing me going out and jogging has made him feel motivated to start running too as he frequently makes comments lamenting his own weight gain (“I’m fat” or “oh I’m getting fat”) in a self-pitying type of way. However he has this pattern of feeling pumped to workout for like a week and then gives up and stops, and I have yet to see him make any dietary changes. 

That brings us to tonight. While eating dinner, our 4 year old asked for more of the cheesy potato casserole we had to which I told her she needed to eat more chicken before getting more. SO hears us and says “oh it’s all gone.” After I had gotten food for myself and our girls there was still about half of the casserole dish worth of food left and he apparently took it and ate it all, not eating any of the veggies that we also had with dinner. I felt really frustrated with him because this is a common occurrence and as he walked away I said “and you wonder why you are fat.” Now I know what I said was more out of anger and frustration at the moment and I have said the same thing on other occasions when he has done something similar and complains about his weight but I also recognize that he has gained weight and has become less attractive to me as a result and he makes very little effort to change that. AITA for (not so subtly) bringing up the fact that he has gained weight like that?

Edit: I checked in with him after reading most replies. I had already apologized for hurting his feelings via text but wanted to talk to him face to face. I asked him how I could better motivate him (to which he didn’t really have an answer other than continuing to work on my own health) and we talked a bit more about the whole thing. We both have a pretty good sense of humor (shocking, I know) and we do like to joke around and poke fun at each other so even though what I said to him today was more out of frustration, our jabs at each other like that are usually more lighthearted and meant to be funny, not hurtful.",YTA.  That's not a healthy or productive way of discussing his weight gain.,1,YTA,0.0,0.0,1,YTA.  That's not a healthy or productive way of discussing his weight gain.,1,0.0,0.0
2804,"AITA for leaving my friend when we made plans? Ok so backstory, I only have 1friend, very popular. We are both in the same high school but she lives far from the school and I don't so she takes the bus and I walk. Sometimes she invites me over to her place and today was one of those days
  We left the school while talking to this other girl (also popular) I am back a bit, but still a part of the convo. Another girl tags along, and they stop to talk, as do I. More and more people were tagging on and I was being more and more ignored, since I knew like 4 people there. At like the 15 minute mark there are 12 people on this street corner, eating some McDonald's and laughing. I am off to the side waiting. I decide to leave and so I walk home. I am like 4 streets away, almost home when friend calls me asking why I'm not at the bus stop, I say I'm home and she says ""super"" And hangs up. I come home and write a Reddit post about it. 
    I'm not a native speaker so sorry for mistakes. ","YTA.

If you were uncomfortable and wanted to leave should have let your friend know (at least in a ""I'm just gonna go home"" or something like that).

If you made plans and bailed on her without telling her anything, you were kind of an asshole.",1,YTA,0.0,0.0,1,"YTA.

If you were uncomfortable and wanted to leave should have let your friend know (at least in a ""I'm just gonna go home"" or something like that).

If you made plans and bailed on her without telling her anything, you were kind of an asshole.",1,0.0,0.0
2140,"WIBTAH If I told my sister in law that my brother might be having an affair I think but do not know that my brother (who is also my coworker) is having an affair with someone else on our team.  Long story short, they are overly flirtatious and it seems like they have arranged a time for them to hook up, and I feel it is inappropriate and wrong for them to have this type of relationship.  Would I be the asshole for telling my sister-in-law that this might be going on, when I do not know for sure?",YWBTA IF you don't go to him first and ask what the heck is up,1,YTA,0.0,0.0,1,YWBTA IF you don't go to him first and ask what the heck is up,1,0.0,0.0
1557,"WIBTA if I told my office mate to find a way to get accustomed to my keyboard? I have an officemate. She's a total sweetheart. I have a brown switch mechanical keyboard; I got it for the purpose of having the tactile feedback but not clicking like the blue switch; I basically got it because it's the quiet version and specifically to not disturb my officemates. However, she's the only officemate I've ever had to complain about my keyboard's sounds. WIBTA if I told her to find a way to cope with it? Because she's the only person I've ever met who has ever had a problem with my keyboard. I don't mind switching keyboards, but I feel like I shouldn't have to bend over backwards to accommodate one person. At the same time, I don't want to be the reason she has to work elsewhere.

Edit: My keyboard doesn't actually click. Her complaint is not of clicking (or lack thereof), but that she can hear me type--i.e. bottom out my keys.","YWBTA, I love those, I really do, but in a quiet office setting?  

&#x200B;

CLACK CLACK CLACK CLACK CLACK CLACK CLACK CLACK CLACK CLACK CLACK CLACK CLACK  CLACK CLACK CLACK CLACK",1,YTA,0.0,0.0,1,"YWBTA, I love those, I really do, but in a quiet office setting?  

&#x200B;

CLACK CLACK CLACK CLACK CLACK CLACK CLACK CLACK CLACK CLACK CLACK CLACK CLACK  CLACK CLACK CLACK CLACK",1,0.0,0.0
683,"AITA for staying seated at a table long after we were done eating? New to Reddit, my husband thought this was hilarious and informed me about this subreddit. My girlfriends and I had a little bit of a reunion at a little neighborhood restaurant. We were in at about 3 pm, and had lots of happy hour drinks and snacks as well as entrees, by which I mean we had a pretty large meal. When we paid for our meal, we still had a lot of wine left to drink and our waitress graciously told us to stay as long as we’d like. Long story short, we lost track of time as the afternoon went by, and at around 6 when it started getting busy for dinner I noticed the host who had just come in for dinner shift giving us looks every now and then. Nothing mean, just constantly looking over. After a little while, a new server, not ours, asks us if we’d like anything else. We said no and passed along our signed checks,  she took them awkwardly and walked away. Then, the manager comes to us and asks us if we’d mind giving up our table for a new party that had been waiting for a window seat. The restaurant was fairly busy but there were plenty of tables! Most of them even have booth seats on one side. The only reason we were asked to move was because we happened to be by a window. We left, but I feel it was very rude to ask a customer to leave a table... regardless, are we assholes for staying at a table even though we spent a lot of money? I’m tempted to write a bad yelp review but don’t know how ridiculous it’d be

For clarity, it was only 4 of us","YTA, not for staying exactly, but for thinking them politely asking you to leave after a period of time so they can accommodate other guests is unreasonable. They seemed more than accommodating for how long you stayed. They wanted to please other people just like they wanted to please you by letting you stay. I'm not sure what booths at other tables have to do with anything. I prefer tables to booths",1,YTA,0.0,0.0,1,"YTA, not for staying exactly, but for thinking them politely asking you to leave after a period of time so they can accommodate other guests is unreasonable. They seemed more than accommodating for how long you stayed. They wanted to please other people just like they wanted to please you by letting you stay. I'm not sure what booths at other tables have to do with anything. I prefer tables to booths",1,0.0,0.0
3271,"AITA for thinking my roommate is faking/milking his injury? So 5 years ago my roommate got hit by a snow plow and tore his labrum in his shoulder. He just had surgery on it this past September, and has been doing PT. 

I'm glad he's on the right path to recovery after so many runarounds with different doctors, but he still isnt doing chores claiming it hurts his shoulder, ie doing the dishes or using a vacuum. 

It's been almost 3 months, i feel like the muscle itself should be fully healed and PT should have him strong enough to pick up some dirty dishes...

AITA?

EDIT: He told me he's worked up to lifting 40lb dumbbells in PT","YTA.

A serious muscle injury will take a lot longer to heal than a broken bone. The muscle cannot be immobilised for a length of time like a bone can. 

Doing a simple chore like washing some dishes can very easily aggravate the injury, and cause the muscle to swell, resulting in pain. 

I have a muscle injury - my lower back on the left side. It’s been two and a half years and I’m only about half way through a recovery. 

Your roommates injury will heal, but it will likely take a lot longer than three months. I’d expect a full recovery in around 12 months. 

If he’s able to do a chore with one hand, then he can do that. He can put clothes into the washing machine and turn it on. He can take the clothes out and put them in the dryer.
He can scrub the toilet bowl with one arm, and he can put away dishes with one arm. 

But don’t push him to do chores that in all likelihood will just aggravate his injury and cause him pain.

Edit: According to what I’ve read, it will take up to six weeks for the labrum to reattach itself to the bone, and another six weeks to strengthen. After that, you have to be very careful not to stress the injury - being so recently healed means there’s a higher risk of reinjury.",1,YTA,1.0,0.0,1,"YTA.

A serious muscle injury will take a lot longer to heal than a broken bone. The muscle cannot be immobilised for a length of time like a bone can. 

Doing a simple chore like washing some dishes can very easily aggravate the injury, and cause the muscle to swell, resulting in pain. 

I have a muscle injury - my lower back on the left side. It’s been two and a half years and I’m only about half way through a recovery. 

Your roommates injury will heal, but it will likely take a lot longer than three months. I’d expect a full recovery in around 12 months. 

If he’s able to do a chore with one hand, then he can do that. He can put clothes into the washing machine and turn it on. He can take the clothes out and put them in the dryer.
He can scrub the toilet bowl with one arm, and he can put away dishes with one arm. 

But don’t push him to do chores that in all likelihood will just aggravate his injury and cause him pain.

Edit: According to what I’ve read, it will take up to six weeks for the labrum to reattach itself to the bone, and another six weeks to strengthen. After that, you have to be very careful not to stress the injury - being so recently healed means there’s a higher risk of reinjury.",1,0.0,1.0
1613,"WIBTA if I bought a present that my cousin wants but her mother doesn't? Hello,

so my cousin (turning 8 in a month) is crazy about Slime. Slime is a toy that is.. Slime. That's about it. Whenever anyone asks what she wants for birthday or Christmas, she will list out all kinds of Slimes with scents and colours. Any other toy she will just throw into pile of toys that she has. Afaik, they didn't have any slime damges in the house except one time where she got it in her hair and while mom was sleeping she cut that bunch of hair away. However, her mom always rolls eyes when slime is mentioned, and actively express how she is disgusted by Slime. I asked around, but people seem to have mixed opinion about this.

&#x200B;

TL;DR: Cousin (8) wants Slime for birthday, while her mother actively express that she doesn't want Slime in the house. WIBTA If I gifted cousin what she wants, it's her birthday after all?","YTA - If the mother doesn’t want x, don’t give them x.",1,YTA,0.0,0.0,1,"YTA - If the mother doesn’t want x, don’t give them x.",1,0.0,0.0
780,"AITA for wanting to confront an aquaintance about her companies use of child labour/poor environmental stance at a work function? This may not suit this sub as it hasn't happened yet sorry if so.

I will be attending my SOs workplace award night, one of the other wives is head of one of the major ""fast fashion"" (cheap clothing with new styles hitting the store every week) womens clothing chains in Australia. 

I guess I'll factor her personality in to this; She is absolutely dripping in money and she unashamedly brags about 6 star holidays her and her toy boy take every few months. She also brags about the $2,000 bottles of tequila she loves *""and I drink allllloottttt of that tequillllaaaaaa!""*. So she likes to brag and remind you how poor you are. Shes horrid tbh.

I have found out this company is manufactured in a province of China that uses child labour. Ive also found out they have a poor environmental record. I feel like I should say something as these are things I find abhorrent.

Should I mention this in conversation at this event? (which will be the only time I see her until the next Christmas party.)

So will I be the asshole for doing this?
Should I confront her?","YTA.  The event is about your wife and her workplace.  Your social justice is inappropriate here.  This woman sounds obnoxious, but don't risk your wife's reputation.  Do not mention this.  Do not confront her.",1,YTA,0.0,0.0,1,"YTA.  The event is about your wife and her workplace.  Your social justice is inappropriate here.  This woman sounds obnoxious, but don't risk your wife's reputation.  Do not mention this.  Do not confront her.",1,0.0,0.0
3649,"AITA for recommending that my friend not date someone who is bisexual? My friend (who is male and straight) is interested in a woman who is bisexual. They’ve been talking recently, and he wants to ask her out. I advised him that I thought it was a bad idea for him to date her because: 1. she has said she prefers women and 2. bisexual people often go through cycles of being attracted to one sex and not the other, so if they became a couple, there would likely be times when she is not attracted to him and interested in women. When asking another friend for advice about the situation, he mentioned what I said resulting in our mutual friend calling me a variety of things. Was what I said hurtful?",YTA. Bisexuality isn't a menstrual period cycle -- attraction doesn't wax and wane between genders. Good grief leave the sex policing to no one and keep your nose out of other people's love lives.,1,YTA,0.0,0.0,0,YTA. Bisexuality isn't a menstrual period cycle -- attraction doesn't wax and wane between genders. Good grief leave the sex policing to no one and keep your nose out of other people's love lives.,0,0.0,0.0
151,"WIBTA if I lie to people and say I'm infertile? So I'm a (27F) recently married woman, and so, while it doesn't happen too often, I get the ""so when are you having children?"" question.

I think asking this of a woman is incredibly rude; there are a few people in my life who have struggled with fertility issues, and imagine being devastated that you can't have your own child only to be reminded by friends, family and strangers every time they ask ""when"" you're having kids.

I don't want kids. My husband knows this and accepts it, I've mentioned it to our parents on multiple occasions, most of my friends have known since high school. I won't get permanent contraception until I'm older, as I know there is a chance I will change my mind, but it hasn't happened yet and odds are it won't.

But any time people ask when we're having kids (sometimes I interrupt and say 'actually you should't ask that, maybe start with ""would you like to"" instead of ""when""', but often it catches me off-guard or they don't ask directly and just talk about my future children to me?), and I tell them ""hopefully never"", I get the standard ""ohhh you'll change your mind"" and ""it'll be different when you have your own children"".

I've never lied to anyone in response to this question, but I would really really like to. I think the whole assumption is disgusting, and rude as hell. And every time, I am tempted to blurt out ""actually I can't have kids, thanks for reminding me"" to shock them into realising how inappropriate it is.

But this would make me feel awful for people who really do suffer from this issue, for making light of it and using it just to avoid a conversation.

I don't think I ever would do it, but I am tempted so often. The people I would use this response to would be incidental acquaintances, maybe even extended family who I don't see often, and only if they ask in a particularly brash or presumptive way that irks me.Immediate family of course deserve the truth about my health from me, even if they refuse to believe I don't want children.

WIBTA?

INFO: I have a friend who had to have her tubes removed, and I asked her once WIBTA if I did this? She never wanted kids either, but it was still a difficult time for her. When people ask her when she's having kids, she tells them straight that she can't. She gave me the go ahead.  


I am a carrier for a degenerative condition, and there is a chance (we won't know for sure unless I have further tests) I could pass it down to any children I have. Sometimes I follow up with this information when people try to insist I will want kids, but instead of backing off, people offer up suggestions for procedures and things to avoid passing it on, so I usually don't mention it.

I have never tested my fertility, but have no reason to believe I would struggle to conceive.

Thanks for any comments, I am really interested to see how people would feel about this.I don't think I would ever do it regardless, but would just like to gauge how much of TA it would make me if I do snap one day and say it.

EDIT: Thanks everyone! I really appreciate the candour. I get quite frustrated sometimes but that is no excuse to throw decency and respect out the window.I think my new response will be ""I won't be having children"" as it sounds a bit more concrete than ""I don't want kids"", and I will make sure to firmly tell people that I think their questions and remarks are inappropriate.","YWBTA. I'm actually infertile. It was not a choice. It has been and is a horrific struggle, followed by a great deal of grief--actual grief--for myself, my husband, and our families. My \*medical problems\* are not a cute hat for you to put on in order to get out of standing up for yourself and owning your life choices. You are childfree. Your friend is childfree. You are NOT infertile. Would you lie and say you had a different medical problem you don't have? If you wouldn't, don't borrow mine.

If I knew you and you told me you were infertile, I'd do everything I could to help you feel loved and perfect exactly as you are. The world is, frankly, pretty nasty to us. They mock us, feel superior to us. Blame us for our infertility. Act like if we just tried harder, we'd magically get pregnant. It's really freaking hard to--it's just hard. Every day. I'd do my damndest to make sure you knew I'd be there for you to listen and comfort you. If I found out afterward you were lying about the whole damn thing? I'd think you were a sociopath. Because I actually \*KNOW\* what you're lying about.

Lots of people are gonna call you NTA. I may be downvoted into oblivion. I don't always respond to these threads, because lots of times when I do, I get called ""barren bitch"" and shit on in DMs. Sometimes, i just don't have the strength. But the above is the God's honest truth. Why do so many people think it's A-OK to lie about a medical problem if it's infertility? You have made a positive choice in your life to live a certain way. Own it and be proud. You get to choose your fate. Be grateful.",1,YTA,0.0,0.0,0,"YWBTA. I'm actually infertile. It was not a choice. It has been and is a horrific struggle, followed by a great deal of grief--actual grief--for myself, my husband, and our families. My \*medical problems\* are not a cute hat for you to put on in order to get out of standing up for yourself and owning your life choices. You are childfree. Your friend is childfree. You are NOT infertile. Would you lie and say you had a different medical problem you don't have? If you wouldn't, don't borrow mine.

If I knew you and you told me you were infertile, I'd do everything I could to help you feel loved and perfect exactly as you are. The world is, frankly, pretty nasty to us. They mock us, feel superior to us. Blame us for our infertility. Act like if we just tried harder, we'd magically get pregnant. It's really freaking hard to--it's just hard. Every day. I'd do my damndest to make sure you knew I'd be there for you to listen and comfort you. If I found out afterward you were lying about the whole damn thing? I'd think you were a sociopath. Because I actually \*KNOW\* what you're lying about.

Lots of people are gonna call you NTA. I may be downvoted into oblivion. I don't always respond to these threads, because lots of times when I do, I get called ""barren bitch"" and shit on in DMs. Sometimes, i just don't have the strength. But the above is the God's honest truth. Why do so many people think it's A-OK to lie about a medical problem if it's infertility? You have made a positive choice in your life to live a certain way. Own it and be proud. You get to choose your fate. Be grateful.",0,0.0,0.0
1758,"AITA for going to a party when my friends didn’t want my girlfriend to come? For NYE I went to a friends house for a party with three of my friends. They didn’t want my girlfriend to come. Was I an asshole for going? I haven’t seen these friends in months, so I wanted to reconnect with them, but my then-girlfriend got pissed at me for going and broke up with me so I’m wondering if I’m an asshole here.

Edit: the party was two dudes (one being me) and two girls. But there’s absolutely nothing between me and the girls there, so that shouldn’t have been an issue.","INFO -> Edit: YTA. There doesn't seem to be any reason this girlfriend couldnt have just come. You're allowed to have plans without your girl, but ditching your SO on New Years is shitty. There is 0 reason she couldnt come along other then his friends wanted it to be a boys night. NYE is not a boys night. 

• Did she know this was the case in advance?

•Why didnt they want her to go?

•Do your friends know her?

•how long have you been dating?

There needs to be WAY more info",1,YTA,0.0,0.0,1,"INFO -> Edit: YTA. There doesn't seem to be any reason this girlfriend couldnt have just come. You're allowed to have plans without your girl, but ditching your SO on New Years is shitty. There is 0 reason she couldnt come along other then his friends wanted it to be a boys night. NYE is not a boys night. 

• Did she know this was the case in advance?

•Why didnt they want her to go?

•Do your friends know her?

•how long have you been dating?

There needs to be WAY more info",1,0.0,0.0
2984,"AITA for not telling my housemate that one of my friend has pissed on her bed? Top 


So... we had a NYE party at our house with my long time friends. People attending to the party were also my housemate’s friends since we went to the same high school. 

My housemate (I’ll call her Sera from now on.) went back to his hometown so she was missing the party. People came, drinks were drank and people were drunk. Still everyone is in the living room and it’s not a whole house situation. Time gets and late and people are getting sleepy. The sleeping arrangement is three people on my bed, three people on Sera’s bed and another three at the couch. 

The pissy guy (Tyler) decided to sleep. Went to Sera’s room and falled asleep. Time passes by and another friend of mine that is going to sleep next to him decides to sleep aswell. He goes to the room, comes right back and tells with a shocked face “Tyler is pissing to bed.” Me thinking I would find a guy pissing on his sleep, instead I see a guy standing, dick pulled out, fully(?) awake guy.

We all rushed to the room, shaked him told him to go to the WC and he decides kitchen is the WC. We all go there aswell tell him to come back to his senses he insists he is already at the toilet and shows the bin trying to prove he is there. 

Anyways he goes back to his place we gather around the bed brainstorming about what to do, we pour flour and baking soda to the filthy places of the bed. Since we were also half drunk not realizing the side of the bed also was pissy so we pour it and go back to sleep. After we wake up we check it and the bed has turned yellow on the places he pissed. We vacuum the flour and baking soda and to our chance most of the yellow comes off with them but the sides are still yellow.

Let’s come to the AITA part. I don’t plan on telling my friend about the incident because it might cayse her to get mad (rightfully) and cause her to to ask me not to call my friends again. There’s not much marks left on the bed itself and I already washed the sheets. Still, there are yellow marks on the side and if we flip the bed I don’t think she would notice them. Also after the night Tyler apologized and said he can cover the costs of professional bed cleaning but the cost of it is roughly the same with a new bed therefore I don’t want him to pay that much. So if I don’t tell her what happened would I be the A?","Nobody is that dense, are they? YTA. Massively. Sera doesn’t deserve to sleep in a pissy bed. Tyler should at least pay for a professional cleaning. But if you don’t want him to pay that much, why don’t you offer to pay? Come on now.",1,YTA,,0.0,1,"Nobody is that dense, are they? YTA. Massively. Sera doesn’t deserve to sleep in a pissy bed. Tyler should at least pay for a professional cleaning. But if you don’t want him to pay that much, why don’t you offer to pay? Come on now.",1,0.0,
3128,"AITA for calling my SO selfish? We recently found out that I needed to relocate for work but it won’t be until early May. She just recently got hired at a doctors office that required her to have no prior experience doing whatever they were doing there. She told me she was going to quit as soon as i told her. Anyways I told her don’t quit until two weeks before we leave so we can have extra money for moving expenses and she could gain the experience so it would be easier for her to find a job like that again. She replied with “I’ll just quit now so I don’t get attached to them and won’t hate leaving them.” I was really shocked and a little upset that she said that. So I said “That’s completely selfish and ridiculous of you. It makes no sense at all.” She started crying and left the house and hasn’t been back for a couple hours. 

Edit: Moved and reworded the sentence that I feel some got confused about. ",[deleted],1,YTA,0.0,,1,[deleted],1,,0.0
3395,"WIBTA if I rehomed my mother's cat? My (33f) mother (63f) has 3 cats, all about 10 years old.  Originally, 1 was my sister's (30f) and 2 were mine.   As a result of my and my sister's life changes, the cats now live with our mother.  She loves them, has claimed them as her own, and has made it clear that we aren't getting any cats back.  That is fine with both my sister and me - we are grateful for her taking the cats when we couldn't and we still get to see them when we visit. 

However, the cats do not get along.  They generally ignore/tolerate each other, but have little growling, clawing spats on a daily basis.  My mother all too often gets in the middle and gets hurt.  One cat (one of my former cats) is particularly prone to scratching and biting, not just when provoked by the other cats.  If you pet her wrong or just get in her way you're liable to get nipped. 

It's been twice now that the cat has bit my mom really bad - deep puncture marks in her arm.  The critical detail here is that as a result of cancer surgery, she no longer has lymph nodes in her right arm, the arm that has received both bites.   The first bite sent her to the hospital for 3 days, her arm swollen triple it's normal size, as they administered IV antibiotics and monitored her to make sure her body could actually fight the infection.  The doctor scolded her, ""you could lose a hand. ""  Fortunately, the second time wasn't so bad, but that doesn't mean the third time couldn't cost her a limb.

My mom's solution is to try and remember to reach out with her left arm.  She loves the dang cat and feels like a round of antibiotics is worth keeping it around.  I don't think she fully, consciously, realizes how much of a real threat to her safety the cat, unfortunately, is.  I feel like the cat is an extreme liability and am having trouble in good conscience doing nothing.  I want to respect the wishes of a grown woman, I don't want to piss off my mom, but most of all I don't want to let her get hurt, again.",YWBTA if you did this without talking to your mom no matter if you have legitimate concerns.,1,YTA,0.0,0.0,1,YWBTA if you did this without talking to your mom no matter if you have legitimate concerns.,1,0.0,0.0
2967,"AITA for sitting in front of a stroller w/ a baby in it at my city’s 4th of July fireworks show? Title explains it all. 

I saw a decently sized patch of grass in front of a stroller and decided to put my chair there. I was a good 4-5 feet from the stroller. As soon as I sat down the little kid’s dad asked me to move because I was blocking his son’s view. I told him that I wouldn’t because there really wasn’t anywhere else to sit and that his son was too young to even remember the fireworks anyway. He gave me the stink eye and started mumbling under his breath which I ignored.",YTA for saying the son is “too young to even remember”. He may not remember but at least he had enjoyed for that few moments. A-hole mentality.,1,YTA,0.0,0.0,1,YTA for saying the son is “too young to even remember”. He may not remember but at least he had enjoyed for that few moments. A-hole mentality.,1,0.0,0.0
3613,"AITA if I want to admit my feelings to a girl with a boyfriend? Of course from just the title the obvious answer is YTA, but hear me out.

I met this girl 4 years ago, when I was 19. I was still figuring myself out, since now I'm a confirmed demisexual type of person. I was never one to be with a random girl just for the deal of it, and can hardly even perform under those circumstances.

But when I met this girl I started to feel attracted to her. Not only did we share interests, but our emotional aspect was preety much on point. During this time she was single and so was I, and we even got to cuddle once. But out of my fear, I simply didn't do anything about it and we simply drifted away. She started dating another guy and once that happened we stopped talking all together.

Last month I had been going through a self discovery journey of sorts, traveling and meeting new people and decided to contact her again. We hit it off preety well and while we chatted I did my best to see if she still was single. The whole month goes through and no mention of a boyfriend nor while texting nor in social media. I know people that don't usually publish their personal relationships on the internet but she simply did not talk about it.
When I came back from my travels (about a couple of weeks ago) , we met again and I asked her if she was seeing anyone, at which point she states that she is, and with the same guy for 2 years.

I kinda fell apart and got distressed. And these weeks have been quite rough for me emotionally, only blaming myself for simply not acting when the possibility was real.

I am planning on telling her the truth, of how I still have strong feelings for her. I am not looking for her to dump her boyfriend, nor am I looking for a petty excuse to barge into other people's life, but I just can't live with all of this anguish inside of me.

I'll take advice AND any criticism. I truly feel like an asshole doing this but many of my friends agreed that I should be honest with her. (I'm incapable of lying. Even if I try it's preety obvious I'm lying) and I know she knows I'm depressed as hell, which is horrible when she asks what's wrong and I simply pretend it's a ""random lol depression"".

NOTE: I forgot to clarify something: she mentioned that her boyfriend was leaving the country for good in some time, and that she has no idea what's going to happen. What struck odd to me is that she said it in such a calmly fashion that I simply didn't understand the situation. ","YTA. Your ""personal journey"" is completely irrelevant. This girl has a boyfriend. If you can't get over her, put some distance between you.",1,YTA,0.0,0.0,0,"YTA. Your ""personal journey"" is completely irrelevant. This girl has a boyfriend. If you can't get over her, put some distance between you.",0,0.0,0.0
1009,"AITA for getting mad when my mom went back on her promise My parents bought me a car a couple years ago (translation I bought it and they had me pay them 500 saying it was part of the cost when it was the full cost) to go through college. I told her that based on the car and the milegage that it would have problems down the road, she assured me not to worry and that they would pay for anything it needed other than gas. 

Fast foward to now, the turbo is going out, $350ish to get a new one (shes making a lot more than this monthly from the divorce). I tell her this and she tells me that since they (my parents) are seperated now that it'll probably be my one christmas present. I say no thats messed up and compared it to borrowing something from someone and gifting it back. We got in an argument and I admit I got mad and raised my voice but she did too. Am I the asshole for saying shes going back on a promise?.","I'm gonna go with yes. I don't know how long ""a couple years ago"" was, but a $500 car lasting for 2+ years is pretty good. Even if they said they'd fix it if it broke I wouldn't assume that's a lifetime promise on a $500 car. You're an adult; take care of your own car. $350 sounds like a pretty generous gift by the way. Just because she makes $x from her divorce that does not mean you are entitled to any of it.",1,YTA,0.0,0.0,0,"I'm gonna go with yes. I don't know how long ""a couple years ago"" was, but a $500 car lasting for 2+ years is pretty good. Even if they said they'd fix it if it broke I wouldn't assume that's a lifetime promise on a $500 car. You're an adult; take care of your own car. $350 sounds like a pretty generous gift by the way. Just because she makes $x from her divorce that does not mean you are entitled to any of it.",0,0.0,0.0
609,"AITA for not paying my portion of a trip with friends that I can no longer go on? About a month ago a friend asked me about a two night weekend away with myself, my boyfriend, herself and boyfriend and her two other friends and their significant others. It’s over two weeks away at this point and I just found out I can’t go because of something work related. I tell my friend this and she insists I still need to pay my portion - including part of the deposit? I told her I don’t really feel like I should have to pay for the trip and was surprised she felt that way. For them to split it the total cost three ways would be an extra $70 per couple. We are all working professionals and I don’t see this stressing anyone out financially. Also it’s not like I’m cancelling the day before - it’s over two weeks away.

Anyway - She told me that I needed to contact all the other people coming on the trip to ask them about the additional money - even tho she’s the person that booked everything and I’ve only met them a couple times. And I have texted them about it, apologizing and basically asking if they feel I need to contribute. I obviously don’t want to be the asshole here - but I feel like if someone else couldn’t make the trip I wouldn’t even think about it and just pay any additional funds. What do you guys think?

edit: I just want to clarify that the accommodation was going to be booked regardless if all or some of the couples could go. Initially only three couples were going but then it was changed to four.

Also - a portion of the cost includes the refundable deposit. If I pay it then she will have to pay me back. Should I responsible to pay the damages deposit if I won’t be there?

Another edit: I did apologize to the other couples and let them know that I would pay the amount if it would put unneeded stress on them.","YTA - You owe at the very minimum your deposit cost. If you had planned a solo trip and suddenly two weeks out couldn’t go, you’d have to be an adult and pay the cost like everyone else does. You’re taking advantage and trying to pass the buck onto them. That’s shitty and a good way to never be invited to things like that again if not drive a wedge between yourself and your friends.",1,YTA,0.0,0.0,1,"YTA - You owe at the very minimum your deposit cost. If you had planned a solo trip and suddenly two weeks out couldn’t go, you’d have to be an adult and pay the cost like everyone else does. You’re taking advantage and trying to pass the buck onto them. That’s shitty and a good way to never be invited to things like that again if not drive a wedge between yourself and your friends.",1,0.0,0.0
3314,"AITA for poaching my brother's employee? My brother and I both run small restaurants. His has been open and successful for a couple of years, and I only opened mine a few months ago but am having some good success as well. I have recently been looking into bringing more waitstaff on and have been actively scouting competitors to poach from. I'm gonna say this outright, I don't think this is an asshole move, it's a legitimate business tactic and I don't feel any guilt. However, about a month ago I was eating at my brother's restaurant and was incredibly impressed by one of his employees, she was insanely good at her job and I decided to do my usual routine of offering her a pay increase if she wanted to work for me. Thankfully, she rang me the next day and we negotiated a good deal, including that she give a months notice to my brother. I wanted to make sure he had more than enough time to find someone else to replace and get trained up, and an entire month is ample for that. 2 weeks after she let him know she was leaving, he essentially told her she wasn't needed anymore and so she started working for me. This was great for a couple of weeks, all my customers like her and she works great with the other employees. A couple of days ago however, my brother came in and saw her working for me. He was and currently is furious that I poached from him and won't even speak to me beyond telling me to go fuck myself.

&#x200B;

Like I said, he's not talking to me, but looking at his recent reviews, there has not been a noticeable drop in customer satisfaction, but my recent reviews are slightly higher with a couple of people even mentioning her by name. As far as I can tell, nobody has lost in this deal, his restaurant is doing the same, I'm doing better and my waitress gets a pay rise. He thinks I'm an asshole though, so I'm curious what the hivemind thinks.

&#x200B;

TL;DR: Poached a waitress from my brother's restaurant and he thinks I'm an asshole. I don't.","YTA. I understand that it is a well-known business practice and I'd be fine if it was against other competitors. But your own brother? I'm sorry but it's an asshole move to pull on family. He's rightfully upset by the situation and in the future, keep to other competitors. Also, using reviews as a metric is *not* truly reliable. There may be a drop-off in customers that liked the woman you poached and were neutral on your brother's restaurant, making him lose money and it not showing up in reviews (as an example).",1,YTA,0.0,0.0,1,"YTA. I understand that it is a well-known business practice and I'd be fine if it was against other competitors. But your own brother? I'm sorry but it's an asshole move to pull on family. He's rightfully upset by the situation and in the future, keep to other competitors. Also, using reviews as a metric is *not* truly reliable. There may be a drop-off in customers that liked the woman you poached and were neutral on your brother's restaurant, making him lose money and it not showing up in reviews (as an example).",1,0.0,0.0
3129,"AITA for changing seats I am a senior in college, I am a CIT major, and all of my classes relate to using computers in a lab setting. 

Normally, as in the last few weeks in a once a week class, i sit in the third row. I get to class normally 15 to 20 minutes early. The computer was not powering on, and I didnt feel like fixing it. There isnt any formal assigned seating, but people generally sit in the same spot. 

I moved up to the 2nd row, and nobody has said anything but I got a dirty look from the guy who I think is usually in my spot.

I know this isnt a crazy situation, but

AITA?","NTA the computer wasn't working, you moved stations. The dude needs to get over it. You sat in an empty seat, you didn't kill his puppy.",1,YTA,0.0,0.0,1,"NTA the computer wasn't working, you moved stations. The dude needs to get over it. You sat in an empty seat, you didn't kill his puppy.",1,0.0,0.0
3482,"WIBTA if I told friends to either send us our stuff or reimburse us for it? My husband and I moved abroad several years ago. We didn't have space for some of our wall art in our luggage, so we packaged it up and asked some friends to send it to us when we arrived. We told them we would pay for shipping when it arrived. It's been 2+ years and they haven't done it, and some of the art is no longer available. 

We both have reminded them of their promise at least 50 times over the last 2 years, and each time it's ""we know, that's [spouse's] job"". Both spouses say this about the other.  So, WIBTA if I told them to either send it or reimburse us?

","I had to take a pause on this:

>We told them we would pay for shipping when it arrived

Erm. That's not how it works! You pay them for shipping up front. when I book a courier I don't tell them ""hey I'll pay you when my stuff reaches its destination."" 

In fact you know you could even organise the courier yourself, right? You can order it, schedule pick-up, pay for it... All your friends would have to do is wrap it and be present when the courier shows up - minimal hassle for them and no fronting the cost.

It's your stuff. They have kindly stored it for you at no charge. It's your responsibility to take whatever measures you can to transport your belongings. Not order them to sort it out and hey I'll pay u back after..

YTA",1,YTA,0.0,0.0,0,"I had to take a pause on this:

>We told them we would pay for shipping when it arrived

Erm. That's not how it works! You pay them for shipping up front. when I book a courier I don't tell them ""hey I'll pay you when my stuff reaches its destination."" 

In fact you know you could even organise the courier yourself, right? You can order it, schedule pick-up, pay for it... All your friends would have to do is wrap it and be present when the courier shows up - minimal hassle for them and no fronting the cost.

It's your stuff. They have kindly stored it for you at no charge. It's your responsibility to take whatever measures you can to transport your belongings. Not order them to sort it out and hey I'll pay u back after..

YTA",0,0.0,0.0
453,"AITA for telling my ex ""why would you care""? For context, we are still going to the same school and he still sits next to me in a lot of subjects. He broke up with me a month ago pretty much unexpected. Today I finally made up my mind and asked him a few questions. I asked him if he'd still care about me which he said no to or at least something like that. (I think, I slept very little and am horrible at recalling conversations). Then I asked him if he missed me which he also said no to. I told him ""I miss you quite a lot,  *shakes head* but why would you care."" 
He then got pissed off and told me thati was incredibly manipulative. I meant it in a genuine way, mostly wanting to show the redundancy of my comment, which is also the reason why I shook my head. Basically over my own stupidity. I don't think it's something negative that he doesn't care anymore and didn't mean to blame him in any way. Good for him that he could just move on. AITA

TL:DR I told my ex I missed him and then rhetorically asked why he would care. Didn't mean it in a mean way though.

Edit: I am not a native English speaker and used the word ""denied"" wrongly. Sorry about that.

Edit 2: Thanks to everyone that has replied. It helped me a lot to understand my ex's point of view on the situation. And although I had no bad intent with those words I now see how they can come across as manipulative and hurtful.","YTA

>""I asked him if he'd still care about me....if he missed me""

Why? Y'all broke up for a reason. 

>""I miss you....but why would you care"" He then got pissed off and told me that was incredibly manipulative.""

He's right - it's the little ""but why would you care?"" line at the end that does it.  You're trying to guilt trip the dude and that's not okay.

>""I told my boyfriend I missed him""

No, you told your EX-boyfriend that you missed him and then threw in a passive-aggressive comment that you're not trying to play off.",1,YTA,0.0,0.0,0,"YTA

>""I asked him if he'd still care about me....if he missed me""

Why? Y'all broke up for a reason. 

>""I miss you....but why would you care"" He then got pissed off and told me that was incredibly manipulative.""

He's right - it's the little ""but why would you care?"" line at the end that does it.  You're trying to guilt trip the dude and that's not okay.

>""I told my boyfriend I missed him""

No, you told your EX-boyfriend that you missed him and then threw in a passive-aggressive comment that you're not trying to play off.",0,0.0,0.0
642,"AITA for pointing out things that were wrong with a Madoka and Homura cosplay? So I came across a picture on Instagram (I'll put the link to the picture in the comments) and the Madoka was (in my opinion) a recycled Natsuki cosplay so I pointed out things wrong with both cosplays. I'm not going to exactly quote what I said because you can look for yourself on the post, my comment is under the username @uncle_bad_touch_69. I guess I could've said it a little nicer, but then they started insulting the way I looked and calling me a bitch. AITA? (I will put a direct quote if wanted)

EDIT 2: Madoka and Homura are from Madoka Magica and Natsuki is from Doki Doki Literature Club.","YTA

Pointing out everything wrong with a cosplay no one asked your opinion for is obnoxious, and whether or not they responded poorly doesn't make your initial decision correct.",1,YTA,0.0,0.0,0,"YTA

Pointing out everything wrong with a cosplay no one asked your opinion for is obnoxious, and whether or not they responded poorly doesn't make your initial decision correct.",0,0.0,0.0
3783,"WIBTA if i object to my brother new girlfriend coming to a family dinner? My Grandfathers 90th is coming up and there is a family dinner being organized, my parents have decided to invite my brothers new girlfriend to come with him to the dinner to meet the family. They have been together for only a couple of months at most and i don't particularly see why she would be coming to the dinner being that it is not a relationship that has went on for long or is close to the two being married. I am of the opinion that family events should include only family, along with the fact the dinner will be paid for by my grandmother so inviting an extra guest who is not a family member would increase the bill for someone she has never met and with my brothers dating record of short relationships, probably wont meet again. 

I am torn between saying something or just minding my own business, the latter i know will probably be safer. ",YTA mind your own business and consider the fact that your family is extending an invite to a new girlfriend to be a kind and gracious thing,1,YTA,0.0,0.0,0,YTA mind your own business and consider the fact that your family is extending an invite to a new girlfriend to be a kind and gracious thing,0,0.0,0.0
3678,"WIBTA if I got my dad a dog? Backstory: My dog died 3 years ago. We had her for 18 years (she was 22, and a bichon frise). I think having a dog would be good for my dad, who has been laid off again after years of unstable work. He recently had a series of heart attacks and has been trying to eat better but does not exercise. The dog would help get him out, and improve his mood in general. 

Living situation: my parents have been divorced for ~15 years. However, after the economy crashed, they moved back in together. My parents and I have lived in a 2-bedroom apartment for 10 years. (My mom and I share a room, my dad has his own room). My boyfriend sleeps on the couch ~4 days a week, because we carpool to college. So, in the apartment it's me (24M), my boyfriend (22M), my mom (56F) and my dad (60M). 

My mom doesn't want another dog because she doesn't want to get attached and then have to leave the dog when she moves out. (She thinks she will move out when I do -- but none of us can afford to live on our own, so realistically, I don't see this happening for at least 4 years (when I get out of graduate school)). 

My dad doesn't want another dog because he can't afford it. This is generally true, however, I can pay for the adoption fee and initial needs like bedding and leashes and bowls etc. The major concern is that if/when the dog gets sick, he would have to open a new line of credit and pay it off gradually. (I am open to doing so as well, as is my boyfriend. There are also lots of reduced-cost clinics in the area, the major concern is more about emergencies.) Every time we see a dog when we're out, he says he wishes he could have another dog. 

I've been mulling this over for years, but obviously haven't done anything about it, because I understand and respect my parents' concerns. I've brought it up to my mom, and she has been less and less resistant over the years, but she also agrees that another financial burden would be difficult. However, after my dad's heart attacks, it's clear that he needs some motivator to get out of the apartment. He has too much stress and there's not a lot anyone can do about it. A dog would bring some much needed happiness. 

Throwaway account because no one likes being the asshole (though, this situation is fairly specific so I'm sure if anyone I know sees it they'll know it's me; but they all think I should get the dog anyway). We're talking like a 15lb dog MAX. Small, small dog. Since my dad is currently unemployed he would be home 100% of the time to train it at first, so imo this is a good time to get it.



EDIT/UPDATE: Financial situation hasn't changed much from 3 years ago when my dog died. The only change is my father's health. We did this with a dog for years and it was fine. It was a little hard at the end when she was elderly and regularly needed expensive vet care (like dialysis, surgeries, etc) but we cut costs in other parts of life where we could -- put off car maintenance longer than we'd like but still well within safety, etc. I think if we all pitched in we could afford it reasonably -- we did before. In a worst case scenario in which my parents would want to rehome the dog -- the dog would stay with us until we could find it a suitable home. My boyfriend and I would reach out to friends and their friends to see if anyone could take it. It  would NOT go back to the shelter and we would keep tabs on its wellbeing.","YTA - pets as unexpected presents is a bad idea. Especially when:.

>My mom doesn't want another dog


>My dad doesn't want another dog because he can't afford it


>another financial burden would be difficult

If your dad still doesn't get out of the apartment, who would be saddled with taking the dog out and making sure it gets what it needs?",1,YTA,0.0,1.0,0,"YTA - pets as unexpected presents is a bad idea. Especially when:.

>My mom doesn't want another dog


>My dad doesn't want another dog because he can't afford it


>another financial burden would be difficult

If your dad still doesn't get out of the apartment, who would be saddled with taking the dog out and making sure it gets what it needs?",0,1.0,0.0
1363,"AITA for buying my wife a gift that ""she didn't need"" for her birthday? My wife had her guitar stolen before a gig four months ago. She had a backup so it never affected her work but she said she would save up for a replacement of comparable quality to that one because it meant a lot to her.

I thought I'd be a good husband and today, for her birthday, I gave her a guitar. I bought it two weeks ago and kept it hidden until this morning. I don't know much about guitars so I tried to get something a similar color to the one that was stolen and let the shop employee guide the rest of my purchase. I spent $600, her guitar that was stolen was $1800.

She got upset at me for ""spending \[our\] money foolishly"". She said she'll never use it because it's not the same or even close to what she had or has in other guitars. This sounds like NTA territory but she followed it up with ""you should never buy someone a musical instrument because it's a personal decision"" which made me question whether I made the right choice at all. 

She told me she appreciated my attempt to help but this was money spent that will go to no use, and if I wanted to do this again, talk to her beforehand. She said we could have pooled our money and got a replacement for what she had stolen.

I don't know anything about guitars or even instruments in general. If it wasn't a good guitar I'm sure she could upgrade it or something to be good, right? It's a pretty piece of wood with strings on it, isn't that what determines the price? She doesn't think so and now I have to try and return this when I know it's past the return/exchange period.

Was I the asshole?",YTA for being so disinterested in your wife's work. It's well known even by non musicians that there is a big difference in sound quality between cheaper and expensive instruments.  If you wanted to help you could have dropped the money to get her a replacement OR bought her a non-instrument item that was cheaper that she likes. Consider this the gentlest yta possible since you weren't mean spirited but that's my verdict all the same.,1,YTA,0.0,0.0,1,YTA for being so disinterested in your wife's work. It's well known even by non musicians that there is a big difference in sound quality between cheaper and expensive instruments.  If you wanted to help you could have dropped the money to get her a replacement OR bought her a non-instrument item that was cheaper that she likes. Consider this the gentlest yta possible since you weren't mean spirited but that's my verdict all the same.,1,0.0,0.0
2490,AITA for tipping less cuz a server missed their opportunity? Not a long story. So my girlfriend and I went for dinner last night and  the bill came to $53. I paid $80 with $20's as I wanted to leave more  than $7 (which is still like 13.5%) cuz the server did a good job. I  specifically asked for change and when the server came back I got $7 in  change and a $20. At this point I just said fuck it cuz they missed  their opportunity staring them in the face and left the $7. So AITA for  not asking for change for the $20 and tipping more?,"YTA, she probably thought you accidentally gave her an extra 20 and didnt want to screw you.",1,YTA,0.0,0.0,1,"YTA, she probably thought you accidentally gave her an extra 20 and didnt want to screw you.",1,0.0,0.0
3029,"AITA for telling off a nude woman that my kid saw on the way home from school? I was walking my kid home from school. We are in a pretty nice area so the windows tend to be huge and on ground level. 

My child is 6. Suddenly she laughed and pointed at one of the houses. Inside there was a completely naked woman leaning down to pick something up right in front of the window. We could see everything clear as day. 

I know the woman, she is one of my wives friends. I laughed along with my kid as she clearly wasn’t bothered but inside I was a little WTF. 

I saw her at a coffee and cake morning  at school a few weeks later and she and my wife and I happened to sit on the same table. I tried to be as tactful as possible towards the end and say hey, Sophia and I kinda saw you naked a couple weeks back, maybe since you’re near the school it’ll be less awkward to just draw a curtain? 

She was very offended and told me I was being inappropriate and I was floored. I was even more floored when my wife agreed with her. I told my wife later that if it was a naked dude all hell would have already broken loose. She wants me to apologise to her friend. 

AITA? Am I going nuts?","I’m Scandinavian, so... prepare for some super european opinions, i guess.

this woman did NOTHING wrong. she’s allowed to be naked in her own home. blinds and curtains serve our desire for privacy in our homes, they’re not an obligation to be unseen. she’s fully allowed to be naked with the blinds open. if you have a problem with what people wear or don’t wear in their own homes, don’t look in their windows.

your daughter also did nothing wrong - curiosity is a cornerstone of childhood, and pointing and laughing is a pretty natural and innocent response from a 6-year old. she saw a naked woman. that’s totally natural. i guess america is different, but growing up, i saw naked women all the time! on the beach, in changing rooms, tanning on public lawns, and so on. it’s just... truly not a big deal. there’s nothing inherently sexual about being naked, and kids won’t see anything wrong with it unless you teach them it’s wrong.

you didn’t do anything wrong in letting her know - but i think the important thing for me is what you were hoping to achieve. did you truly just want to give her a heads up? or were you actually trying to say “The Children shouldn’t have to see that, close your blinds so i don’t have to bother teaching my kids that looking in people’s windows isn’t super appropriate, and can mean you see unexpected things”?

if you genuinely just wanted to let her know, so she could prevent it from happening again if SHE so desired, no assholes here.

but i kind of get the vibe that you brought it up to get her to close her curtains, so the kids wouldn’t have to be exposed to something as natural as a naked woman. in her own home. which makes YTA.

edit: i’m feeling a little left out tbh, this made it to the top and i’m like the only person OP didn’t pick a fight with, haha.

to all the people ‘genuinely asking’ if it would be the same if a) it was a man swinging his dick around or vigorously masturbating or b) if this woman was having sex as though those situations are analogous - while you’re clearly being deliberately obtuse, there is obviously a difference between sexual acts in full view of the street, and simply existing while naked for a few moments in your living room.

also, shoutout to the guy who PM’ed me asking if there’s really naked women everywhere in scandinavia, and if so, where specifically.",1,YTA,0.0,1.0,0,"I’m Scandinavian, so... prepare for some super european opinions, i guess.

this woman did NOTHING wrong. she’s allowed to be naked in her own home. blinds and curtains serve our desire for privacy in our homes, they’re not an obligation to be unseen. she’s fully allowed to be naked with the blinds open. if you have a problem with what people wear or don’t wear in their own homes, don’t look in their windows.

your daughter also did nothing wrong - curiosity is a cornerstone of childhood, and pointing and laughing is a pretty natural and innocent response from a 6-year old. she saw a naked woman. that’s totally natural. i guess america is different, but growing up, i saw naked women all the time! on the beach, in changing rooms, tanning on public lawns, and so on. it’s just... truly not a big deal. there’s nothing inherently sexual about being naked, and kids won’t see anything wrong with it unless you teach them it’s wrong.

you didn’t do anything wrong in letting her know - but i think the important thing for me is what you were hoping to achieve. did you truly just want to give her a heads up? or were you actually trying to say “The Children shouldn’t have to see that, close your blinds so i don’t have to bother teaching my kids that looking in people’s windows isn’t super appropriate, and can mean you see unexpected things”?

if you genuinely just wanted to let her know, so she could prevent it from happening again if SHE so desired, no assholes here.

but i kind of get the vibe that you brought it up to get her to close her curtains, so the kids wouldn’t have to be exposed to something as natural as a naked woman. in her own home. which makes YTA.

edit: i’m feeling a little left out tbh, this made it to the top and i’m like the only person OP didn’t pick a fight with, haha.

to all the people ‘genuinely asking’ if it would be the same if a) it was a man swinging his dick around or vigorously masturbating or b) if this woman was having sex as though those situations are analogous - while you’re clearly being deliberately obtuse, there is obviously a difference between sexual acts in full view of the street, and simply existing while naked for a few moments in your living room.

also, shoutout to the guy who PM’ed me asking if there’s really naked women everywhere in scandinavia, and if so, where specifically.",0,1.0,0.0
3879,"AITA by inviting my aunts to Thanksgiving 
I(38m) managed to upset my mom's sisters and my cousins by inviting them all to thanksgiving at my house.

My mom has hosted Thanksgiving dinner for around 30 years with her two sisters and thier families.  Since my wife's family is local as well we always have to coordinate around the holidays. In the past we have done Thanksgiving dinner with them on a different day. This year my wife wanted to host Thanksgiving dinner and we invited my in-laws and my mom as well. 

Unfortunately my mom decided to host Thanksgiving dinner at her house still. When I reached out to my aunts and cousins to let them know my plans and tell them they are welcome at my house, they shamed me and told me I was jerk and my grandparents would be ashamed of me. I was nearly in tears at work from their responses. I tried to explain that my wife's parents and brothers are important too, and they didn't understand because I won't be at my mom's for Thanksgiving.

I should mention that my dad passed away a few years ago, and my sister moved away leaving my mom living alone. I now live about 10 minutes away from my mom with my wife and 1year old. 2 of my cousins will be driving about 2 hours with kids to my mom's. 

Am I the asshole here?

","1) If your mother decided to host thanksgiving at her house after you invited her, NTA. I don't blame your mother either, as it's probably a strong part of her at this point to host thanksgiving.

2) YTA for inviting your aunts and cousins. I know it probably wasn't your intention, but it makes it seem (to your aunts and cousins) like you don't care that your mother would be having thanksgiving alone, had they accepted your invitation.",1,YTA,0.0,0.0,ERROR,"1) If your mother decided to host thanksgiving at her house after you invited her, NTA. I don't blame your mother either, as it's probably a strong part of her at this point to host thanksgiving.

2) YTA for inviting your aunts and cousins. I know it probably wasn't your intention, but it makes it seem (to your aunts and cousins) like you don't care that your mother would be having thanksgiving alone, had they accepted your invitation.",ERROR,0.0,0.0
1859,"AITA: For Giving My Brother a Chicken Sandwich for Christmas. Every year my parents hold a gift exchange at their home on Christmas Eve and my older brother and I always give each other thoughtful, but funny gifts. This year, he became vegan, because his wife wanted them to follow a new diet.  Something he complied with despite not liking it.

For our gift exchange, I decided to buy him two Popeye’s chicken sandwiches, since he did not get to participate in all the hype and a new PS4 controller. Before the exchange, my girlfriend and I bought the sandwiches, put them in an insulated bag and wrapped the bag.

When my brother unwrapped his gift, he was confused about why I got him a bag, until I told him to open it. When he saw the sandwiches, he started to laugh hysterically and immediately unwrapped one of them and ate it. The gift was a big hit, except to my sister in law. Afterward, she scolded me, by saying she didn’t appreciate me giving my brother food that goes against her beliefs.

I told her that brother is an adult that can make his own decisions and it made him happy, besides I wasn't even thinking about her beliefs when I did it.

She turned bright red and stormed off.

Later, I got a text from my brother telling me he was in hot water for eating the sandwiches, but he didn’t care. He appreciated the gift regardless.

Now the topic of conversation in our family group chat is some people are saying; it was insensitive to my sister in law to get my brother the sandwiches, when others think it was brilliant.

So Reddit what is your opinion?

",YTA because now I want a chicken sandwich,1,YTA,0.0,0.0,1,YTA because now I want a chicken sandwich,1,0.0,0.0
2022,"AITA for asking to see my girlfriends phone who had repeatedly lied to me in the past My girlfriend has lied in the past, thankfully they are never too serious, usually about something she did that she is afraid to tell me because I will be upset (like she tried shrooms once and didn’t tell me for several months and I had to keep asking if she had any secrets from me still and she kept saying no until months later when she told me this) but a lie is still a lie to me  and when she tells me, I’m more mad that she hid it from me then telling me and because of it I have trust issues with her. Now I feel that even though I ask her if she is hiding things from me and she says no, she has said and done that before so it’s hard to trust her. On top of that she is never willing to let me see her phone, she says it’s toxic and not a good way to be together but I always say she can do whatever she wants on my phone. I’m not sure if it truly is bad by me and toxic to see what’s on her phone or if it’s on her, any advice would be appreciated. ","YTA. if u have to look through someone’s phone in order to trust them, break it off. also, what are you looking to find out? is there a suspicion of cheating? it seems like you’re on a fishing expedition, looking for an argument.",1,YTA,0.0,0.0,0,"YTA. if u have to look through someone’s phone in order to trust them, break it off. also, what are you looking to find out? is there a suspicion of cheating? it seems like you’re on a fishing expedition, looking for an argument.",0,0.0,0.0
902,"WIBTA if I were to tell people I know politely that they are having breath/body odour? As the title says. I have been thinking so much, so so much, on **how** to tell people in a way I wouldn't offend them. Or seems tooooo harsh...

My nose is **extra** sensitive as when I was 6, I suffered a big blow from a flying baseball straight to my nose, and hence, sinus is now my best friend. So anyway, below is what I have come up with.

* Breath Odour:

I noticed, a lot people with braces or smoke or don't eat the whole day, always have the bad breath. Or maybe they just have bad oral health that causes it. And honestly, I only can think of offering mint and if they reject, I will just say ""I think You really need it"".

* Body Odour:

""Hi, I would like to tell you something, but please don't be offended. Ok, so you know everybody has a smell on them right\~ So.. our own body smell form based on different factors, such as what we eat, what body foam we use, or how often we change the bed sheet, etc etc. And, I feel, maybe you can try changing your body foam?""

**OR should I just shut up and NOT say anything!?**",[deleted],1,YTA,0.0,,1,[deleted],1,,0.0
2760,"AITA for telling my best friend that it's rude and unnecessary to tell me the price of her birthday presents? It's my best friend's birthday today and after wishing her a happy birthday i asked her what she got. She said she got $100 worth of clothes, a $200 dollar pair of fitted shoes, a $30 water bottle and an extra $100. I said that she got some pretty cool presents but that it was unnecessary and rude to include the prices of the gifts. She said that she was just giving me a better idea of what she got which i think is bullshit because the only thing it gave me a better idea of was her personality. 

I told her that it was still wasn't needed and was rude. She got even more angry and said that i was just jealous. AITA?","YTA

You are getting pissy because she listed what she got for her birthday, including the price.  Hell, here in the midwest, it's almost customary for someone to say something like:

Person 1:  Oh, that's a cute jacket

Person 2:  Thanks - $20 at Ross, it was half off.",1,YTA,0.0,0.0,1,"YTA

You are getting pissy because she listed what she got for her birthday, including the price.  Hell, here in the midwest, it's almost customary for someone to say something like:

Person 1:  Oh, that's a cute jacket

Person 2:  Thanks - $20 at Ross, it was half off.",1,0.0,0.0
516,"AITA for feeling upset that my girlfriend is more impacted over Stan Lee's death than my father's death. I know that I am the asshole because I blew up on her about it when I should have been calm and should have stepped away from the issue. Don't judge me on that, because I could not have helped that part, but I still need insight on why it's wrong/right for me to feel this way.

I have known my girlfriend (20F) for four years, but we have only been dating for one year. She met my parents a couple of times, and we had a trip last Christmas break where she stayed in a hotel with me and my parents. It was a good time all around.

Half a year ago, my dad passed away. It was expected, but it still hit me and my mom hard. My girlfriend reacted to the news with shock when I told her. She was there for me when I was really struck by grief, but ultimately, she was over it just about the instant she heard it. I chalked it up to her not having known him all her life, but today, it really made me feel... aggravated.

A couple of hours ago, Stan Lee died and news got around. (May he rest in peace.) The moment my girlfriend heard, she broke down--crying in a way that I have never seen her cry. She was so mortified by this, and I sat down with her, reminded of the day that my father died and the way that I broke down. She started talking about Spiderman, her favorite comic book series. Stuff like how she couldn't believe that such a good man died and how she was going to miss seeing his cameos.

And for some reason, I couldn't help but wonder why she never said anything like this when my father died. Sure, she was there for me, but all she did was listen and tell me ""I don't know what to say..."" every time I talked to her about my memories. At the time, I accepted this.

Stan Lee is a media legend, sure, but she didn't even know him. My dad was someone that she sat down and ate dinner with. My dad was someone that she met, and she couldn't spare any tears for him. I was very upset. I told her these things, yelling when I said it. She stopped crying and looked shocked--and even in the moment, I knew that I shouldn't have exploded like that. We decided that we will talk about this tomorrow.

Look. Roast me. Tear into me. I feel very strongly about this, but I know that I might be in the wrong. I want you to tell me why I'm wrong so that I can gain perspective on this.

&#x200B;

EDIT:

I took into a consideration a lot of the comments, but probably won't have the time or the emotional capacity to respond to all of them.

There are a lot of you that showed incredible empathy during this time, and some of you that showed none at all. I wanted to say thank you to those of you that offered your condolences, even though you didn't have to.

I really do admit that I'm the asshole for blowing up at her and for not being there for her during a tender moment, like she had been there for me. I recognized that she was also mourning, but the asshole in me was upset that she was mourning over someone that she had never met, whereas I would always carry the wound of my father not being there. Anyway, that's all just filler to explain that I stopped to think about why I felt the way I did.

Earlier, I stopped by her house with McDonalds (thanks to the guy who told me to bring her favorite food) and she sat down with me to talk about it. We always talk through our issues, but this was the first time that I have ever been emotional in a way that I knew was wrong, but couldn't stop myself from feeling that way.

I apologized to her and she squirted ketchup on my kneecap as ""payback."" (Sounds weird, but she was just being playful.)

She told me that she understood that my father's death was still a fresh thing and that she could understand where my anger was coming from, but that I was in the wrong for having blown up about it. She would have preferred that I had stated how I was feeling calmly, even if the way that I felt wasn't right to begin with. She told me that it wasn't okay, but she forgave me, asked for a ""get out of jail free"" card if she ever got upset about something she couldn't help feeling upset about.

I know I'm super lucky to have met someone who will talk me through anything.

Like some of you said, she told me that for her, she was upset that Stan Lee was someone that she had never known, but whose work she will always carry close to her heart. She has always been invested in fandom/geeky things, so I can get that, even if I might never experience it. She told me that she mourned for my dad too, that she always appreciated the things that my family has done with and for her, but that she felt that the last thing I needed while mourning was for her to cry too, that she wanted to be my rock at the time. She made some cool metaphor about rocks and rivers, but I forgot what it was.

But ultimately, I wanted to thank some of you guys in the thread. Some of you phrased it very aptly, in a way that really made me understand why I was in the wrong. Her grief is separate from mine, and I have no right to police it. Though it hurt to talk through and to admit I was in the wrong, I am glad I talked to her about it.

That's all. Thanks again.",[deleted],1,YTA,0.0,1.0,1,[deleted],1,1.0,0.0
1796,"AITA for not wanting my sister to borrow my dress? *throwaway bc she sometimes uses reddit*

A little background: we are four sisters with one younger brother. I (21f) am the second-oldest, I am very close to my older sister M(22) and less close to the next sister F(19). Our youngest sister P is 18.

When we were kids, she was a real tomboy. She didn’t play with us, only with my brother J(17) and she hated “girly” things. We used to tease her by holding her down and forcibly putting make-up on her, lol, and it took 3 of us to hold her! she was a wildcat. But last year she got her braces off (really bad teeth) and finished high school and suddenly she’s all acting like a beauty queen. She wears dresses sometimes now and even bought a pair of high heels which are ridiculous, she’s never worn them before, and they make her tower over all of us. She acts like she doesn’t even notice that all the guys are staring at her, she’s super-friendly with them and talks about sport and computers and cars, you know, the whole “I’m not like other girls” thing.

You have to understand how super annoying she is. She was never popular at school, just lived in her own world and read all the time and because of that she always pronounces words wrong, like she’s only read them not heard them. I try to correct her so she won’t embarrass herself in public but she just grins like it’s funny.

Now my sister M is having a big party before she goes away overseas to study in Siena, and everyone is invited. It’s at a big hall and is catered. P asked if she could wear a dress of mine which I’d been meaning to take up bc it’s too long for me but fits her bc she’s a scarecrow. I said yes but now I don’t want to. I want to wear that dress myself one day and I frankly don’t want it to be seen as her dress. Bc there were 4 girls, all mine and M’s clothes got passed down to her and F when we were growing up, so she’s always worn my clothes and I’m kind of over it.

She hasn’t got any money, our parents give her an allowance but it’s not much tbf and has to pay for a lot of things. The rest of us get more bc we’re in college. She wanted to work as a life saver at the pool over summer but our Gramma came to stay after her operation and Mom needed P to help her at home with Gramma who is a bit of a handful. Also Mom said she would just swan around showing herself off and should be home helping out instead.

She still had the allowance though, she could have saved it and bought her own dress for M’s party. So I just told her I was wearing it, though I’ve actually bought another one, and J, our little brother, overheard me talking about it with M and now he says I’m an asshole and that he’ll tell her if I don’t.

I don’t think I am. It’s my dress. I don’t want her ruining it. And my sisters don’t think I should let her wear it either. It’s only J who thinks that.

So am I being an asshole or should she get her own damn clothes and stop trying to take everything from us?

EDIT: Wow, people are saying some really harsh things. It's gone beyond just the dress thing.  
I don't think I've explained it all very well, it's hard to. Growing up, Paulie was always in trouble. I've been trying to think of what she did so I could explain but I can't really think of any good examples... it was more her attitude. She was always being punished and I guess I've gotten used to everything being her fault. Maybe I'm not being entirely fair. She has a right to grow up. But we've got a family dynamic that works, she's the only person it doesn't work for, and what are we supposed to do, change the whole family to suit her?  
It's just that, it sounds like one thing when I'm talking to Marcy about it, she and I understand what a pain P is. But now putting it before other people without M here, it's like, everyone's sticking up for Paulie. I'm not used to that. I really don't know whether I just haven't explained it properly or whether I should have another think about who she is.","YTA, not about the dress, but for your past actions and how disrespectful you are now. ""She got all my hand me downs and I'm over it"" do you not understand how much it sucks to always get used closed and rarely new because youngest? It sucks. You criticized her for being a tomboy. You now criticize her for trying to feminine. Quite frankly, you sound jealous.  

Don't let her borrow your dress if you don't want to,  but try having just a little kindness towards the younger sister you tortured.  ""It took 3 of us to hold her down *lol*""  so horrible!",1,YTA,0.0,0.0,0,"YTA, not about the dress, but for your past actions and how disrespectful you are now. ""She got all my hand me downs and I'm over it"" do you not understand how much it sucks to always get used closed and rarely new because youngest? It sucks. You criticized her for being a tomboy. You now criticize her for trying to feminine. Quite frankly, you sound jealous.  

Don't let her borrow your dress if you don't want to,  but try having just a little kindness towards the younger sister you tortured.  ""It took 3 of us to hold her down *lol*""  so horrible!",0,0.0,0.0
1294,"WIBTA if I don't pick my cousin up tonight from downtown? EDIT: all right, all right. I let you down Reddit. Have a great 2020!



I am on-call tonight so I can't party it up like it's 1999, no worries. So I posted on Facebook that if anyone needs a ride home tonight, let me know.

My 42-year old cousin texts me a few minutes later and says ""i'll be hitting you up later for a ride"".

That irritates me for a few reasons. He old enough to know the drill when it comes to NYE parties and he's an international tax auditor for a major bank so he makes dolla dolla bills and can definitely afford an overpriced Lyft/Uber.

I was primarily referring to my younger friends and to be honest I would have been annoyed if anyone said that to me. I meant for it to be an emergency thing. 

&#x200B;

WIBTA if I just didn't answer when he called? I am more than willing to put up with the fallout.",YTA.  Why did you post it in a general way?  Don’t give rides if you don’t want certain people asking.  Your cousin probably changed a plan because you were free to messaged you.  He’s acting responsible.,1,YTA,0.0,0.0,1,YTA.  Why did you post it in a general way?  Don’t give rides if you don’t want certain people asking.  Your cousin probably changed a plan because you were free to messaged you.  He’s acting responsible.,1,0.0,0.0
549,"AITA For pouring a pitcher of ice water on a 4 year olds head. This happened years ago and my anxiety forces me to stay up worrying about it all of the time. I was 8 and high functioning autistic. That being said this was before I took classes on facial expressions, body language, and tone of voice to help me interpret other people’s feeling in a situation. 
Let’s get right into it. My family is strictly Roman Catholic (I have since left that faith) and my little cousin had just achieved her first communion so her family (I’m related to her Mom but the little girl was on her Dad’s side so we have no blood relation) I was my grandparents only grandchild there so I was being shown off like the little trophy child I was raised to be. ( I have so many stories about this and how it resulted in the relationship I have with my grandfather and the church today.) I had just started reading the Babysitters Club series and I was talking about how I wanted to be just like them when I grew up. ( Cue the adorable chubby cheeked one front tooth missing smile that made adults love me as a child.) (why I was missing a front tooth for seven years is a whole other tale) When the kids started to migrate outside with their toys they decided to put me “In charge”. 
Uc: unrelated cousin
Rc: related cousin
Mom: my awesome single Mother who fought her way through college and career so she wouldn’t have to count on her parents too much as I got older.
Me: 8 year old trophy child

When we got outside Uc kind of rudely reminded me that I can’t boss her around just because I’m older than her. I understood that and just went to the corner because there was a bat and I used to love baseball. I was just trying to hit the ball a few times: (I have horrid vision and I had forgotten my glasses that day) When Uc and Rc come over. Uc was talking about how “I wasn’t good” and “ I should do girly things” I replied telling her to “Stop it” and she was not happy. I don’t remember all of the details as I was young and it was a long time ago but this one quote sticks out like a sore thumb in my head. Uc says “Well those bats only have air in them but this bubble wand has soap that we can pour in your eyes”. My little autistic self had no idea that she was just trying to look tough and she would never actually do that so I ran inside, grabbed the first thing I could find, a pitcher of ice water and poured on her head. She went screaming and crying to her Mom. My Mom and I had to sit in the car while I was lectured on why I shouldn’t have done that and we didn’t go to any family events for several years. I don’t regret it but my Mom and I got into  a debate about how I was older and should have taken the high road. I may have been older but I was still a kid and I was just scared of having soap poured in my eyes. 
What do you think people of reddit? Should I find the girl and apologize? Or should I relish in my petty revenge?

TLDR: little girl threatens to pour soap in my eyes, in retaliation I pour a pitcher of water on her head.","YTA, but you also acted like a kid would. You should stop thinking about it.",1,YTA,0.0,0.0,0,"YTA, but you also acted like a kid would. You should stop thinking about it.",0,0.0,0.0
1273,"AITA for skipping the hassle of deciding what movie my gf and I watch? This might not be “AITA-worthy” as I didn’t get disowned, break up a marriage, or eat three feet of a party sub, but I’ve been ruminating on it all day and would like some third party input:

&#x200B;

My girlfriend and I tend to watch movies as we eat dinner most nights. I really enjoy this, but the only problem is it usually takes until we’ve finished eating to decide what movie to watch. (My girlfriend can be very picky and indecisive, which can be cute until it gets to a point where it impedes on our plans.) So last night I decided to skip the usually 30+ minute decision period and immediately put on a movie as soon as we sat down. I didn’t ask her what she’d like to watch or tell her the decision I made – the movie simply started playing. She asked about it and I told her not to worry and that she would really like it. She got really upset and told me to turn it off. She refused to even watch five minutes of it or give it a chance simply because I chose it without her. I think her reasoning for getting upset is silly, especially because I know her taste in movies (and every movie I’ve gotten her to watch she has really enjoyed). 

&#x200B;

We ended up not watching a movie at all. So when I asked about what movie we should watch tonight, she made passive aggressive comments saying she’s surprised I haven’t already decided. I’m getting a bit frustrated and I just want to know, was I the asshole for choosing a movie without her?","> She asked about it and I told her not to worry and that she would really like it.

> She refused to even watch five minutes of it or give it a chance simply because I chose it without her

These two statements contradict each other. 

She wasn't upset initially. It was only *after* She asked about what you were watching and you wouldn't tell her that she became upset. I don't know how the conversation went, but from the sounds of her reaction she may have asked a couple of times. 

She's telling you that she doesn't like not having that communication. she doesn't like choice being taken from her. 

>  I’m getting a bit frustrated and I just want to know, was I the asshole for choosing a movie without her?

No. 

YTA for calling her reasoning silly instead of listening to her feelings on an issue she obviously feels strongly about",1,YTA,1.0,0.0,0,"> She asked about it and I told her not to worry and that she would really like it.

> She refused to even watch five minutes of it or give it a chance simply because I chose it without her

These two statements contradict each other. 

She wasn't upset initially. It was only *after* She asked about what you were watching and you wouldn't tell her that she became upset. I don't know how the conversation went, but from the sounds of her reaction she may have asked a couple of times. 

She's telling you that she doesn't like not having that communication. she doesn't like choice being taken from her. 

>  I’m getting a bit frustrated and I just want to know, was I the asshole for choosing a movie without her?

No. 

YTA for calling her reasoning silly instead of listening to her feelings on an issue she obviously feels strongly about",0,0.0,1.0
1143,"WIBTA if I told my sister to stop posting about her relationship status on social media for the sake of our brother? I don't use social media much. I have social media mostly just to see what my family is up to.

I am the youngest out of three. I am more of an introvert, but I have dated around a fair bit since my teen years, but have been with my my current partner now almost 5 years.

My sister is older than me by about 7 years. She is an extrovert and social butterfly. Very obviously our parents' favorite and got spoiled a lot. She's not a brat, but has always had really high standards for everything in her life. This includes guys, so basically she's only ever dated one guy for like, 4 years, but they broke up 3 years ago. She's still friends with her ex though.

My brother is older than me by about 10 years and has very functional autism. He's capable of understanding and picking up on other's thoughts/emotions through their words and actions, but he struggles some and he worries about it. It gives him a lot of anxiety and he has no idea what to do when he thinks people are upset. He struggles also to express how he is feeling. He seemed perfectly content on being alone, but just under two weeks ago introduced his first ever girlfriend to the family. I haven't met her face-to-face yet, but if she makes my brother happy, I am sure she's awesome.

Since my brother told everyone about his new girlfriend, my sister's been posting a lot on social media about being single, having been dumped in the past, etc. It is so much to the point where my partner is asking if my sister is okay.

I get that my sister is probably going through something right now. She's now the single one out of the three of us. I wouldn't be surprised if people were now asking her when she was going to find someone. It was always presumed that my sister would be the first of us to get married/have kids. Hell, our mom always used to ""joke"" that my sister was her only hope to have grandkids (though that was mostly directed at me and my brother and I don't know if our mom actually ever said that to my sister).

It is very obvious to me that my sister is bothered by our brother having a girlfriend now. I don't know if it is because she's feeling alone/hurt, if she's jealous, or if people are saying things to her and she's not taking it well. I don't know if our brother has picked up on it or not but it wouldn't surprise me if he had, and was stressing about it internally. This should be a time where our brother is happy, not stressed or worried.

Would I be an asshole if I called or texted my sister telling her to stop posting about her break up that happened years ago for our brother's sake and suggest that she talk to someone privately or go to therapy or something?",YTA. This is all just assumption after assumption. You should ask her about how she's feeling and offer support..Not shut her down and make her feel bad for being sad..,1,YTA,1.0,1.0,0,YTA. This is all just assumption after assumption. You should ask her about how she's feeling and offer support..Not shut her down and make her feel bad for being sad..,0,1.0,1.0
1588,"WIBTA in this bad haircut situation. Ok so this is a really weird one

My husband is amazing, first off. But he went for a haircut today and he absolutely hates it. His hair is normally amazing, really cool etc and he takes a lot of pride in his appearance- rightly so. But it’s a really bad haircut. I know what you’re thinking, how bad can a hair cut be, right? But it’s shit. 

The dilemma starts here. Basically we had had a Christmas friend/family day booked at a cabin for months, mellow; chilled; Christmas jumper; log fire; mulled wine sorta day planned with all the trimmings planned for a few months. But a few weeks ago he got an invite to his work’s Christmas night out on the same day to which he initially declined because of prior plans.

But then he started getting really pressured into going to the night out because he’s been amazing at work and he’s going to be getting a secret award (they had to tell him about it to get him to go so he knows) so he eventually caved because 3 bosses basically told him he “had” to go (free bar) but not getting paid for going. I totally understand his situation and told him he could go and come to the cabin after it was annoying he couldn’t spend the day but I was fine with it (secretly raging inside) but it’s totally up to him what he does.

So he went for the hair cut and it’s shit. He hates it. WIBTA if I said well you wouldn’t be comfortable going to get the award so just stay with us in the cabin? 

Edit: 
1. we live in a country not native to our own so we won’t have a proper Christmas Day 
2. I told him is hair cut was fine he’s still so handsome
3. We don’t get to spend a lot of time together because of our conflicting work schedules so I have been so looking forward to this for weeks","YTA because sometimes plans change and adulting involves understanding that work obligations sometimes take precedence in order to continue providing. 

I can't honestly connect your comments about his haircut to your comments about the cabin. You sound really passive aggressive and petulant. Go to the work event with him to show your support and be proud of his accomplishments. Then take him to the cabin to celebrate privately. 

As for the haircut, it's just hair. Bad cuts happen. Guess what? It won't last forever, but the way you treat him over all this will certainly leave a lasting impression.",1,YTA,0.0,0.0,0,"YTA because sometimes plans change and adulting involves understanding that work obligations sometimes take precedence in order to continue providing. 

I can't honestly connect your comments about his haircut to your comments about the cabin. You sound really passive aggressive and petulant. Go to the work event with him to show your support and be proud of his accomplishments. Then take him to the cabin to celebrate privately. 

As for the haircut, it's just hair. Bad cuts happen. Guess what? It won't last forever, but the way you treat him over all this will certainly leave a lasting impression.",0,0.0,0.0
2865,"WIBTA if i started dating a ex of a friend So some background information my friend ( I'll call him GB) broke up with his girlfriend (HR) and we still have the same friend group so you could see how this could be a problem.


 HR and I have always been kinda close even when they were dating we were all best friends. At the time i kinda had romantic feelings for her but they weren't strong enough for me to like do anything about it and since they were dating i was like duh no chance but i was fine with that because I was doing my own thing and exploring myself I wasn't in a state to have a relationship at that time but do keep in mind I was not the reason they broke up.

But Now things have changed 3 weeks ago I started talking HR and she told me that she and GB broke up because reasons. I didn't know that at the time everyone was kept in the dark about it.

 So I felt like wow I waited awhile to ask her out and when I did she said um yes of course. Now I told some people in our friend group and was met with immediate backlash with them saying how awful I am, that I shouldn't be doing this, and how that I'm only doing it to cause drama which is not the case.

So right now I'm at a loss my reasoning is that relationships are about trial and error and thar if it didn't work out then respect each other and move on and not take any hostility towards their new S/O but apparently not and now I'm doubting myself 

So WIBTA if I started to date her

Edit: they broke up 5 and a half weeks ago I'm very sorry for not stating this as I thought I did. Also GB at least to my knowledge already has a new S/O

Edit 2: I'll talk to my friend about it as of right now he doesn't know also thanks for the feed back it's really appreciated.

Edit 3: talked to GB and he said that the reason they broke up was because he wanted ger to do something completely unreasonable and when she said no it really pissed him off so he cheated on her. ","YTA. They're both in the same friend group as you are, and they just broke up three weeks ago, which is very recent. Making a move on her would be incredibly disrespectful to GB.
",1,YTA,0.0,0.0,1,"YTA. They're both in the same friend group as you are, and they just broke up three weeks ago, which is very recent. Making a move on her would be incredibly disrespectful to GB.
",1,0.0,0.0
2120,"AITA for telling my girlfriend she's not allowed to wear thong bikinis when I'm not around? We kinda just got into a huge fight and she told her friends what I said. They all think I'm a huge controlling asshole and it's ruined our Saturday night.

How did this get started.....

We met her friend Kavita for lunch today. Kavita just got back from Toronto's carnival and was showing us some pictures. A few of them were her wearing basically a thong.

Now for those who don't know, Toronto carnival or Caribbean style carnivals are not like Brazil's carnival. Brazil is very very tame in comparison, yes the costumes are skimpy but it's a parade.

Caribbean carnivals start off pleasant enough but end up being a public 'orgy' of grinding and dry humping.

Now her friend is married but her husband didn't go with her and she's there telling my wife about how many guys she grinded with (dozens) and how sexy it all was.

Anyway, when we got home I causally mentioned to my wife, if I were Kavita's husband, I'd never even let her wear such a revealing costume in the first place. I said what she did was extremely inappropriate and that if she wanted to go without him she shouldn't have been wearing a thong.

My girlfriend immediately retorted saying she disagrees and that if she wanted to wear a thong in public without me, she can and doesn't need my permission.

I argued back saying, if she did then she'd be single. Thongs send the wrong message to other men. It's effectively like her going somewhere and advertising that she's single and looking to hook up.

She said, that's not at all and that my way of thinking is archaic and sexist. I said that's the reality of how people and guys think.

She told two of her friends and they both sided with her saying I'm way too controlling and insecure.

My argument is that wearing a thong without me present is basically her signalling to other men that she wants to be approached and even hook up because she's being sexually explicit with her own body.

It's not that I don't want to be with a girl who'd do this, it's the fact that she doesn't understand how men think and that women themselves will think she's a whore. If she were to wear a thong on a beach or carnival party without me, I'd have a really hard time believing she didn't do it with the intention of attracting male attention.

AITA Here? Is it wrong to expect a woman who's in a relationship to dress more conservatively?","YTA Because you ARE controling and you DO feel entitled to be in charge of her. Also, wrong sub!",1,YTA,0.0,0.0,0,"YTA Because you ARE controling and you DO feel entitled to be in charge of her. Also, wrong sub!",0,0.0,0.0
3594,"AITA for feeling uncomfortable that my boyfriend’s friend invited himself on our vacation? So I got home from deployment a few weeks ago and me and my boyfriend, let’s call him Rick, have talked about doing a big trip together soon. We decided on Tokyo, Japan because I was stationed in northern Japan but never traveled to Tokyo because none of my friends wanted to go with me. Also he’s never been outside the US. When he told his friend, let’s call him John, where we were planing on going, John asked if he could come too. He’s been to Japan before and asked my bf to ask me if he could come. 
When Rick first told me I said sure because I didn’t want to be rude. But the more I thought about it the more it bothered me. This would be our first big trip together and it means a lot to me to share this experience with him. It’s feels rude that John asked to come because while I was deployed John had all the time in the world to hang out with Rick who was very lonely without me So I got home from deployment a few weeks ago and me and my boyfriend, let’s call him Rick, have talked about doing a big trip together soon. We decided on Tokyo, Japan because I was stationed in northern Japan at my first base for two years but never traveled to Tokyo because none of my friends wanted to travel. Also he’s never been outside the US. When he told his friend, let’s call him John, where we were planing on going, John asked if he could come too. He’s been to Japan before and asked my bf to ask me if he could come. 

When Rick first told me I said sure because I didn’t want to be rude. But the more I thought about it the more it bothered me. This would be our first big trip together and it means a lot to me to share this experience with him. It’s feels rude that John asked to come because how can I say no without being the bitch. Also while I was deployed John had all the time in the world to hang out with Rick but never did. Rick said he was lonely without me and felt like his friends didn’t make time to hang out. 

I’ve met John a few times but still don’t feel very comfortable around him. He is super nice and friendly, but I’m kind of shy around people I’m not friends with. When I’m around Rick and his friends I don’t say much. I’m worried that I will feel like the third wheel in Japan, and that’s kind of how I felt when I live in Japan before. The more I think about it the more anxiety I get that this trip will not be as fun or romantic with his friend around. 

AITA for not wanting his friend to go?","YWBTA- you already said yes. Mind your words. (And obviously, if you just can’t hack it, you’ll uninvite him, you’ll just be the asshole- a more comfortable traveling asshole.)",1,YTA,0.0,0.0,1,"YWBTA- you already said yes. Mind your words. (And obviously, if you just can’t hack it, you’ll uninvite him, you’ll just be the asshole- a more comfortable traveling asshole.)",1,0.0,0.0
1561,"AITA For not paying my ex back for a trip they paid for My ex and I took a trip. the terms were we'd split hotels and gas 50/50 and then play the rest by ear. Ex put everything on a credit card that Rich Father pays for. Afterwords, Rich Father tallied up the bill and said I owed $1,000 for the trip. Ex says, hey, i'm gonna cover some costs of meals I insisted on (and an extra night on our trip ex also insisted on) leaving me with a total balance of ~$600.

We break up.

Ex asks for $1,000 and ""asks"" is a polite way of saying, threatens to take me to small claims, threatens to (and performs!!!) harass my family for the one thousand dollars.

AM I THE ASSHOLE IF I DON'T PAY HIM? So far, have not paid anything. Still considering paying $600 though. Also no signs of small claims court summons.",Of course you are. If you agreed to split it then you need to split it. Is your word worth nothing?,1,YTA,0.0,0.0,1,Of course you are. If you agreed to split it then you need to split it. Is your word worth nothing?,1,0.0,0.0
808,"WIBTA for tagging my family members in a meme that I made calling them out? My family skipped my graduation in May, but still went to my cousin's in June. It's been bugging me since then because he got a facebook post congratulating him and I didn't even get a text from most of them. Well last night I made a Gru's plan format meme that called them out. What I'm wondering is would it be going to far to tag them in it?

Since it won't let me put the meme on here I will describe it.
So it's the Gru's plan format 

1st box: invites family to graduation 7 months in advance 

2nd box: sends out invitations four months in advance

3rd box: Family skips my graduation but manages to go to cousin's a month later

4th box: Family skips my graduation but manages to go to cousin's a month later",YTA don't air dirty laundry out in public. Talk to them first like a rational person.,1,YTA,0.0,0.0,1,YTA don't air dirty laundry out in public. Talk to them first like a rational person.,1,0.0,0.0
2230,"AITA for cheating on my diet/weight loss plan? Alright so basically I went to a family dietitian 2 weeks ago with my wife and we were given a diet plan and some exercise appointments and we were both set a goal to lose 10lbs in 2 weeks.We got our starting weights(me:448,her:445) and its been kinda rocky.I've had these old habits for 30 years that combined with my work schedule and hectic daily life basically meant I cheated on the diet a couple times such as snacking or going through drive thrus and missing alot of the exercise appointments.I tried really hard to stick too(I used to order out 10 times every 2 weeks but on these 2 weeks I ordered out only 3 times).When I came back to her for the weigh in the results weren't good(I lost only 3lbs and my wife 2lbs), it felt really shattering for me.Anyway my dietitian wasn't happy at all, she called me lazy,accused us of not trying and even emotionally charged things like we're selfish and don't care for our children,that kind of thing.I can understand her frustration but I explained to her how hectic my lifestyle is with work and daily living and how these habits have been stuck to me for over 30 years and she only gave vague advice to counter it.","How exactly does a hectic lifestyle necessitate snacking? 

Your dietitian may have been harsh but she was 100% correct; the two of you are prioritizing your snacks and takeout junk over staying alive for your kids.

YTA.",1,YTA,0.0,0.0,0,"How exactly does a hectic lifestyle necessitate snacking? 

Your dietitian may have been harsh but she was 100% correct; the two of you are prioritizing your snacks and takeout junk over staying alive for your kids.

YTA.",0,0.0,0.0
1978,"AITA for continuing to misgender my sibling Throwaway for reasons. Using my sibling's preferred gender in this post. I usually don't.

Long and complex relationship with this older sibling. Not going to go into all of it but it needs a little background. She did a lot of stuff when we were young. It fucked me up a little. Suffice to say her exes have said she was emotionally abusive to them and that fits in with my experience.

She is the oldest child and the first grandchild on both sides of our family. I would call her spoiled but that brings the wrong images. What she had was all the attention she could ever want. I do feel bad for her for this. Most of her life seems to be trying to recapture having this amount of attention.

She has a long history of drug and alcohol abuse. She would disappear for years at a time. When she reappeared she was always in need of money and would claim she was a changed person. This would last long enough that we'd believe her.

I was in college when she had one of these ""changes."" I knew better than to believe her but she was family. I made the mistake of asking college friends about this. They told me I was TA and I needed to forgive her. This time she remained in contact with the family for a few years.

It was a year or two after I got out of college that a long time family friend came out as Trans. This friend lost a lot of friends and a lot of family and our whole family was invested in supporting her. A week or two after this my sibling called me. She told me she was Trans. I instinctively believed she was only doing this for attention. But I was struggling to learn about Trans and just didn't know what to do. So I did the only thing that felt right. I told her I loved her and accepted her no matter what gender she identified as. Then, from my experience with the family friend, I realized how difficult it would be to instantly refer to her by her proper pronouns having known her for 20+ years at that point. I told her this and asked for a little grace as I struggled to do this. She agreed.

Next Saturday was my birthday. I'd already invited all my siblings and cousins to play an online video game with me to celebrate. She came but she had purchased an airhorn. Everytime someone misgendered her she blew the airhorn into her mic. I was pretty pissed.

Some point soon after that she went no contact with the family again. I decided after that to not bother trying to change my way of speaking about her.

She has just recently got back in contact with some of the family. When speaking about her I am still misgendering her and using her old name. Other family members have called me TA for this. I'll probably change my language around them. Outside the family and to others who like me think she is only Trans for attention I fully plan on continuing to misgender her. So AITA?",YTA - no matter how much of a dick she is misgendering her is petty and an asshole move.,1,YTA,0.0,0.0,1,YTA - no matter how much of a dick she is misgendering her is petty and an asshole move.,1,0.0,0.0
747,"AITA for how I spoke to the woman who we traded seats with on a long flight, so me and my wife could sit together? So, me and my wife just flew across the US after a New Years' vacation. We tried to check in to our flight as early as possible, but missed our alarm while on a subway train, and 15 minutes after we were allowed to check in, there were no more seats on the airplane next to each other. There were only two seats in the same row, one window seat and one aisle seat.

I figured it would be fine, since almost everyone prefers an aisle seat to a middle seat, and nobody likes being talked past by strangers on a flight, so we should have no problem asking the person stuck between us to switch to the aisle so that we could sit together. We were also downright exhausted after the trip so we'd planned on one of us being able to sleep a little bit by leaning against the side of the plane.

We board the plane and get to our row, and there's a woman sitting in the middle seat already.

She looks pissed that she has to get up to let one of us past, and while she's preparing to get up, my wife says ""actually we were wondering if you'd be okay maybe taking the aisle seat instead of the middle so that we could sit together?""

She looks taken aback, pauses for a second, and then says ""I'll take the window seat.""

My wife says ""We were hoping for the window seat, is it okay if you take the aisle instead?""

She says ""No, I'd prefer the window seat.""

At this point the stress of dealing with all the travel probably got to me and I said, pretty curtly, ""well, would you rather sit between us for the whole flight instead?""

Equally curtly, she says ""sure, if that's what you want.""

I decided not to push it any further and said ""fine, take the window seat.""

(I know these sentences might not seem rude on their own but both me and the woman we were talking to were definitely talking in a stressed tone that indicated displeasure.)

She just sits in her middle seat looking at me for a few seconds and then says ""so are you making me get up or what?""

I said ""you can have the window seat, that's fine.""

So she shakes her head and scoffs and gets up and sits in the window seat, taking her sweet time about it.

She then shuts both of the blinds on the airplane windows in our row and makes like she's going to sleep. This plane has a dimmer for the windows, so she could've put it very dim but where we could still see out a little, but opted instead to set both windows to fully blacked out.

I know I have no right to expect someone to voluntarily exchange seats on our behalf when we don't have it reserved. But I also feel like most people sitting in a middle seat would rather take either the window or the aisle. She still did us a favor, but being able to switch to the aisle is also a perk so accepting that trade still a nice way to meet someone in the middle (no pun intended). I also feel like there might have been an element of vindictiveness in fully dimming both windows without asking us.

AITA?","YTA. You're asking someone to give up their seat, so dont be a prissy little snot when they ask for the window seat. You also basically threatened to be a dick and talk across her if she didn't give it up in the first place, and this situation was entirely your creation. Grow up",1,YTA,0.0,0.0,0,"YTA. You're asking someone to give up their seat, so dont be a prissy little snot when they ask for the window seat. You also basically threatened to be a dick and talk across her if she didn't give it up in the first place, and this situation was entirely your creation. Grow up",0,0.0,0.0
3242,"AITA: Left Dentist After Being Charged Cancellation Fee On Monday morning at 8am I had a follow up appointment for a root canal, which unfortunately I overslept and missed.  The actual dentist called me at 8:15am and told me my appointment had been missed, and I would need to reschedule.  He said they were overrun with emergencies, so it would need to be another day.  Today I called to reschedule and was told I was being charged $100 because I didn't cancel the appointment 48 hours in advance.  I politely asked the receptionist to send me a copy of this policy because I was not aware of it.  She emailed me the policy which I had clearly signed.  I emailed the receptionist back and asked her to please send me a final statement including the cancellation fee because I thought it was unreasonable and I will pay it and my balance but I won't continue to be a patient of theirs.  


Ever since then my phone has been blowing up, the actual dentist has called three times but I didn't answer.  He left messages saying he wants to discuss the fee.  I told my wife and son this evening and they both think IATA.  They said that I am punishing the dentist when it was my fault I overslept. They think I should just pay the fee, and reschedule the appointment because I had accepted their terms.  My argument is that the fee is outrageous and while I will pay it, I won't finish my procedure with them. This is not my 'normal' dentist anyway, and was only referred for the root canal.  I don't feel any loyalty to this guy.  I already rescheduled with another dentist and they DON'T have a policy that charges for missed appointments.

tl;dr

AITA for leaving my dentist after getting charged a $100 missed appointment fee that I had agreed to?","YTA

You have proof that you signed the policy agreeing to the cancellation fee. 

You’re the one that didn’t wake up on time. 

Why are you blaming the dentist and refusing to be a patient anymore for YOUR mistake?

Edit: A lot of people agree but a lot of the comments don’t seem to. 

I just think it’s an asshole move that he’s getting upset over something he clearly agreed to. I’m sure this was explained to him because I’ve had multiple doctors over the years and each time an office person explained what each paper I needed to sign was for. So he was likely told and just forgot. 

If he didn’t like the policy when he was doing his paperwork he should have stopped then. He didn’t care about the fee until they actually hit him with it.",1,YTA,0.0,0.0,1,"YTA

You have proof that you signed the policy agreeing to the cancellation fee. 

You’re the one that didn’t wake up on time. 

Why are you blaming the dentist and refusing to be a patient anymore for YOUR mistake?

Edit: A lot of people agree but a lot of the comments don’t seem to. 

I just think it’s an asshole move that he’s getting upset over something he clearly agreed to. I’m sure this was explained to him because I’ve had multiple doctors over the years and each time an office person explained what each paper I needed to sign was for. So he was likely told and just forgot. 

If he didn’t like the policy when he was doing his paperwork he should have stopped then. He didn’t care about the fee until they actually hit him with it.",1,0.0,0.0
3662,"AITA for thinking my ex shouldn't go to a shelter? My ex and I still live together because I don't make enough to support two households. She has mental illness.   Last night I got home around 930 and she had waited for me so we could eat together.  I put something in the microwave while we were talking and when It beeped I closed the door too loudly.  I said, ""sorry"" , but not loudly.  This made her start asking who I was talking to.  She started getting upset that someone else was in the kitchen.  She said she hated me and wished I wouldn't keep trying to hurt her like that.  Then wen to bed without eating.  Things like this are almost daily.  If I try to do yoga, I'm having sex with someone in another dimension.  If I wipe my hands on my pants, I'm trying to get paid for what I'm doing to her...etc

Today she texted me that she reserved a spot at a shelter and will take our 4 kids there today if anything is ""weird"".  I haven't responded, but I'm pissed.  I grew up in a poor area where I saw lots of abusive situations.  I think she's taking resources from people that are in genuine danger.  On top of that I think she's harming the children by putting them in that situation.  Would I bta if I told her this?

INFO: she's not on medication because she says she's tried everything and the next step would basically be tranquilizers. She's had multiple diagnoses, but every doctor gives her a different one.  Most likely some rare comorbidity.

Edit: I realize there are some legal and relationship issues here, I included that info for context. I know it's out of scope for this sub.","[r/legaladvice](https://www.reddit.com/r/legaladvice/)

There are children involved, so I would figure out how to deal with this legally. Your kids should not go to the shelter with their mentally ill mother.",1,YTA,0.0,0.0,1,"[r/legaladvice](https://www.reddit.com/r/legaladvice/)

There are children involved, so I would figure out how to deal with this legally. Your kids should not go to the shelter with their mentally ill mother.",1,0.0,0.0
2110,"WIBTA if I oversleep for a bday dinner I said I go to? A family member is turning 50 in a few days and they are trying to gather friends and family for a dinner at a restaurant today. It’s mostly going to be her friends and her fathers side of the family. I’ve already given gift and card a few days ago. I just don’t feel like going out again and spending money 40-60 dollars.  The place doesn’t open till 5 but I was told they open at 3 New Years hrs or something. I called and check website both said 5.

I’m typing this on my couch in a blanket and feel so warm and comfortable. I don’t feel like moving. 

So wibta if I happen to take a nap and just not wake up in time to go?","YTA

But you could just be an adult, change your mind and call them to let them know.",1,YTA,0.0,0.0,1,"YTA

But you could just be an adult, change your mind and call them to let them know.",1,0.0,0.0
2237,"AITA for advising my friend what to use the money I paid her for? We are both 25. She is struggling with money and has had a few side jobs to get by. She’s also not great with spending on non essential things. I’m not loaded, but I can definitely help her like I had been with no issue. We are really good friends though, so it’s not like I’d do this for anyone. I’ve given her about $2500 since October for emergency expenses she couldn’t afford. I haven’t asked to be paid back other than telling her at the beginning to get it back to me when she can. The $2500 is about 5 different occurrences added up and I haven’t received any repayment yet. Again, I don’t need the money, but at this point I felt like asking, considering she just started making more income recently. 

I was going out of town and asked her to watch my dog which she’s done before. I was going to pay her a couple hundred dollars. When I gave her the money the day I left, I told her it would be nice to know that the money is going to one of her maxed cr

AITA?","YTA- Once you pay someone it is their money for them to use as they please.  While I also have a problem with people who are irresponsible with money, there is nothing you can do about it.",1,YTA,0.0,0.0,0,"YTA- Once you pay someone it is their money for them to use as they please.  While I also have a problem with people who are irresponsible with money, there is nothing you can do about it.",0,0.0,0.0
1042,"AITA Charging my roommates 3 months of utilities at a time I handle the household bills for my house of 5. They usually come out to $400. There has been a lot of more pressing issues that have arisen this year (serious health issues and job change) that made charging my roommates on venmo during the beginning of each month lower on my priority list. As such, 4 months of bills have gone uncharged. I, however, made the payments on time. I charged them this past month for the 4 months. I'm getting a lot of backlash, criticism, and am being called careless and not empathetic to think people can just hand over $350 all at once. I gave them the option to pay in installments over the month. But the tensions in the house are still high. One roommate insists she pay over the course of 4 months. I'm not comfortable with that because I don't feel comfortable with not getting my money, I can literally put that money anywhere else and I'll get more from it, and emotionally I don't feel obligated to do this. In fact, it makes me feel like a bank of convenience. I know money is hard. I'm usually more lenient but I made it clear to them I have medical bills and am on disability so I don't have my old income and this is now stressful for me.

Am I the asshole?

Edit: I've brought up through the years that I don't like taking care of the bills because I have a few jobs, am managing some admin things long distance for family, and have recently gotten sick. Nobody was willing to take on the 'head of house' role or split up  the ownership of the bills because they 'don't want to be fronting money' and bc I made more than all of them. Also, I'm not asking for the money all at once. I said they could pay through 2 pay cycles (1 month). If they needed more time they could notify me so we can sort something out. I told them the bills were an anomaly 2 weeks before charging them (giving them a total of 6 weeks to prepare). All of them expressed criticism but nobody asked for any extensions. I'm organizing my affairs more and told them this will never happen again. Now, that May is over and I had given my roommate a last minute 2 week extension, she is avoiding me. SHe is not responding to texts. She isn't responding on venmo.","YTA- you can’t “forget” to charge them for utilities for three months and then turn around and expect them to pay you on the spot. 

Granted they should, at some point, have said “hey- wha going on with the bills?”, but you’re the one that volunteered to manage it, so ultimately the responsibility falls on you.",1,YTA,0.0,0.0,1,"YTA- you can’t “forget” to charge them for utilities for three months and then turn around and expect them to pay you on the spot. 

Granted they should, at some point, have said “hey- wha going on with the bills?”, but you’re the one that volunteered to manage it, so ultimately the responsibility falls on you.",1,0.0,0.0
833,"AITA for not allowing my children to use their phones to contact my ex? AITA? Backstory: My ex is a real treat.  He gave my older kids eating disorders, tried to brainwash the kids into urine therapy through scaring them that cavities were cancer and we had an epic divorce full of him demanding dirt, which I wasn't about to pay to excavate from the yard.  After the divorce he quit his job (making over 100k with benefits) to be a full time bitcoin trader.  Bitcoin dropped and he hasn't been keeping up to date on payments to me and I am still covering the kids extra expenses completely even when he says he will help.

I got my older son a cell phone a few years ago and the ex would pay half of the bill, but my son lost the phone so it was turned off.  In June I got my older two phones and my ex refused to pay for any of the bills.  For Christmas this year I gave my younger son a new cell phone case that was military tested for drops and everything (I got the same case for myself) and he broke it while at my ex's house.  I told my son that he couldn't take his phone anywhere outside of our house without a case due to him being 11 and not the best at not dropping things.

My ex called me very upset that he couldn't contact the 11 year old on his phone, I explained that he doesn't have his phone because he doesn't have a case.  My ex then went into a tirade that whoever bought such a shitty case was an idiot and the case was obviously shitty and how the purchaser should have done better research on cases and purchase better products.  I calmly said would you like to purchase a better case for our child's phone? Quickly he quipped that the children's phones were none of his concern and hung up on me. For the record my case is doing great and despite my kids dropping my phone, has not broken or been damaged.

After that phone call I told my children they are not to use their cell phones to contact (text or call) their father because their cell phones are not his concern, and he refuses to help with the costs. If they need to contact their father they can use my phone or ask me to contact him.

My older son says I am putting him in the middle of our conflict because my ex won't take my phone calls and will take the kids calls. Which is true, my kids watch him not answer my calls when they are with him.  I said I am actually taking the kids out of the middle of the conflict and putting me right in the middle to handle all contact.   My kids think I am unreasonable.   Am I the asshole?

&#x200B;

Edit: We all use my phone to contact him most of the time.  My daughters exclusively use my phone to contact their father.  I guess I was petty.  I was reacting to him.  The good news is it was only Monday that all this went down and I can take a minute and let it go then the kids can contact him again. However, I am not in a rush to buy a new case for the 11 year old's phone.  

Thanks guys for helping me see past my emotions.  ","YTA. 

The fact that your ex isn't financially helping with your kids' phones has virtually nothing to do with this - does he pay for your phone? If he doesn't, why would you let your kids use your phone to contact him? 

This is some horribly petty impulse you should absolutely be curbing. Your kids are probably already suffering due to you two being separated, and there is no reason to involve them in these games. They have the right to talk to their father, even if you don't like him. Don't make this harder for them.",1,YTA,0.0,0.0,0,"YTA. 

The fact that your ex isn't financially helping with your kids' phones has virtually nothing to do with this - does he pay for your phone? If he doesn't, why would you let your kids use your phone to contact him? 

This is some horribly petty impulse you should absolutely be curbing. Your kids are probably already suffering due to you two being separated, and there is no reason to involve them in these games. They have the right to talk to their father, even if you don't like him. Don't make this harder for them.",0,0.0,0.0
3110,"AITA for trying to hang out with my tutor over the summer? So I’m a girl, in second year uni, and I’ve been getting tutored in biochem by this medical student for the past semester. He’a really helpful, and also super hot and nice. Exactly my type.

A month ago, I met up with him to do a final review before my exam. After our session, we started talking about our personal lives, like what we were doing in the summer. He said he will be doing a research job at the hospital which I will also be interning at. I thought it was such an awesome coincidence and said, “So, maybe we can hang out a bit during the summer then?” He replied, “Yeah, that’d be great.” So I felt very confident and said, “If you’re free tonight, maybe we can go for a drink or something?”

He then said, “I’m actually engaged.” There was an awkward silence. We said goodbye and left. Now it’s the summer, and I just started interning at the hospital. I saw him last Friday doing an orientation. I went over and said Hi to him, and he said hello back. We had a short conversation, and I asked him if he wanted to do lunch on Monday. He said he will “get back to me” by the weekend.

Well the weekend passed and he didn’t say anything. I figured his fiancee didnt let him attend. Kind of controlling but whatever. I saw him again this morning, and asked about lunch. He said he can’t make it because of a “prior commitment”. I laughed and joked, “Your fiancee doesnt have to know.” He did not find it funny. He then made an excuse to leave and was kind of rude about it.

I felt really awkward afterwards. Also a bit annoyed that he responded so weirdly to an innocent joke. AITA? Or is he overreacting?","Yta- wtf, he says he’s engaged because your motives were clearly transparent and you consider “she doesn’t have to know” a joke??? Leave this person alone, you clearly have no respect for them, their relationships or their boundaries.",1,YTA,0.0,0.0,0,"Yta- wtf, he says he’s engaged because your motives were clearly transparent and you consider “she doesn’t have to know” a joke??? Leave this person alone, you clearly have no respect for them, their relationships or their boundaries.",0,0.0,0.0
983,"AITA by talking about a sausage in the butt and triggering another person in the store? Earlier in the day a colleague shared an ER surgery with me:


A patient presented at the ER explaining he put something in his rectum and was unable to retrieve it. Upon further investigation turns out the patient froze a summer sausage (the kind you eat) attached a string to it and ""put it up his butt."" String broke, patient was unable to retrieve said sausage eventually prompting a visit to the ER.


It was funny - the guy had a sausage up the butt. I spent the day, along with the other colleagues who heard the story, making jokes and topping them off by saying, ""put it up da butt"" ""in da butt"" etc.


During a break I walked to a local store and while there the ""in da butt"" jokes continued. A joke was made and I replied, ""just put dat sausage in da butt"" and out of no where a woman appears and tells us to stop making comments because it's triggering her. 


I told her it was a free country and she could ""stick a sausage in da butt."" My colleague told me I was an asshole for saying that to the random woman and refused to interact with me for the remainder of the day.


People are overly sensitive.


Am I the asshole here?





","YTA you sound very annoying, I hate being around people like you in public.",1,YTA,0.0,0.0,1,"YTA you sound very annoying, I hate being around people like you in public.",1,0.0,0.0
1807,"WIBTA if I asked the people I invited for an informational to Venmo me for the several expensive drinks they ordered? My cofounder, tech lead, and I are bootstrapping a startup. Last week, my cofounder met a man (we’ll call him Alex) who works at a major company in the advertising industry (our target market), and my cofounder ended up inviting Alex out to chat over coffee or a drink. The context was that we wanted to get his advice on an accelerator program that his company just launched and that we recently applied to. Alex responded that he was happy to chat “over a beer or Joe”.

He offered to invite his colleague who is more knowledgeable about what we’re building. Even better was that his colleague is a mentor in the accelerator program. Alex then sent us a few suggestions for bars we could meet at. We ended up choosing the bar that seemed not too noisy and was between the other two options in terms of price point. It also had a happy hour selection.

When we got to the bar, Alex surprised us with another colleague he invited to join us. She wasn’t as relevant or connected to the accelerator program, but was friendly enough, very talkative, and did give us a bunch of her opinions on what we should do. (It turns out none of the advice we got was actually directly useful or relevant to the accelerator though, but was good insight on their company.)

Here’s my question:

My team stuck to the happy hour menu and limited ourselves each to one drink so we could keep our tab down. We were mentally prepared to pay for the three people’s drinks since they were giving us info. However, we often find that most people are kind enough to offer to pay for themselves knowing that we’re a startup and financially strapped, or they would show some restraint and only order one drink with a reasonable price. So we kind of assumed that was the case here especially with so many people we didn’t directly invite. So we didn’t pay much attention to the drinks they were ordering.

After about an hour, the people from the company said they had to leave and asked if they could give us cash for their drinks and we said sure, no problem! They left, we got the check, and our jaws dropped. The bill came to $130. Between me, my cofounder, and our tech lead, we ordered about $24 worth of drinks. So the rest of that was from the three. It turns out Alex ordered several bourbons, the woman ordered several proseccos, and the accelerator mentor guy ordered a few expensive drinks as well. Alex, who left the earliest, left no cash. The woman left only $3 dollars. Thankfully the mentor guy (who gave us the most helpful advice) threw in $35, enough to cover his own drinks. So we had to pony up for the $60 worth of drinks Alex and his female colleague ordered. Is this normal?

I think I would be asshole to ask them to Venmo us more money. Plus I can’t think of a way to do without making things awkward at this point. But is there a tactful way to handle or avoid this kind of situation in the future so that I’m not an asshole but not a pushover either?

","YTA - You invited these people out with the clear intent of picking their brains about business and network, so you probably should foot the bill. You didn't say anything about prices of drinks or pick a place with cheap drinks. Plus someone contributed $35, so after taking your $24 out of the remaining $60, it's only $36. Not worth it if the goal is to avoid awkwardness and keep the business connections.",1,YTA,0.0,0.0,1,"YTA - You invited these people out with the clear intent of picking their brains about business and network, so you probably should foot the bill. You didn't say anything about prices of drinks or pick a place with cheap drinks. Plus someone contributed $35, so after taking your $24 out of the remaining $60, it's only $36. Not worth it if the goal is to avoid awkwardness and keep the business connections.",1,0.0,0.0
2416,"AITA for not sympathizing more with infertile people? So I have autism and when I'm upset about an argument it can turn into an unhealthy obsession for days. I had a discussion weeks ago on Facebook that led to me obsessing for days because people saw me as a bad person. 

It was in a Facebook group about the show This Is Us. The character Kate is trying to get pregnant. Some fans irrationally hate her and botch about her a lot, I do not hate her but I may have been mistaken as one of those people. I stated that I have trouble empathizing with Kate because there are so many children out there who need parents, and that I hoped the show would address this perspective (it eventually did). I acknowledged that maybe I was an asshole but the more pushback I got, the more defensive and extreme I became in my viewpoint. I tried to let it go but kept seeing people say things like ""Kate is experiencing most women's worst fear by not being able to have biological children"". I'm sorry but if that's someone's worst fear, they need to get a fucking grip. 

To clear some misconceptions people probably had. I don't think it's wrong to have biological children. I don't think it's wrong to want biological children. I am aware that there are various reasons people who want to adopt can't. I realize adoption comes with its own set of issues. I have no issue with people who do both. I just can't muster much sympathy for someone who is in despair and feeling like their life is ruined because they can't have a child when there is a child out there in equal despair because they have no parents. People attacked me saying I didn't know what it was like to struggle with infertility. Well, I also don't know what it's like to be a child who needs a home but I bet they don't either. I was accused of having no compassion by people who said truly selfish things like ""why should I adopt when I have other options?"" maybe because helping someone in need isn't all about you? 

In a world with overpopulation, we as a species should be intelligent enough to say ""we don't all need biological children just because our bodies are making us want them"". We should have enough compassion for others to say ""Adoption will be my first choice, or at least higher on my list of options than a last resort because there are children in need"". 

Even if I'm wrong, I was still clearly coming at it from the perspective of a group in need. I weigh an orphan child's NEED for a home above some person who is well-off enough to consider having children's WANT for a biological child. I don't understand how people act like adopting is a lesser option but then claim they would love an adopted child equally. How am I lacking compassion here? I want people who are in a position to have children to treat adoption s more than a last resort because they aren't the only ones suffering and are clearly in a position to help someone who is suffering. It is selfish to despair over a problem that can be solved by helping someone in need. 

And yes, contrary to what these people thought of me, I HAVE been deprived of things that were extremely important to me. And I will probably have fertility issues due to medication. ",[deleted],1,YTA,0.0,,1,[deleted],1,,0.0
778,"WIBTA for wearing something similar to the bride's outfit at a wedding? My boyfriend's friend is getting married. Because she's so... unique... she's decided to have a floral/pastel wedding in the middle of a New England autumn. Because she's apparently a control freak, all guests must adhere to the wedding color scheme. I *hate* floral patterns and have been going absolutely nuts trying to find a dress I like (and would preferably wear again). It's been hell.

Well I finally found a dress. It's a nice pastel blue and lacy. I love lace. *Buuuuut*.... it doesn't have sleeves. Remember, this is going to be New England fall. As in it could very easily be very cold. So I went in search of a sweater to go on top. I settled for a simple white cardigan. I figure my ""flower"" aspect can be a necklace or barrette or something.

So I'm showing my outfit to my sister who happens to be the maid of honor. She likes it but mentions that its very similar in concept to the bride's wedding dress. Apparently the bride is wearing a lace white dress with blue under layers. So yes... it's not the exact same but it's similar. My mind immediately jumped to me being ""that woman."" You know the one. The one the bridesmaids talk about, the bride fears, and someone plots to spill red wine on.

I'm pretty sure I'm overthinking this. My sister says it's fine since none of the other guests know about the dress and I shouldn't be expected to either. But I do know because she told me. That would morally put me in the wrong if this is an asshole move. But is it?

EDIT: well good morning Reddit. Let me address a couple things.

First, I’m getting a lot of comments saying I’m arguing back. Maybe it came across that way. I was simply responding to new messages as they popped up before I went to bed. I guess doing that over and over again to the few comments at the time would look like arguing to people who came later. I didn’t meant to come across that way. I was simply clarifying because in my mind, not everybody comes back to posts they comment on if they don’t get a reply. My bad. I’ll stop responding to everybody. 

Second, yes... my first few sentences about the bride are pretty harsh. Again, tone over the Internet is not my friend. My unique comment was about the fact that the bride is both insisting on a spring themed wedding and an autumn date in a part of the country it will be cold and dark. That doesn’t line up to me. If you want a spring wedding have a spring date. As for calling her a control freak, you’re right. I’m a bit salty about the dress code. I’ve never had a bride tell me what to wear outside of a level of formality. I thought it was weird to begin with. I also hate dresses and shopping in general so this was already going to be unpleasant for me. But to top it off, I hate the colors and patterns she picked out. So yeah, I was a bit harsh in my words. But that’s because I’m exasperated at this point and it was late at night after going back and forth about “what do you think of x combination or y combination” with people. I don’t like shopping. I don’t like fashion. This has been hard for me. But you’re right. I’ve always believed a bride has a right to have her wedding the way she wants. I just let my frustration cloud that this time. 

Third, the resounding verdict is that not only would be but I currently am an asshole for even entertaining this thought. I can accept this judgement. The whole reason I made this post is because I have this huge fear of sticking out and/or ruining the night. The whole “bride wearing blue” thing is throwing me off! I know it’s tradition to not wear white but the brides not wearing only white. I am in societal norm hell right now. 

The whole point of this is that I DONT want to make the asshole mistake. I’ve been deeply analyzing every outfit option I find. “Is it on theme enough?” “Will I stick out?” Etc etc. I’ve run each outfit by a lot of people to get a wide range of options. The only one I got a unanimous “yes that works” on is the outfit above. But that didn’t sit right with me. So I came to reddit because you say it like it is. You’ve confirmed my fears, pretty loudly. I will keep looking.",YTA. The dress is fine but don’t wear white at all to a wedding. Get a different colored cardigan,1,YTA,0.0,0.0,1,YTA. The dress is fine but don’t wear white at all to a wedding. Get a different colored cardigan,1,0.0,0.0
3798,"AITA for ditching movie night and making my sister mad? I am 17M and I have 2 siblings a 14yo sister and a 10 year old brother. We have done this thing every Sunday night since I was like 10 where we watch a movie, our parents don't do this with us cause I said as a kid ""kids only"". Back then I loved doing that cause it was a way to stay up past bed time. My sister is very emotional and takes any slight as a dig on her personally. My friends wanted to go out for the night on sunday (we don't have school on mondays don't ask I go to a weird school). My sister told me to not forget about movie night. I didn't want to hurt her feelings saying I couldn't cause I just knew she was gonna go straight to our parents and force me to stay cause they always take her side. So I just told my parents that I was going out and not her. Once it was getting close she texted me where I was and said something like do it without me I am out with friends. I got a simple ""K"" text message and I thought she was over it.

I got home around 12:15 or something. I did tell my parents that I was gonna be out, but they thought it was gonna be a day time and not night time thing cause I guess they made a big dinner and I wasn't there to have it. As punishment I have dishes and dinner duties for a week lol. They aren't mad or disappointed just kinda bummed they misunderstood me.

My sister on the other hand........is PISSED at me, I feel a bit bad but we do it every week and I wanted to hang out with friends and not 2 kids. She said she's ""done with me"" which means like 2 or 3 days and then realizes that she misses me lol. I wouldn't mind rescheduling where I do something with her to make it up.

My brother was happy we didn't do movie night either cause he wanted to play with his new toy or some shit.

I get where my sister is coming from, I am a senior and I'm going into the armed forces so I won't be around for probably a year going into training and such, but I wantto spend time with my friends cause I most likely won't see them again, while ill still see my sister for my life.

AITA for ditching sibling movie night?

this is a repost cause I was missing a lot of stuff, and the old one made me look really unjustified in doing it other than to antagonize my sister.",YTA because you didn't tell her up front. You just didn't show if i understood correctly.,1,YTA,0.0,0.0,1,YTA because you didn't tell her up front. You just didn't show if i understood correctly.,1,0.0,0.0
3764,"AITA for refusing to be involved in ""polite ribbing"" about my girlfriend at a friend's housewarming party? My friend bought a house and his housewarming ended up being a sort of once-a-year catch up for friends of his and mine that sort of never made time to really catch up. So good friends from the past, but not so close now.

Naturally everyone's sharing life updates, and I brought along a couple of big ones to the table that I didn't know how to share without them possibly being a little jealous. First that the company I was an early engineer at was successfully acquired and that made me moderately wealthy (lockout period blah blah not withstanding) and that after a couple of years after my divorce I was finally in a steady relationship once more. My girlfriend is somewhat younger than me but not by much (42 to 25) and whatever mistakes I made with my last marriage and relationship, I'm looking to put them aside and do much better with this one. Luckily no kids in the mix.

Unfortunately I felt constantly under attack from a small set of friends and sadly, their family too. Too many robbing the cradle jokes, and how my acquisition apparently had other terms and conditions (referring to my girlfriend being a gold digger). About an hour or so and a few beers in, I just about had enough, and called out a few friends and their wives for being jealous and not being able to share in my success. Which is a shame, because at least the husbands were with me supporting me when my career was tanking and my marriage in the shitter not too long ago. 

I stormed out, created a bit of a scene (only words) and left. The host later called me and told me that what I did was immature and uncalled for, and he wished I had a better sense of humor. I don't know ladies and gentlemen, am I supposed to be forever immune to jokes about how I can afford top quality mail-order brides or whatever now that I've got an extra digit in my bank account or cradle robbing jokes (like how the software at my company might be older than her ... ) forever? Even from my supposedly good friends and past acquaintances? What about their wives? AITA??","YTA: I would have said ESH, but oh my God you sound like an ego maniac... You didn't want to tell them life updates because you figured they would be jealous of you? You couldn't take just one night of them making the frankly OBVIOUS jokes, and getting it out of their system? It's fucking funny, you should have laughed and let it go. If they keep doing it for years to come, come back and ask again and we'd tell you that THEY are being the assholes.",1,YTA,0.0,0.0,0,"YTA: I would have said ESH, but oh my God you sound like an ego maniac... You didn't want to tell them life updates because you figured they would be jealous of you? You couldn't take just one night of them making the frankly OBVIOUS jokes, and getting it out of their system? It's fucking funny, you should have laughed and let it go. If they keep doing it for years to come, come back and ask again and we'd tell you that THEY are being the assholes.",0,0.0,0.0
1538,"AITA for trying to save my own life? Throwaway just in case my roommates see this. 

&#x200B;

Context: My roommates and I live on the 4th floor of this apartment building and one day for no reason the firealarm starts blaring.  I know this isn't a drill so I grab my coat and run out of the apartment, I don't want to be caught in the fire especially if it happened on the second or third floor.

&#x200B;

So, I hightail it out of my apartment and start running down the stairs and I can definitely smell smoke.  On the way down between the second and third floor staircase there's a woman with her kids walking down slowly.  I call out ""excuse me!"" as I run down the stairs, the mom doesn't care and so I run past and knock over one of her kids as I run down and outside the building.  

&#x200B;

My roommates join me soon after but so does the lady and she insists that I'm an asshole for knocking over her kid.  To be honest I don't think I'm an ass hole for trying to save my own life here, if anything she's the ass hole for moving so slowly on the stairs when there's a damn fire in the building.","YTA. Sure you can save your own life but don't try to kill other people why you do it. And anyway there's no way a fire spreads that fast and with only 4 floors you shouldn't have been running, you were more likely to hurt yourself doing that",1,YTA,0.0,0.0,0,"YTA. Sure you can save your own life but don't try to kill other people why you do it. And anyway there's no way a fire spreads that fast and with only 4 floors you shouldn't have been running, you were more likely to hurt yourself doing that",0,0.0,0.0
1115,"AITA for mansplaining unintentionally? please hear me out, So many of my peers ask me for help, and then often they want to know what they did wrong, so I have to dumb it down for them to put it bluntly. It's not a joyride for me but they just don't ask their doubts to the teacher, they expect me to do it for them.

&#x200B;

Now the thing I've been thinking lately was my employer kept rejecting my perfectly fine creatives(I'm a graphic designer) because they looked pixelated on her macbook. They were actually very small icons around 200px by 200px and that was the reason, but she still couldn't understand my point as to why they look pixelated when seeing zoomed on a 1080p sreen. I then dumbed it down a lot, and I'm pretty sure she still didn't get it, but forwarded my work to the front end so I was cool with it. But now that I think about it, was I TA here? she didn't say anything but now its late night and I'm thinking about it.

","YTA from the way you speak alone. I was you back in the day, I got a job with my university tutoring my peers and I thought I was hot shit. You are not. Teaching is not about “dumbing down.” You are very self absorbed.",1,YTA,0.0,0.0,0,"YTA from the way you speak alone. I was you back in the day, I got a job with my university tutoring my peers and I thought I was hot shit. You are not. Teaching is not about “dumbing down.” You are very self absorbed.",0,0.0,0.0
1648,"WIBTA to take down someone else's lost cat flyers? We moved into a townhouse in mid-December. Ever since we moved in, there have been posters for a lost cat. The flyers looked pretty old, so I checked Facebook and see that the cat went missing on July 15. I'm not sure if the cat has been found or not. The last update on Facebook was August 21 saying he wasn't found.

I know it's kind of assholey to take them down since they're not mine, but they're an eyesore and have to come down eventually. Seven months is long enough, right? I assume he's either found or dead.

(I could also text the owner and ask if he was found, but if he hasn't been, that would be pretty awkward.)

Would I be the asshole to take the flyers down?

Edit: If it matters, one of the flyers is on the shared mailbox that’s directly in front of our house. That’s the one that bothers me.","Ask the owner if they've been found first, then move forward from there.

If you take the signs down without asking the owner first, YTA.",1,YTA,0.0,0.0,1,"Ask the owner if they've been found first, then move forward from there.

If you take the signs down without asking the owner first, YTA.",1,0.0,0.0
2476,"AITA? I (52m) paid to send my stay-at-home DIL (25f) to live in another country with her friends (23f, 25f) to relieve tensions in our relationship I don't use reddit but my wife (46f) told me to post on here to get some perspective on my actions. To give you some background I recently married into this family about 7 months ago but we have all known each other for years through work, I am the CFO of a moderately-sized tech company and my wife's late husband was our COO so we kept a close working and social relationship. He passed about almost a year and a half ago and while I had no intentions, I acted as a support for my now-wife in a friendship that quickly turned into an intimate relationship. She means the world to me but that brings me to where I may have made a mistake, my step-daughter (25f)

My step-daughter is in an art collective with her friends G (27m) S (23f) and H (25f) and they all make disturbing and upsetting art while our bank accounts subsidize it. The only play of hers I ever attended involved a family sitting at a table and everyone except the father slowly undressing, smearing food all over each other, and miming the performance of lewd acts on each other. I had not wanted to talk about it but the entire ride home she kept going on and on about how it was a radical marxist takedown of the patriarch and the way he corrupts the bonds of family. Honestly I can't help but feel that was a bit pointed at me, and her behavior as time has gone on has only increased my suspicions that she harbors some resentment towards me.

She refuses to talk to me and if she does it's an invitation to one of her shows that I politely decline telling her that while I support her art it makes me uncomfortable and anxious to attend. Eventually things boiled over when she invited me to a play her collective puts on in the fall and as usual I politely turned down her offer. But she began screaming that I wasn't her real dad and no amount of money I gave her could change that, this set me off and I told her if I was her dad I wouldn't let her waste away her life just living at home like she does. She fired back saying it's not even a home to her, her girlfriend (22f) broke up with her, and she has nothing left in this city so may as well leave. I told her that I think that actually might be good idea, hell I would pay to have her and her friends to live away for some time. We quieted down and that's how we decided to send her, S, and H to England.

Now I know I fucked up because I agreed to this without consulting my wife and she is livid that this is just an out-of-sight solution. I told her time will fix us as she gets used to me, Me and my friends think tensions are just higher because my SD is emotional about her break-up, but my wife swears its because we moved too quickly with our relationship and this will only aggravate things. They have been gone for two weeks now and have not contacted us at all, the little info we get is through my DIL’s friends. I think it’s a sign that we needed space and my wife thinks the opposite. So, AITA?

Edit: DIL to SD",There’s no way this really happened. I’m calling bullshit. Oooor you messed up and married into a batshit crazy family.,1,YTA,0.0,0.0,0,There’s no way this really happened. I’m calling bullshit. Oooor you messed up and married into a batshit crazy family.,0,0.0,0.0
3959,"AITA for not wanting to pick up my wife from the airport at 12:30 AM? Backstory: My wife is coming back from a four day business trip. Her flight is just under three hours, and she will be landing around 12:30 AM. Airport is about 30 mins away from our home. She generally hates flying in this late, and asked if I could come pick her up from the airport (**To clarify:** the airport is O’Hare. It’s a huge, busy airport. There are hundreds of business travelers coming through even at 1 AM, and a huge fleet of taxis / ubers standing by to take them home. If this was a little airport and she was waiting by herself for a taxi for 20 mins, you would not be reading this post. As much as people are sensitive to it, safety is realistically not a huge issue here.)

&nbsp;

I have to get up early and commute to work the next morning, and wouldn’t be getting home until 1-1:30 AM. I get why she wants me to come, and I know it would be the good thing to do..... but I also feel like she’d be completely fine just taking a taxi this one time... Am I just being lazy, or am I being a lazy asshole here Reddit?

&nbsp;

Edit: (Sigh.) Goddammit. I kind of knew in the back of my head that I should just go, but thank you for confirming. I’ll suck it up and go get her. Thanks Reddit!


&nbsp;

**Edit 2: I went. She had a shitty flight and was surprised/overwhelmed to see me and cried happy tears. It was a cute moment. Your comments and shaming made it all possible. Ok off to bed.**",[deleted],1,YTA,0.0,,1,[deleted],1,,0.0
3825,"AITA for insisting that my boyfriend not use the fluorescent kitchen light? My boyfriend and I hardly fight but we're at a standstill over the big fluorescent light in the kitchen of our 1BR apartment, and I'd like some arbitration. I'll try and lay it out as objectively as I can.

My side: I know it's weird, but I hate overhead lighting, fluorescent in particular. I feel like hate is not even a strong enough word. When that kitchen light is on it causes fight-or-flight in me. I want to get away from it, but it's permeating everything. If I go in the bedroom and close the door I can see it coming through the cracks and it feels like it's seeping into my brain. The only analogy I can think of is a stink bomb. I become anxious and unhappy until it goes away. Sure I have to deal with fluorescent at work during the day, but I'm anxious enough outside the house. I don't want to live that way in my home at night. I'm happy to buy and maintain as many table and floor lamps are necessary to produce adequate light. I know I'm not the one who cooks, but honestly if it were a choice between the light or takeout, I'd prefer the latter. I think my boyfriend should accept my preference and not use that light while I'm home. If I lived alone it would go completely unused, I have no issue doing the dishes or using the kitchen with just the other lights we have. I think it's unreasonable of him to subject me to this discomfort.

His side: he does the cooking and most of the dish-washing (I work full time and he doesn't, and that's part of our division of labor.) He cannot see as well when the overhead light is off. Aside from that, he enjoys the lights. Any more table lamps in the kitchen would not be feasible. If he were living alone he would not use any other light for the kitchen/living room area, he'd leave it on all the time. He thinks it's unreasonable of me to insist that he cook and clean ""in the dark.""

So what do you think? Who's the asshole here?

EDIT/INFO: I could totally deal with this by spending time in the bedroom while he cooks/cleans. It would be fine for me if he used the light while I was not in the living room/kitchen. But if I go to the bedroom and close the door when I get home he says I'm being silly and gets sad that I'm not spending time with him, then I say ""well it's because the scary light is on"" and he makes faces at me. But that stuff is more for a relationships sub. I just wanted to clarify I am ok with him using it while I'm home, just not while I'm in that half of the home.

FINAL ",YTA. You are placing your irrational aversion on someone else who is using that space the most to cook and clean. You tolerate this fine and are completely functional at work with fluorescent lighting. It sounds like seeing a therapist would be a good idea for you so that you can stop trying to make others live by your lighting centric anxiety.,1,YTA,0.0,0.0,0,YTA. You are placing your irrational aversion on someone else who is using that space the most to cook and clean. You tolerate this fine and are completely functional at work with fluorescent lighting. It sounds like seeing a therapist would be a good idea for you so that you can stop trying to make others live by your lighting centric anxiety.,0,0.0,0.0
3407,"AITA for getting my daughter to hang out with other children in the neighbourhood? My daughter Amy is... different. From a very early age she displayed behavioural issues such as stealing and violent behaviour and was completely defiant to me and my husband. We sought help for this and Amy has had help from specialists for many years which has made a world of difference. 

Unfortunately Amy is incapable of empathy or remorse and there's nothing we can do about that. She does not frighten easily and openly admits that she does not love or care about us which is heartbreaking. Nevertheless she is logical enough to understand that actions have consequences and that she will be punished if she acts out. Amy is very intelligent and is advanced for her age across the board. 

Amy is very charming however. She makes friends very easily and at home speaks in a very ''adult'' sort of way. She can easily hold her own in conversations with adult relatives and family friends but at the same time can act her age and when with her friends speaks like any other 13 year old girl. Her friends parents all find her delightful. In spite of her issues Amy is not that different from anyone else her age and even came up to me the other day asking for advice on a boy she had a crush on, which brought tears to my eyes since it was the first time I've seen that kind of vulnerability from her. 

We also have an 11 year old son, Ryan. Ryan often hangs out with a few boys and girls who live on our street. Amy has no interest in this sort of thing but recently a group of kids from another street have been coming to steal the ball that Ryan and his friends use. I asked Amy if she'd be willing to hang out outside with them and then call me if any trouble starts. 

Yesterday Ryan came running up to the door, saying that Amy was hurt and that I needed to come and see. I found Amy on the floor bleeding and crying in pain. She was severely injured, with the worst being a broken arm. I called an ambulance and she was taken to hospital. 

Ryan told me what happened. Apparently Amy started encouraging Ryan and his friends to go after the bullies and start a fight with them for the ball. They did this, unfortunately one of the bullies had an older sister who came and attacked Amy. Amy said this was all true. 

I feel so guilty. Amy's care plan makes clear that she is not to be left among younger children as she is a danger to them. I took my eye off the ball and thought no harm could happen, and she provoked a fight and got herself severely injured. 

I feel like I deliberately ignored Amy's needs out of convenience to myself.",">Amy's care plan makes clear that she is not to be left among younger children as she is a danger to them.

I'm not sure why you're even asking.

YTA",1,YTA,0.0,0.0,0,">Amy's care plan makes clear that she is not to be left among younger children as she is a danger to them.

I'm not sure why you're even asking.

YTA",0,0.0,0.0
3108,"AITA For Pausing The Wifi Preemptive TL;DR: I pause the wifi to convince my parents to replace their router because it inconveniences me.

&#x200B;

# Background:

I have pretty standard boomer/gen x parents (54 and 50) who don't super understand the whole internet thing. 

&#x200B;

I used to pause the wifi when my dad would try to send emails and complaints the to local public works dept, since I clear their snow while I'm home from college, and the plow drivers who receive the aforementioned complaints know exactly who is sending them, and which driveway to block in completely.

&#x200B;

After setting up parental controls for when young family members were visiting, I left them on the old router, where some devices would have free reign with just a popup on my phone, and others would be blocked completely. I left it on by mistake a year ago, and saw that my dad is a pornhub **fiend**. Particularly at 12:30am when my mom is finally asleep. He was blocked from the site by mistake on his ipad and went ballistic about me ""breaking"" the router.

&#x200B;

Turns out, I made the right call, because my old man thought that anything Apple was completely safe from every virus ever. For context, this is same guy who offered to match my savings for a college laptop, then took the money out of my account and got a macbook that was old even then, insisting that it was what all the colleges required. I installed windows on it within a month of being at school. 

&#x200B;

But, he got a virus, and it was far from his first. I realized that, when he ordered another new router, all the different ones we'd had were the result of viruses and his accounts being hacked, which he blamed solely on the router.

&#x200B;

The most recent router is my issue. He had geek squad choose and install it while I was away, and it is terrible. While before I would get something that was pricier, since we would have at minimum 7 devices all connected between just my parents, it was usually a good call, everything loaded and nobody was waiting for their netflix. This most recent router was a ""home system"". Not only does my dad insist in keeping the main tower and modem in the far corner of the house, but the range extender nodes are both too far and lose signal.

&#x200B;

# Assholery:

Now, while I'm not a huge gamer, I do play ones that require a solid connection, such as fighting games, and I do stream on twitch as a hobby, and my only source of income until I find a position in my fields. If I had a dollar for every time this new router had decided to drop dead on me, I'd have enough to move out today. So, in an attempt to convince my parents to actually upgrade with the next router, I've begun pausing the wifi on them throughout the day.

&#x200B;

We have the past 2 fully working ones here in the house. I tried using one as an access point, but their current router only allows Linksys nodes to be connected as a security measure and them shits are $80+ on eBay.

Edit: I had offered to buy it myself and was shot down

Edit 2: Probably relevant that I pay 1/2 of the internet bill as well as rent

E3: Resolution in comments, Thank you all for your honesty",YTA. You're creating a problem to make others spend money that suits you.  That makes you an asshole.,1,YTA,0.0,0.0,0,YTA. You're creating a problem to make others spend money that suits you.  That makes you an asshole.,0,0.0,0.0
2653,"AITA For pulling out of a group project at the last minute? For the past month or so in school we had to come up with an idea for a product and make it and pitch it ( tomorrow 5th March ).

I usually like to take responsibility so I’ve done most of the work for our group along side a lot of other projects during that month so I was really caught up in schoolwork etc.

I worked really hard on the project as there were pretty fat rewards from it and that especially got me to try and win so I worked my ass off.

Tomorrow we have to prepare a stand before we pitch which showcases our product etc. So, earlier I was drawing up huge letters to put up for our stand which said our brand name. Since our product involves a glass bottle one of my group members texted me

Can you make a design for the bottle

So I finish the letters and start on a design. I will be honest but I didn’t put 100% into it. We were almost done so I was knackered and just wanted to finish it, so I rush the drawings and I get these texts

Wtf have you been doing

Those are the most shitty designs I’ve seen in my life

Now I was really offended, I’m open to criticism but that’s too far.

So. At 5pm the day before our pitch I switch to another group and bring anything with me that could help my new group and delete or destroy anything that could help my old group.

After this I felt really bad because the other group members had done nothing wrong (and nothing in the project) and now I’ve bestowed a shitty deadline on them.

Guys, AITA?

Edit: before, the member in question was nice and *fairly* helpful but he must have had a bad day and snapped ","YTA You could have the told the group member that their behaviour was not ok or you could have told a teacher. or, much better: delete your designs and let the complaining team member do it.",1,YTA,0.0,0.0,1,"YTA You could have the told the group member that their behaviour was not ok or you could have told a teacher. or, much better: delete your designs and let the complaining team member do it.",1,0.0,0.0
657,"AITA for getting my sisters keys stolen?? For context, I was out in london for a day trip with my Siblings just for general shopping and sightseeing and my sister asked me to hold her phone, keys, purse ect.. while she went to the toilets.

 I didnt go off anywhere during this time but somehow I must of managed to drop her keys and didnt notice when giving her stuff back. Only finding out after the 2hr train ride back home.

Shes angry at me as I ""couldn't pay attention for a few minutes"" and thinks I should pay to get her locks replaced in case it was stolen which is a bit of an overreaction but I dont think I should. It was an honest mistake but she thinks I'm an asshole for not thinking it's a huge deal, am I?","YTA

They keys weren’t stolen you lost them by dropping them. She asked you to watch her valuables because there aren’t really places to put them in a bathroom stall and/or sink area and you agreed to do so. 

When she came out a couple minutes later there was no reason for her to believe any item would be misplaced. It would be a bit condescending for her check off each item after coming out after such a short amount of time. 

You were holding the items how did you not feel the weight of the keys drop or a cling noise when it did? Did you place the items down for a bit to check you phone?",1,YTA,0.0,0.0,1,"YTA

They keys weren’t stolen you lost them by dropping them. She asked you to watch her valuables because there aren’t really places to put them in a bathroom stall and/or sink area and you agreed to do so. 

When she came out a couple minutes later there was no reason for her to believe any item would be misplaced. It would be a bit condescending for her check off each item after coming out after such a short amount of time. 

You were holding the items how did you not feel the weight of the keys drop or a cling noise when it did? Did you place the items down for a bit to check you phone?",1,0.0,0.0
3351,"AITA for telling my OCD friend to “get over it”? As the title says, I have a friend who has OCD. When out in public she never forces anyone to follow her rules, but her house is another story.

Whenever I go over to her house, I always see rule pages all OVER the place. Specifically on every door leading into another room. These rules are in place to prevent her from having an ‘OCD attack’. She’s said they’re not just for others to follow, but just as a reminder to herself. It’s ridiculous. 

These rules are like; don’t sit down anywhere without telling where. Wash your hands after coming inside. Wash your hands after eating before touching anything. Don’t sit down anywhere without permission, etc etc. It’s really annoying.

Of course I always tend to forget about the rule pages around, I’m used to them there so I pay no mind. Because of this I had forgotten some of the rules, and sat down on the couch (which had her clean laundry on it so I just moved it to the side)  while she was in the bathroom.

Needless to say, she was panicked when she saw. Apparently she didn’t know if my hands were safe or not, and since I had moved her laundry it is now “infected” and “unsafe” which gave her a TOTAL breakdown.

She started crying, asking me why I would do such a horrible thing. I find her behaviour absolutely ridiculous, overdramatic, so I tell her to just get over it! This pissed her off even more. She told me to please leave and that I was an asshole because she can’t help it. 

Her calling me an asshole made me post this here, AITA?","YTA! I guarantee you, she would *love* to just ""get over it"" if she could. Living with OCD is hell on earth. And people like you make it even worse :)",1,YTA,1.0,0.0,0,"YTA! I guarantee you, she would *love* to just ""get over it"" if she could. Living with OCD is hell on earth. And people like you make it even worse :)",0,0.0,1.0
1770,"AITA for only taking in my niece and not my nephew? My brother and his wife recently passed away without plans in place. My husband and I have two kids (14M, 9F) already but want to do the right thing.

I offered to take in my brother’s daughter so that she can stay with family. I don’t want to take in his son (2M) because, having already raised a son through young childhood, I know how difficult they are and the entire experience was very unpleasant. I would rather just take in their daughter since we already have a young daughter anyway and the two of them can bond.

I think this is perfectly reasonable since my nephew is young and won’t remember his sister anyway. We think the best situation for him is to put him up for adoption to a loving couple. 

Surprisingly we have been villanised for this despite being willing to take in my niece? They are accusing us of breaking up the kids even though my nephew is too young to remember anything anyway. And I don’t see any of them volunteering to take them both in. I understand it might sound mean, but in the grand scheme of things I think this will be best for the kids","Yta. You’re splitting up a family! Even if he’s “too young to remember” right now, when he’s older and learned his Aunt adopted his sister and not him, he’d be crushed.",1,YTA,0.0,0.0,1,"Yta. You’re splitting up a family! Even if he’s “too young to remember” right now, when he’s older and learned his Aunt adopted his sister and not him, he’d be crushed.",1,0.0,0.0
3154,"WIBTA for bailing on my friend's wedding? I RSVP'd to a friend/acquaintance's wedding that is this weekend, and now school stress has me wanting to bail.   
 They aren't super close friends, we run in the same music circles, and I've hired the groom as a DJ for events I put on a few times in the past.  The wedding is on Saturday, but I am in medical school, and my last two finals are on Monday.  I'm in a tight spot, they're my worst two classes, and I need at least an 83% and a 62% to pass.  I really want to bail, but the matter is complicated by the fact that their best man is from the same city as me (two hours drive from the wedding), and doesn't have a car, so he needs a ride.  At first I thought it wouldn't be that bad, he agreed to drive my car, and I warned him that I wouldn't be any fun (studying on the way up and back), but now it turns out he needs to be up there on Friday too for the rehearsal dinner (I know I should've thought of this, but I didn't, and he didn't bring it up until today), and for a brunch on Sunday morning.  Even just the wedding and reception would've been eight hours of my study time (I'm including the drive because I get pretty motion sick and likely wouldn't be very productive), but now it's turned into an all weekend affair.  I would still be willing to lend the best man my car.  WIBTA if I told them I couldn't make it?","YTA

sorry bro, weddings are fucking expensive and the RSVP is basically saying 'i promise to be there for the really expensive shit, that will be wasted if i dont show up' also you left it way too late. When did you know the date of the exam?

&#x200B;

Edit: i am sorry because i am in the college lyfe and know what its like to be under the gun with exams, so this may be one of those times in life where you may be forced to be an asshole",1,YTA,0.0,0.0,1,"YTA

sorry bro, weddings are fucking expensive and the RSVP is basically saying 'i promise to be there for the really expensive shit, that will be wasted if i dont show up' also you left it way too late. When did you know the date of the exam?

&#x200B;

Edit: i am sorry because i am in the college lyfe and know what its like to be under the gun with exams, so this may be one of those times in life where you may be forced to be an asshole",1,0.0,0.0
1116,"AITA for refusing to share the book I am reading with my work mate? The book is in a foreign language and I hate being asked 1000 million questions about why and what and how, interrogative questions give me panic. I am working a telephone job so i am able to read at work, he is always on his phone and then suddenly drops his phone and lunges at my book. I say ""No"" he's like ""No what?"" Completely unaware that he doesn't have the right to see my book

I kept explicitly saying ""No, you cannot have the book"" 20 times before just turning my body away.

 That guy is in his late 30s and helps me at work (as i do as well) but i am not interested in sharing. He does listen in on my private conversations though and openly shares what he knows about me with the rest of our team. I'm not fond of that but I haven't discussed it. Then another guy, me and him would be the youngest in the team, tells me that i am being rude by not giving him the book. I said i won't because it's in another language. So the older guy looks over my shoulder and keeps asking questions anyways (the ones he would've asked if he got the book, so I ignored all questions. 

And now nobody in the team is talking to me. How was I wrong, when my ""No""s were ignored and my privacy was violated anyways?",[deleted],1,YTA,0.0,,1,[deleted],1,,0.0
1369,"AITA for cutting ahead in line and yelling at a lady for talking crap about my wife? So there’s a cupcake place in town called Sprinkles. Amazing. Delicious. Expensive. Anyway... during the Game of Thrones finale a few weeks back, they did special GoT cupcakes. It happened to be a day when we were in the area (approx an hour away from our house) so we decided to stop in and get some cupcakes, NOT the special GoT ones, just their regular flavors.

So these special GoT cupcakes ended up selling out online. When we got there, there was a literal line curving around building of people waiting on standby. We stepped in line, and waited about 15 mins, barely moving. An employee came outside and made an announcement that anyone waiting for GoT cupcakes would be at least a half wait.

Literally everyone ahead of us were waiting for these special cupcakes and I can hear them all chatting about it and moaning about the wait. My wife says she’s going to go in and ask if we aren’t waiting for those specific ones, can we just cut ahead and order their regular flavors. She enters and a minute later texts me to come inside. As I’m entering through the doors, the lady who’s first in line starts bad talking shit about me and my wife cutting the line and how far we and we need to wait and blah blah blah. 

I try to explain to her my wife asked the employees and we didn’t want the GoT cakes and she starts yelling at me that no she didn’t ask and it didn’t matter. So I start getting a little louder and telling her mind her own business and wait for her cupcakes and end up pulling the door shut in her face from the inside and calling her something like a “fucking maniac.” 

Inside, there’s at least a dozen people either waiting to pay or waiting to be served their cupcakes. My wife is just staring at me, along with everyone else either laughing or staring. Turns out wife didn’t ask, she just went inside and stood in line. She was embarrassed that I, being a man, would raise my voice at a woman, especially a stranger. She’s definitely not wrong, but I was trying to defend her honor, lol. AITA?

TLDR: Cut a half hour wait in line to order the regular cupcakes and yelled at a lady for talking shit about my wife.

*EDIT* So just to make it clear, yes we cut in line, but these people were going to be waiting 30 minutes either way. Me getting my cupcakes and leaving didn’t make them having any longer or shorter wait in line.","Gentle YTA, even though it's not really your fault — if the store was really going to let you cut, that would be a different story. But your wife lied, and was not actually permitted to cut. Your wife is kind of TA here, for cutting, lying, then consequently making you look bad.

Basically YTA (really your wife is TA) for cutting the line. The lady kind of had the right to be pissed, especially being at the very front of that long line.",1,YTA,0.0,1.0,1,"Gentle YTA, even though it's not really your fault — if the store was really going to let you cut, that would be a different story. But your wife lied, and was not actually permitted to cut. Your wife is kind of TA here, for cutting, lying, then consequently making you look bad.

Basically YTA (really your wife is TA) for cutting the line. The lady kind of had the right to be pissed, especially being at the very front of that long line.",1,1.0,0.0
2539,"AITA For not wanting to give my (f20) best friend (f20) a new bike So my best friend is amazing. She is always there for me and she is just a very nice person. There's just one problem. She is irresponsible as fuck. 

She breaks and loses things constantly and she told me last week how she was lucky her bike wasn't stolen because it wasn't locked, for a whole week. 

It's her birthday next month and the bike she is riding is pretty trashy and the 5 of us decided to buy her a new bike. But those are pretty expensive and I was thinking, is she even going to keep that one good? 

So I said in the group without my best friend in it, might sound asshollish but I'm not sure if giving a bike is a good idea. I don't know if she will keep it in a good state, so I explained how she told me about her bike being unlocked and all. Now my friends are ignoring me and one already said I was being an asshole for even saying that. 

She already broke several bikes during her high school period. 

But I don't want to spend 30 euro or more just to get her a bike that she might not even have for very long. I rather give her something that she hasn't broken many times. 

I trust her but she just forgets things easily and always seemed to find a way to break her bike. She had a preference for bright coloured bikes and wanted a brand new one originally but we already said we want to give her a second hand bike.  

I've known her my whole life and her boyfriend called me an asshole. They are together for three years. 

TLDR: my best friend is amazing but irresponsible and she needs a new bike. I'm afraid that she will break it or let it be unlocked because of previous experiences.


Edit: 30 euros is a lot for me, I'm an intern right now and living of a low income... So 30 euro for a gift is something I would only do for her. And I'm in doubt if it will go to waste or not.

Edit 2: 30 euros might increase her boyfriend said he will not help pay the bike. He already has something","What does it matter if she breaks it or loses it after you give it to her? It's a gift.

YTA.",1,YTA,0.0,0.0,0,"What does it matter if she breaks it or loses it after you give it to her? It's a gift.

YTA.",0,0.0,0.0
506,"AITA for getting a family thrown out of a restaurant for underage drinking? Throwaway account.  We were at a local restaurant last Saturday evening. This is a locally owned establishment, not a chain. There was a 30-45 minute wait for tables.  There was another family waiting in the wait area, and the ""mom"" went to the bar and came back with three drinks. A beer for ""dad"" and a margarita for her and one of the young women. There was another young woman there who looked of college age, and had on a college sorority t-shirt, but no drink was brought for her.

But as I watched I noticed that the mom was sharing her margarita with the 4th girl, who I assumed was under 21 as she had no drink of her own. In fact, I'd guess the 4th girl consumed MOST of the mom's margarita. I mentioned this to my husband and he said so what, forget it. Full disclosure that I'm a non drinker myself and certainly don't approve of underage drinking, not to mention that this behavior might put the restaurant at risk. So I mentioned it to the hostess. A short time later a manager (I assume) came and asked to see the girls' ID's. The girl with her own drink produced one. The second girl who had been drinking from Mom's drink did not.  I did not hear the exchange, but the family left thereafter. I assume they were asked to do so. 

My husband said that it was a crappy thing for me to do. I feel like I was protecting the restaurant. Was I the Asshole?","YTA. You weren't ""protecting the restaurant."" You were being a self-righteous, self-satisfied busybody.",1,YTA,0.0,0.0,0,"YTA. You weren't ""protecting the restaurant."" You were being a self-righteous, self-satisfied busybody.",0,0.0,0.0
244,"AITA for not telling a homeless man that his last surviving relative has died? 
I work for an apartment complex full time. I work out of our off-site promotional center near a busy street in the city and, because I am located in a larger urban area, have homeless people come in looking for donations all the time. Today I had a disabled homeless (who was possibly a little drunk and delirious) man come in asking for some food and water. I gave him a bottle of water and he saw that I was working on my computer so he asked if I could google a variety of addresses for errands he wanted to take care of.  After I found and wrote-down the address for a few things, he asked if I could look up his nearby aunt's phone number so he could get in contact with her. I typed in her name and city and the only results were obituaries where his name was listed as a surviving relative. I didn't want to make him upset than he already was at the moment, so I just told him I couldn't find anything.  

AITA for not informing him of this death? I definitely don’t think he was an AH in any way. He said his last contact with her was ten years ago and the obituary indicated that she died two years ago. He mentioned that the rest of his family had already passed. In general, I really didn't think I was the kind of person who should inform somebody of such news.",YTA- wouldn’t you want to know?,1,YTA,0.0,0.0,0,YTA- wouldn’t you want to know?,0,0.0,0.0
3405,"AITA for disregarding my roommate that doesn’t have a door I (21F) recently moved into an apartment in NYC, my roommate let’s call her Alison (30F) is the one who interviewed me and agreed to let me move in. I specifically chose this apartment because it had a room with a queen bed and enough space for my boyfriend to come down and visit and be comfortable. I mentioned to Alison before moving in that I had a bf that would be visiting me and acted like this wasn’t an issue. The apartment is a two bedroom with a living space that has been converted into a flex room.

Fast forward and I move in and my boyfriend comes down to visit me. Now the first time he came I mentioned he was coming and made sure he was out of sight the entire time, she kind of responded in a weird way when I told her which surprised me because I warned her before moving in. The problem is Alison lives in the flex room of the apartment and can hear almost everything. I have another roommate but she has an actual room so it doesn’t affect her at all. I forgot to tell her one day that he would be in town and Alison just so happened to be cleaning in the kitchen when my bf was getting out of the shower, I knew she was purposely cleaning just to catch him. She was pretty cool about the situation and just asked that she knew he was here each time he came. At first I made attempts to tell her when he was coming by but at this point I don’t and I can tell it’s bothering  her. The reason I don’t tell her is bc she is becoming super petty with other stuff  and will obnoxiously talk shit about me and the other roommate (22F). I want to tell her to grow up and move out if she can’t stand the noise anymore she is 30 for goodness sake. Me and my other roommate pay more for privacy and she pays a lot less. If she doesn’t want to hear us all the time she should pay more for a better space. AITA for allowing my boyfriend to stay over even though I know it drives her up the wall?",YTA. You live with other people. Let them know when you're going to have guests over. Period.,1,YTA,0.0,0.0,1,YTA. You live with other people. Let them know when you're going to have guests over. Period.,1,0.0,0.0
1933,"AITA for ruining the day because of a petty argument? So some quick context: I and two of my friends, who I will call friend A and friend B, are three weeks away from our college finals. Since all three of us are gamers and we usually play together, we agreed that we wouldn't play together during the day to avoid procastination. 

This morning friend A sent us a message, asking if we wanted to play. I reminded him of the rule, and we left it at that. Afterwards, I got a message from an online friend that wanted to talk to me/show me something real quick in a game. So I went into the game, and immediately I get messages from both A and B saying ""Wow, you said no to playing ealier but now you're in-game? Ok."" I tell them that I was going into the game for a quick thing, and that didn't go against the rule since it was about playing together. I said they're the ones upset over nothing. I also mentioned that friend A would usually listen to study material while gaming, so them being upset for me going into a game for 5 minutes was really hypocritical.

That's when the argument broke out. They argued for the fact that it was rude for me to say no to playing and then immediately after going into another game alone. I said I was in it for 5 minutes max, and that me playing shouldn't bother them. I then mentioned that I'm even ahead of my study schedule and asked if they can say the same, and that it should be none of their business that I procastinate. 

I then got a bit petty (unusual for me) and decided to say that it's always you two against me, and that I didn't appreciate how they always had shade to throw at me. I critisised friend A for breaking the rule we had come up with, and he excused it with I forgot. When I said the study schedule thing he mentioned that he's sick and couldn't study. Fair enough, I wished him ""Get well"".

After a bit more arguing that my procastination and solo gaming should be none of their business, friend B (who wasn't involved in most of the arguing) sent us an all caps message and told us to shut up, since she can't concentrate due to the notifications. I responded ""If I don't want to?"" She then responded that I should respect her studying, again in all caps. I told her about the scheduled do not disturb feature on the phone and left it at that. Later she sent a voicemail where she sobbed and said that I ruined her day.

You can do two judgements here: Was I an asshole from the start and was I an asshole by the end? I feel like somewhat of an ass by the end, but I didn't really do anything to upset her before the end, since the argument mainly ran between me and A.

TLDR: Friend A asks us to game, I remind him of a rule between us against that. I then enter a game alone, friend A and B argue against me doing that and in the end friend B tells me I ruined her day due to the argument.
","YTA, I mean, come on. You made a pact and you broke it and then made up excuses and loopholes and attacked your friends when they called you out on it.

&#x200B;

Also, stop procrastinating on Reddit and go back to studying!",1,YTA,0.0,0.0,1,"YTA, I mean, come on. You made a pact and you broke it and then made up excuses and loopholes and attacked your friends when they called you out on it.

&#x200B;

Also, stop procrastinating on Reddit and go back to studying!",1,0.0,0.0
1287,"AITA for calling out my brother on his smell and habits? Ok so im 16 and he's 15, recently everything he does just pisses me off, he is messy, smells terrible if he doesn't have to go out or go to school, ALWAYS pees on the damn toilet seat, and leaves empty boxes in the cabinet.

It was like 9 in the morning when I woke up and like anyone else I had to take a piss but when I sat down I just knew that was piss on the toilet, I am a HUGE germaphobe like I don't let some people hug me cause it just grosses me out. I was pissed after that but he had friends over and I didn't want to embarrass him. I then went down stairs for some breakfast just for what do you expect? thats right 2 empty cereal boxes and NO MILK but all back in the fridge/cabinet (side not why do teenage boys eat so much? like god damn). I had enough and I had to talk to him if he had friends over or not, turned out he was working out and when he sweats he smells TERRIBLE. I couldn't even be in the workout area without gaging and almost crying from the stench. I was pissed at him now but just waited.

His friends left like 30 minutes later and he came to talk to me still smelling like shit, everything that has happened today and then still smelling him I just lost it I can't remember what I said but I remember saying something like ""you need to pick up your act, girls don't like that shit, especially the smell and toilet peeing"".  To him I was giving him a lecture him and he didn't like that.  He told me to shut the fuck up and then went to his room.  neither of us left the house after that so we just sulked in anger for the rest of the day.  

I didn't mean to snap at him, I just want him to pick up his act for my sake and his sake in a couple years. We aren't really speaking but I have texted him a somewhat long text saying that I'm sorry for how I said it but not sorry for what I said (if that makes sense). All I got was a simple ok text in response. Its been like 2 days now since this has happened and other than stuff at the dinner table we haven't talked at all.","While he needs to be more considerate, yes YTA for snapping at him. 

Also...as a germaphobe...why aren't you cleaning the toilet seat before you sit on it anyway...",1,YTA,0.0,0.0,0,"While he needs to be more considerate, yes YTA for snapping at him. 

Also...as a germaphobe...why aren't you cleaning the toilet seat before you sit on it anyway...",0,0.0,0.0
2384,"AITA For being upset at my friend who is bailing on a weekend away with friends to go to his unexpected Job Orientation? Two friends (Chris and Tom) and I bought tickets to go to a convention this weekend around six months ago as soon as tickets went live. We were all excited to go during the summer months and it was talked about quite a bit. Chris offered his car so we could drive to the convention and save money by not having to rent a car or pay for tickets.

After the start of the semester, my friend Chris started hunting for jobs. He got a position as an part-time EMT and my other friend T, and I were obviously very excited for him. The job however, has an orientation that is the same weekend as our convention. Chris decided to bail on the commitment we made 6 months ago to go to his job orientation. Now we have no way to get to our convention unless we spend money to rent a car, which is a big unexpected expense. Chris offered to pay half of our rental car fee but as our friend we want him there with us too. 

The reason I am upset is because there is another job orientation in a month that he could attend, but he is afraid of the possibility that the company will revoke the job offer if he decides to postpone the orientation by a month. To this I said to contact the company and former employees to see if it was something they might do but he has yet to do so. 

AITA for being upset that he backed out on a commitment we made half a year ago? The commitment is more important to me than the money.","YTA this is his livelihood and potential career - if nothing else, let your friend do what he has to do for work.  If he waits a month, he also likely looks like he's already shucking responsibility to his supervisors.",1,YTA,0.0,0.0,1,"YTA this is his livelihood and potential career - if nothing else, let your friend do what he has to do for work.  If he waits a month, he also likely looks like he's already shucking responsibility to his supervisors.",1,0.0,0.0
658,"AITA for poking some fun at my friend's play? First of all please excuse anything that sounds strange, since English is my second language.

One of my (19f) dear and close friends (19m) takes part in a drama group of our campus. He just started last summer and honestly, he's really good considering he never seriously did theatre plays before. He also says it helps him a lot with school stress which is always good.

Anyhow, this is a small and relatively new group. They've only been in one competition in the last two years. It's also disorganized since it has bunch of different people with their own personal obligations. My friend always makes fun of their inability to agree about rehearsal and complains about the incompetence of some members who're literally just another person's friend or a cousin.

Well here's the thing, they recently did a short French play ""The Chairs"" and I came to watch it. Most of the audience was friends, family, classmates of the students in the group. My friend was really good if you ask me because he actually put in effort, but the play looked rushed and disorganized. A lot of the people forgot their lines or just didn't know how to understand them, so there were some awkward silences.

Some of us classmates hung out later and people started commenting the play. One girl pointed out how some actors just basically didn't understand their lines. Nobody disagreed so I joked that there's a lot of nepotism in that group (half of them being cousins, friends) and that's why they don't even try to be good.

I probably said that weirdly because my friend got mad. He told me later in private that it's embarassing for me to criticize him and his friends so openly, and that I should tell him one-on-one about these opinions. So he thinks I was referring to him in the nepotism part because one of the people in the group is his best friend. That's not true, I think he's one of the best actors but he's not convinced now, he thinks it was a passive-aggressive comment. I think he's also angry because I said that while the guy he likes was in the room, but that's just my guess.

Anyway AITA? It seems like this turned into a situation where my friend thinks he can poke fun at his fellow group members and the whole dynamics but because I did it that was over the line. However they were doing a public play so is it really disrespectful to give criticism, even if they're not expected to be amazing because they're all friends and they do plays for fun not quality?","YTA

“It seems like this turned into a situation where my friend thinks he can poke fun at his fellow group members and the whole dynamics but because I did it that was over the line.”

Yes. That’s exactly what happened. That’s how life works. People can criticize their own work all they want, but you need to support your friends and keep your opinions to yourself, at least in public. Your friend clearly worked hard, so you can tell him how good he did without knocking everyone else.",1,YTA,0.0,0.0,1,"YTA

“It seems like this turned into a situation where my friend thinks he can poke fun at his fellow group members and the whole dynamics but because I did it that was over the line.”

Yes. That’s exactly what happened. That’s how life works. People can criticize their own work all they want, but you need to support your friends and keep your opinions to yourself, at least in public. Your friend clearly worked hard, so you can tell him how good he did without knocking everyone else.",1,0.0,0.0
271,"AITA for not letting my son go with his dad for Christmas Me and my ex husband are doing two different things for Christmas. I’m going to Chicago( it’s not far from where I live) and he is going to a family party. My other two daughters want him to go with his father( they live with him) but I want to take my son to Chicago with my boyfriend’s family. My husband is very upset and my daughters 






AITA?",Info: what does your son want?,1,YTA,0.0,1.0,0,Info: what does your son want?,0,1.0,0.0
1160,"AITA for suggesting a family vacation without my step-son? There's so much going on with this that I'm not sure I'll be able to give all the info with the character limit, but I'll do my best. I'm at work stressed the fuck out over this and could use outside opinions. 

I met the woman I'm in a relationship with around 4 years ago. Her son was 9 at the time. Going on 14 now. His father is still.in his life and gets him every other weekend. Week days and school nights he's with us. We started living with each other after a couple of years.

Learning how to be a step parent has been the most challenging thing in life. I've tried to do everything to the best of my abilities. I've shown interest in his hobbies, I treat him the same as I would my own (besides discipline - even in my own house, I feel funny about coming down hard on a kid who isn't my son) 

He just isn't warming up to me. It's starting to feel like the question is shifting from ""when will he accept me in his life"" to ""will he ever accept me"" 

I get it too. I sympathize with him and feel really bad for his situation. Having a broken home was my biggest fear growing up and I can't imagine what it's like to have your parents break up. 

Me and his mom also had a baby last year, which obviously did not help anything. He acts like his step sister is a burden and doesn't belong in the same home as him. 

He's so aggressive towards the idea of me. The mom and I bought a bunch of board games, as were tried to start a weekly family night. For him on the 3rd week of it to refuse and claim ""how can it be family night if he isn't my family"" - that stung, as much as I pretend it doesn't it's hard to provide for and give somebody everything they want to be met back with disdain, disgust, and complete passive aggressiveness. If he walks by me and his mom kissing or embracing, even holding hands he'll roll his eyes or make a disapproving grunt.

It's blowing up a bit and getting worse before it's getting better. We don't know if the dad is telling him bad things about me, or coaching his son to act up with me, but it's getting horrible. 

I'm the manager of a pretty good sized distribution center. Very stressful, demanding job. Long hours at the job but all for my family to have a good life. I have 120 vaca hours every year and this year took the entire week off next week for Christmas. I really need the time to relax and unwind. 

Here's my dilemma. I want to take a vacation for the week without the son. I want to get to enjoy it. I don't want the vacation filled with passive aggressiveness or fights over stupid shit because he has a bad attitude about our relationship 4 yeats later. He would act ungrateful and like he wouldn't want to be there anyway. So thinking that wasn't unreasonable I broached this subject to my girlfriend. Asked if she could ask his father to watch him for the week so we could go on vacation. She didn't react well to that honestly, and is pissed at me for suggesting it. AITA?","He is a CHILD. Not only that, he's FOURTEEN. He's going through a rough time in his life and just needs his parents to be there to support & guide him. Yeah, he's acting up. Every fourteen year old does. If you think he hates you now, just wait until you go on vacation with a BABY (notoriously an awful thing to bring with you on a ""relaxing"" vacation) and not him! 

YTA and you need family therapy",1,YTA,0.0,0.0,0,"He is a CHILD. Not only that, he's FOURTEEN. He's going through a rough time in his life and just needs his parents to be there to support & guide him. Yeah, he's acting up. Every fourteen year old does. If you think he hates you now, just wait until you go on vacation with a BABY (notoriously an awful thing to bring with you on a ""relaxing"" vacation) and not him! 

YTA and you need family therapy",0,0.0,0.0
3367,"AITA for not contacting an old friend after her mom died? I’ve known this person for 17 years. For most of that we were really good friends. Probably best friends at one point. She introduced me to my now husband, was the maid of honor at our wedding, and overall was a good friend to us. However like most friendships we started drifting apart. She started making a lot of money at her current job and buying designer labels. She started dating a wealthy guy. She came to visit a couple of years ago and the visit did not go well; my husband and I aren’t in the best financial situation and we both felt they made the trip all about them and went out of their way to shove their money in our faces. My husband brought it up after she told him how much she enjoyed the trip and let her know how we really felt. She didn’t take it well. She and my husband mended fences but she unfriended me on social media and we’ve had no contact.

Her mother died three months ago. My husband went to the funeral (I expected as much because he’s been friends with her since middle school) but I saw no reason to go back. I told him to hug her for me but didn’t contact her. I also didn’t sign the card my husband sent. My husband today told me that I’m the asshole for not even bothering to send condolences or message her and apparently she was pissed that I never reached out to her due to our previous friendship and knowing her mom personally. My view is that the friendship is over so I have no reason to call her personally; I sent condolences through my husband. My husband still said it’s a horrible run for me to have done considering our history and that at one point they were like family and he thought I’d at least signed the card. To me, once ties are cut they’re cut. In my opinion, I don’t owe her a thing.
 
So...did I really fuck up here? AITA?","YTA. You say you ""sent condolences through your husband,"" but you ""didn’t sign the card your husband sent."" It would have been polite, and so easy, to do so.

>he thought I’d at least signed the card. To me, once ties are cut they’re cut. In my opinion, I don’t owe her a thing.

So you're acknowledging that you deliberately didn't sign the card out of pettiness, when you know it must have been hurtful to her? The fact that your husband was willing to put in an appearance at the funeral and you weren't, even though you've both been through the same things with this friend, suggests he has a better attitude than you. You can move on from close friendships while still behaving with basic kindness when the situation calls for it.",1,YTA,0.0,0.0,1,"YTA. You say you ""sent condolences through your husband,"" but you ""didn’t sign the card your husband sent."" It would have been polite, and so easy, to do so.

>he thought I’d at least signed the card. To me, once ties are cut they’re cut. In my opinion, I don’t owe her a thing.

So you're acknowledging that you deliberately didn't sign the card out of pettiness, when you know it must have been hurtful to her? The fact that your husband was willing to put in an appearance at the funeral and you weren't, even though you've both been through the same things with this friend, suggests he has a better attitude than you. You can move on from close friendships while still behaving with basic kindness when the situation calls for it.",1,0.0,0.0
1207,"WIBTA for crushing a writer's doomed dream? First time post, sorry if it's in the wrong place. I'm (30f) a writer, working on a series. I'm not top of my game by any means but I have a decent grasp of writing. I have an agent, publishing deal and a good understanding of what it takes to get published. I know the difference between a good MS and a bad one. 

I have a writing community friend (33f) who is really sweet and kind. We met through a LotR fansite as we made both huge fans. My friend lives with her sister and is kind of a loner, she's also prone to depression. 

On the back of a LotR fanfic she wrote about nine years ago, she has altered and CTRL H'd the story into something resembling an original novel. It is not an original novel, but enough details have been changed to (perhaps) prevent a lawsuit. Its also not well written and offers absolutely nothing in the way of narrative. To be frank, it's terrible. 

Over the last two years I have repeatedly tried telling her that she needs to let this story go and move onto other things. She never reads anything but LotR and constantly talks about it when discussing her own work like, ""oh yeah I should add that, just like that bit in LotR!"" Its like she can't see what she's even doing at this point, only measuring herself against this insane standard and obsession with one single world state. At this point, she's made me almost hate LotR I'm so sick of hearing about it. 

My friend is convinced that her story (a court would not rule that it was hers) needs to be told and that there's a place for it in the publishing world. I have written a list of criticisms from her latest edit she sent me, which I also coupled with generous and inventive praise but... even with the praise she will be crusher. The basis of my criticism is ""you need to stop, this will never be published, please stop devoting your life and time to this.""

So reddit, would I be the asshole if i was honest. I could ONLY send the praise and let her carry on. She is happy when writing this, but she's also talking about querying to agents and wondering who will direct her Netflix series. 

To crush or not to crush? Please help.","YTA.

You don’t actually know. Twilight and 50 Shades of Grey both got published, so this shit might find an audience. That audience just isn’t you. 

Until you are more recognized for your writing skills than E. B. White, keep your edits to improving the story.",1,YTA,0.0,0.0,0,"YTA.

You don’t actually know. Twilight and 50 Shades of Grey both got published, so this shit might find an audience. That audience just isn’t you. 

Until you are more recognized for your writing skills than E. B. White, keep your edits to improving the story.",0,0.0,0.0
3302,"AITA for wanting to divorce my wife for reading my journals? I'm 39, my wife is 34, and we've been married 6 years, no kids. When we moved in together prior to getting married I told her that my journals were private. I find comfort knowing that they're private and not subject to anyone else's assessment or judgement. It's the place where I can express any thought or notion. I don't have secrets to hide (I've never cheated or anything like that), but like everyone, I have private thoughts, whether they're serious or just kind of loopy thoughts that I feel like writing down and exploring for whatever reason.

I don't have special rules in our relationship or attempt to restrict her or hide myself otherwise. I just have this one thing which I think is very reasonable, which is *allow me to keep my journals private*. I had told her that if she decided to read them it would feel to me like a betrayal on par with cheating or worse.

I keep hand-written journals (as opposed to on PC) because the handwriting is part of the experience that makes journaling so therapeutic and helpful to me. I keep my current one in my nightstand and old ones in the closet. I noticed that they had been moved.  She said she moved them to get something, and I asked her if she read them and she admitted she did.

I feel utterly violated and I am seriously considering divorce. AITA?","Okay, well I’m gonna say NTA for being mad but YTA for just wanting to straight up get a divorce immediately. Try and work this out, it sounds like you just want a divorce anyway and finally found a good reason. A divorce shouldn’t be the first answer to every problem in a marriage.",1,YTA,0.0,0.0,0,"Okay, well I’m gonna say NTA for being mad but YTA for just wanting to straight up get a divorce immediately. Try and work this out, it sounds like you just want a divorce anyway and finally found a good reason. A divorce shouldn’t be the first answer to every problem in a marriage.",0,0.0,0.0
1390,"WIBTA if I reported something to HR when my manager says it's not a big deal?  I work at a catholic Hospital as a secretary.  One day one of my co-workers comes in my office and tells me she has brought her daughter (jr high age) into work because her internet is down at home, so if I see a girl walking around its just her. This co-worker has a back office where no one would even know the wiser her daughter would be in there unless she came out to use the bathroom. She could have not told me and I wouldn't have even known. This co-worker also has hundreds of patient charts stored in her office. The child may know better not to peek through them or whatever, but a simple glance and she could see a name, and what if the name was a fellow classmate and she said something to the classmate about it? Huge breach of HIPAA. I called my manager and told her, hey, I'm not trying to be a tattle tale, the employee told me the reason she brought her in and she has her in her office, which is full of patient charts. She made it seem like it was odd for the reasoning, but didn't make it seem like it was a big deal to have even brought her kid in. She also stated that another co-worker has also brought her daughter in as if to make it seem like its a normal thing. I looked through the policies and there isn't anything specifically mentioned about employees bringing in their children to have at work, but I did reach out to HR to get a clarification about it since I couldn't find anything. She stated:

""We have no provisions that would allow this. This would be very hard to manage, because of the variety of circumstances that could arise. Additionally, this would dramatically affect the ability to perform one’s job/position.

Not having a sitter would be a time that PTO would be utilized. That is why we have a generous attendance policy that allows multiple occurrences.""

This co-worker brings her daughter in again, this time so that she can be utilized to help a student shadowing our department learn how to perform Neuropsych tests. I have not told anyone about this, and no one else was in the office at this time either, except the intern, the co-worker, her daughter and me.

I don't want to make a big deal out of this, and wonder if I even should make a big deal out of this, but this just does not sit well with my work ethics and morals. What's the right thing to do?  I'm afraid of loosing a good relationship with my manager if I do this behind her back.","YTA:

You're being overly paranoid here. At most you should tell your coworker to not let her daughter look through any files (but even then, she's probably told her that already).",1,YTA,0.0,0.0,1,"YTA:

You're being overly paranoid here. At most you should tell your coworker to not let her daughter look through any files (but even then, she's probably told her that already).",1,0.0,0.0
1713,"AITA TwoXchromasomes removed my comment Basically there was this post on TwoXchromasomes talking about how an in celebration threatened to kill women. 

So I commented not all incels are like this.  I learned that from based shaman. 

Based shaman is this really popular YouTuber who makes videos on various subjects one of them being incels,  and going through analysis and even helping some incels get out of that mindset. 

I got heavily down voted and I don't know if im in the wrong here.  

Is it me or does TwoXchromasomes actually have a point here. 

And I'm starting to think,  maybe I was somehow wrong. So can someone tell me if I did something wrong or if I'm in the right. ","YTA. Incels are, generally speaking, misogynists. It's kind of like going on an Israeli sub and saying that not all Nazis were bad. You were inappropriate both in your support and where you chose to voice that support.",1,YTA,0.0,0.0,1,"YTA. Incels are, generally speaking, misogynists. It's kind of like going on an Israeli sub and saying that not all Nazis were bad. You were inappropriate both in your support and where you chose to voice that support.",1,0.0,0.0
219,"WIBTA for giving my cancer stricken mum an ultimatum? Well.  


My mum is going through her second chemo therapy because of lung cancer. She has been heavily smoking (half a pack or whole pack a day) for nearly all her life, even when she was pregnant with me (I somehow managed to turn out relatively fine, thanks to whatever miracle).  


My father smokes, too. I've been getting shit for this nearly all my relatively young life. I couldn't invite most of my friends over because of the smell, my clothes reeked badly of smoke and that's why I got bullied a lot in school. I moved out and things have been less ""stinky"". I was blind to the smell nearly all of my life, but now I am able to percieve it like everyone else around me. It sucks. I often tried to reason with them, I nearly begged for them to stop often enough, but they never cared enough to do so.  


First time she got cancer I was on a trip in New Zealand and as soon as I got the news I aborted this little adventure of mine and returned home to be there for my family. After a lot of therapy and all that, the cancer was defeated, but scar tissue was left in her lung, with a very small chance for the cancer to return. We were all happy. They were still smoking.  


Now 6 years later, the cancer came back in full force. Doctor said without a second therapy she would've died in a few days due to it growing so fast and blocking important vessels in her lung. She started therapy and even though it is probably too late, my dad stopped smoking. In front of me, he threw away all of their lighters, tobacco, etc. When mum returned home from her first session, she bought a pack and continued. Dad tried to fight his urges, but gave in.  


Now the side effects of her therapy are kicking in. Weakened immune system, all that jazz. The last chemo session was postponed and she is getting loads of antibiotics and vitamins pumped into her.  


So. WIBTA if I visited my mum one more time, just to tell her ""quit or you'll never see your son, his wife and his children ever again"" ? I do not know if her getting cancer is completely her fault, but I guess the heavy smoking took a really huge part in that.   


So, yeah. Just be honest.",">just to tell her ""quit or you'll never see your son, his wife and his children ever again"" ? I do not know if her getting cancer is completely her fault, but I guess the heavy smoking took a really huge part in that.

This seems to indicate that you’re making an ultimatum for the purpose of convincing her to stop smoking. And that is a REALLY BAD idea.  Right now she most likely needs emotional support more than ever, and burning bridges with an ultimatum will probably decimate her emotional/mental state. And feeling awful about losing a connection like that won’t solve any of her problems, it would just create more. **You would definitely be the asshole** (YTA).

I suppose this ultimatum would be more reasonable if she was always acting mean to you besides smoking itself (like a “you had this coming” sort of thing).  However, none of what you said suggests she was intentionally acting maliciously on you; she just couldn’t get hold of her addiction. It’s not like she smoked for the specific purpose of hurting you, yeah?

I sense that you’re considering this out of good intent, but this would be a big mistake that would probably lead to a lot of regret, anger, and even more smoking down the line.",1,YTA,1.0,0.0,ERROR,">just to tell her ""quit or you'll never see your son, his wife and his children ever again"" ? I do not know if her getting cancer is completely her fault, but I guess the heavy smoking took a really huge part in that.

This seems to indicate that you’re making an ultimatum for the purpose of convincing her to stop smoking. And that is a REALLY BAD idea.  Right now she most likely needs emotional support more than ever, and burning bridges with an ultimatum will probably decimate her emotional/mental state. And feeling awful about losing a connection like that won’t solve any of her problems, it would just create more. **You would definitely be the asshole** (YTA).

I suppose this ultimatum would be more reasonable if she was always acting mean to you besides smoking itself (like a “you had this coming” sort of thing).  However, none of what you said suggests she was intentionally acting maliciously on you; she just couldn’t get hold of her addiction. It’s not like she smoked for the specific purpose of hurting you, yeah?

I sense that you’re considering this out of good intent, but this would be a big mistake that would probably lead to a lot of regret, anger, and even more smoking down the line.",ERROR,0.0,1.0
2355,"AITA for arguing with my girlfriend about driving me to the airport? I (20 m) need a ride to the airport so my girlfriend (22) agreed she'd drop me off in time for my 7:00 am flight. I told her that we should leave around 4:45 am in order to make it on time. When she asked why we should leave so early, I responded and told her that it take us 45 minutes to get to the airport instead of the 30 minutes we initially anticipated it would took. She said that waking up at 4:45 was unreasonable and suggested I uber instead. She claims that she has an important report for tomorrow and waking up at 4:45 would cause her to be sleep deprived and not give her the attention to detail she needs for the report (she works 9-5). She claims I am asking too much from her even when I tried explaining to her that I would do this favor for her in a heartbeat because I love her and would trade in a couple hours of sleep so she could have a better day. I proceeded to get more frustrated with her because the only reason why she doesn't want to drop me off is because of the loss of sleep. AITA for getting mad at her for not wanting to take me to the airport?

&#x200B;

Edit: Okay, I understand that I should probably take the uber. I just felt betrayed in a sense because she agreed to take me.... until i told her it was 15 minutes further.  Regardless, I know that she loves me and that she should focus on the project. Thank you!","YTA 

&#x200B;

>when I tried explaining to her that I would do this favor for her in a heartbeat because I love her 

&#x200B;

That's manipulative.",1,YTA,0.0,0.0,0,"YTA 

&#x200B;

>when I tried explaining to her that I would do this favor for her in a heartbeat because I love her 

&#x200B;

That's manipulative.",0,0.0,0.0
3928,"AITA for wanting someone to move into my flat who my flatmate doesn’t like? I share a flat with a friend and our contract runs out in August. I’m a performer and I’ve been offered a job going on tour in a show. I’ll be moving out next month and gone for at least 6 months. Obviously while I’m gone I’m gonna have to continue paying rent though unless I can get someone to fill my room. There’s a girl in our year who needs a place to stay and I messaged her saying that I’m gonna be gone for 6 months. When I told my flatmate this she was like ‘I’m not living with her’...she has no reason to dislike this girl, the girl is a bit annoying, but she’s not a bad person. I said, well I need to find someone because I don’t wanna have to pay rent when I’m not living here. She said that’s fine but you need to find someone who I actually like because I refuse to live with someone I don’t like...

I feel like she’s just being really difficult and I can’t find anyone else who needs a room. AITA or Would I be the asshole if I just ignored what she said and let this girl stay...",[deleted],1,YTA,0.0,,1,[deleted],1,,0.0
2948,"WIBTA if i wore white to a wedding? When asking my sister her choice between a white dress with giant blue flowers on it and black outlines, and a dark dress with smudges of blues and browns she picked the dark one based on the rule its rude to wear white. I've worn the white dress to two different weddings and nobody had said anything about it. My mother had even really liked it. Now though that my sister mentioned it i'm freaking myself out about it.
*not my sisters wedding*
This is the dress:
https://poshmark.com/listing/Womens-REED-Scuba-Fit-Flare-Dress-596ab1e336d59483ab04590b","If you have to ask if a dress is too white for a wedding, do not wear it. 

As a rule just don't wear anything with more than 25% white/ivory/cream. Anything where you say 'it's a white dress with xx' .",1,YTA,0.0,0.0,1,"If you have to ask if a dress is too white for a wedding, do not wear it. 

As a rule just don't wear anything with more than 25% white/ivory/cream. Anything where you say 'it's a white dress with xx' .",1,0.0,0.0
3479,"AITA for making fun of an abusive maniac/druggie after he died? There’s a coffee shop I go to that’s perfect with one exception - an angry, nutty customer named Joe. Our first encounter was a year and a half ago. I was on my way to the shop, and a car had been aggressively tailgating and honking at me for a long period of time (even though I was going at a perfect speed). The driver, Joe, blew past me unsafely & after I had parked my car and was about to get out, Joe confronted me.

He screamed foul obscenities at me, called me all sorts of names, and spat on me; all this was because he thought I was going “too fucking slow.” I complained to the coffee shop, but they did little. Over the past year and a half, I saw loads of crazy, dramatic and hotheaded behavior from him just like this. Additionally, he frequently seemed to be strung out or under the influence of drugs.

He got banned a few months ago after he sped through a nearby stop sign and nearly ran over a little girl. I hadn’t seen him since. Just yesterday, while browsing Facebook, I saw a long post from one of my friends (tagging the profile of someone named Joe in their post), saying things like “you’ll be missed” and “you’re now in heaven.” I saw the profile picture, & instantly recognized this “Joe” as the same asshole who I knew from the coffee shop. I clicked on his profile, & was surprised to see a large number of admirers gushing about his recent (past day) death on his wall - from a car wreck.

His page is an absolute mess. Every post looks like it as typed by a 2nd grader on crack; every other word is an obscenity; he does endless ranting about his family (he called his daughter a cu\*t in a recent post);brags about getting drunk & stoned; brags about the size of his (claimed) large anatomy and sexual capabilities; frequently picks fights with people in the comment sections of his posts and calls them names; & posts about his previous time in prison. I have never seen the word **lowlife** personified so perfectly.

I made a post on my page sharing a link to his profile, saying, “I am deeply saddened to hear of the passing of Joe \[last name\]. I have never seen a profile more indicative of a classy, eloquent, well-loved, respectable and law-abiding family man. I am **positive** his death had absolutely nothing to do at all with drugs, alcohol, manic driving, road rage or picking a fight with the wrong person - such a high class individual as him would **certainly** never engage in such behavior. I am certain that his family, who he has been so kind and decent towards, is mourning his death to the fullest. RIP to this wonderful individual!” **Obvious** sarcasm permeated this whole post.

The same friend who posted his profile in the first place quickly responded to my post, and was furious. A huge band of Joe’s friends began commenting soon after, and cussing me out, threatening me, etc., and forcing me to delete it. I thought my post was pretty amusing, but apparently some people disagreed. AITA?","YTA, he's dead - you didn't have to hurt his family and friends in a public way. Take the piss out of him in private if you want.",1,YTA,0.0,1.0,ERROR,"YTA, he's dead - you didn't have to hurt his family and friends in a public way. Take the piss out of him in private if you want.",ERROR,1.0,0.0
2505,"AITA If I cut up my boyfriends wife’s wedding dress? First post on reddit (hello) 

For some context here: my boyfriend has been separated (but not divorced) from his wife for about 9 years now.
They’re on good terms now and she says she doesn’t care what happens to the dress and neither does he. 

I like to sew and repurpose fabric to make things and the wedding dress has really interesting fabric and beautiful red embroidery on the bust and I’m really interested in what I can make from it. 

I haven’t heard the wife say it’s okay but I trust my boyfriend saying that she doesn’t care 


I’m not sure if it’s weird or not to take scissors to his wife’s wedding dress so AITA if I do?



Edit 1: my boyfriend was the one who offered the dress to me to repurpose. I didn’t specifically ask for it

Edit 2: the wedding dress in question isn’t owned by the wife. She left it with my boyfriend 

I really just love the idea of giving new meaning to old things to give them a new life and carry on a story

Edit 3: I will obviously now (or not so obviously) ask the wife or get my boyfriend to ask before I do anything if I do anything. I don’t really know her, never met her or spoken to her 

I don’t really know what I could have put as the title without writing out full context so I’m sorry for those of you who thought it was clickbaity",YTA title is bait,1,YTA,0.0,0.0,0,YTA title is bait,0,0.0,0.0
455,"AITA for going after a girl who rejected me until the point where the school intervened? So, throwaway for obvious reasons.

This story consists of two people, me, and this girl. I need to get it straight that I loved her _a lot_. Like, I would have married her if we were older and going out. At the time I didn't regret any of this.

So it was the day before Valentine's Day and I plucked up the courage to ask her out. She tells me no but that I'm really sweet and that she's sorry it's how she feels. She also added that if I gave her a few months, ""maybe"" she'd develop feelings for me.

About a month later, I'm still madly in love with this girl and decide to try again. I wrote a song about her and sent it to her,  which she said she really liked so I got more hopeful. I wrote another one (looking back the lyrics are quite cringy) and sent it. She liked it and said no one had said things so nice about her. She was really keeping my hopes up (and we did flirt a bit anyway) but still doesn't like me.

Around another month later I write a letter straight from my heart to her about how I really feel. This letter contains some pretty deep stuff, and I make sure to put it in an envelope and pit ""READ WHEN ALONE"" on it. Her being stupid she opens it and reads it while in a lesson at school when her friends are around her. The rest of the class hear (because she's reading it out loud) and eventually the teacher catches on and goes to one of the heads of year because they're concerned (she actually texted me later saying the letter was sweet but she already knew my feelings for her and didn't need the letter). 

The school then starts an investigation and talk to the girl and she tells them about me asking her out and writing the songs (I think she told them about everything because we had a falling out a few days before). They decide that I've don't something really wrong. They make me go to see a doctor to talk about the situation (or else they'd bring someone in to talk to me). I get a day in insolation (in a room for the whole day in silence doing work) and the news spreads and people gossip about it for the next few months.

Basically, my friends all think this is creepy but I say I was just doing it out of true love and that they don't know what it feels like. Bare in mind I have come to kind of regret it now. I didn't intend on anything bad happening and I'd really like some opinions.","YTA and this is creepy. I really hope you’ve matured and understand how completely inappropriate this was. 

A) You can’t say that you love someone enough to marry them when you don’t know them well, aren’t good friends with them, and haven’t dated them. 

B) She may have been leading you on a little, but you hit obsession. In middle/high school you might be able to get away with this. Not when you’re older. My guess is that there was more to this story, and with details it would read a lot more like stalking. 

C) If someone isn’t interested there is nothing you can do to change that. Don’t chase after them forever. ",1,YTA,0.0,0.0,0,"YTA and this is creepy. I really hope you’ve matured and understand how completely inappropriate this was. 

A) You can’t say that you love someone enough to marry them when you don’t know them well, aren’t good friends with them, and haven’t dated them. 

B) She may have been leading you on a little, but you hit obsession. In middle/high school you might be able to get away with this. Not when you’re older. My guess is that there was more to this story, and with details it would read a lot more like stalking. 

C) If someone isn’t interested there is nothing you can do to change that. Don’t chase after them forever. ",0,0.0,0.0
3555,"AITA for not wanting to be friends with someone who has no other friends? So I met this girl in one of my classes and she's cool, but definitely shy. I've gotten to know her over the past couple semesters and I've noticed that she doesn't appear to have any friends apart from me. She never really goes out except for when we go out and she even told me herself that she doesn't talk to anyone from high school. I feel like this is kind of weird, I mean how do you go through life without any friends unless there's something wrong with you? But maybe there's a reason for it? Idk. AITA for not being sure if I want to be her friend anymore?","Yeah YTA






Though i may not be your fault, you might be surprised how many kids go through highschool without friends, but you're gonna make her feel terrible if you leave her. Imagine if you had only one friend, and they decided to leave you because you were to shy. I mean you shouldn't force a friendship but everyone had only one friend at some point in their life.",1,YTA,1.0,1.0,0,"Yeah YTA






Though i may not be your fault, you might be surprised how many kids go through highschool without friends, but you're gonna make her feel terrible if you leave her. Imagine if you had only one friend, and they decided to leave you because you were to shy. I mean you shouldn't force a friendship but everyone had only one friend at some point in their life.",0,1.0,1.0
2268,"AITA for refusing to pay my split of the bill? me and a group of other people planned to link up and eat at this restaurant, but i showed up super late and basically got there when there was only scraps left

i didn't even really want to eat anything but they offered me what was left of the scraps and i ate that

the person who organized the meetup paid for the bill, and ended up asking people to pay their splits to her via whatever mobile payment service

when i get home i get a text from her and her boyfriend (who i'm cool with) to send her my split of the bill

so i ask her how much, and she tells me the price of the full split (if we actually divided the payment equally amongst all the people) and i'm confused at this point because i was literally left bits and pieces off the dishes and some rice

i didn't even know what to say because how do you forget that i arrived in the last 10 minutes and ate nothing?

so when i explain that, this dude tells me ""we saved you a pretty good amount and you ate it anyway""

so *now* he acknowledges that i shouldn't pay the full split, only half of that

i didn't even know what to say because how do you forget that i arrived in the last 10 minutes and ate nothing? had i sent the full split he wouldn't have said anything and just took the money

mind you i've eaten with them in the past and i've sent them the money no problem

i've bought shit for this guy that i never asked for anything in return

i don't count favors, but how are you pressed about a bullshit split and then accuse me of not wanting to pay up?

in my head it's not about the money, it's just a lack of respect if you're trying to take advantage of me from a bill split

the next time we hang out i would've paid for something else anyway, this dude is acting like i'm a broke fuck tryna swindle a meal out of him

should i have just bit the bullet, swallowed my pride, and sent them the money?

we haven't talked since, shit is so corny","YTA - You've agreed to meet a group of friends at a restaurant, but have turned up super late (at the point that people had finished eating).

In fact, you're not just late, you've turned up 10 minutes from the end. That's almost more assholery then not turning up at all.

If me and my friends had gone out and ordered a platter for 8 poeple, expecting 8 of us to be there, and one guy bails, we'd be pissed with having to pay the extra between us.

If that guy shows up 10 minutes from the end, eats the food we'd saved for him, and then expects not to pay, we'd be doubly pissed.

From their POV, they've all gone out for a group dinner, waited for you, then got the food order in, expecting you to turn up at some point. They've even saved you some of the food just in case. You've used the word ""scraps"" to make it seem worse, but in their words - ""we saved you a pretty good amount and you ate it anyway""",1,YTA,0.0,0.0,1,"YTA - You've agreed to meet a group of friends at a restaurant, but have turned up super late (at the point that people had finished eating).

In fact, you're not just late, you've turned up 10 minutes from the end. That's almost more assholery then not turning up at all.

If me and my friends had gone out and ordered a platter for 8 poeple, expecting 8 of us to be there, and one guy bails, we'd be pissed with having to pay the extra between us.

If that guy shows up 10 minutes from the end, eats the food we'd saved for him, and then expects not to pay, we'd be doubly pissed.

From their POV, they've all gone out for a group dinner, waited for you, then got the food order in, expecting you to turn up at some point. They've even saved you some of the food just in case. You've used the word ""scraps"" to make it seem worse, but in their words - ""we saved you a pretty good amount and you ate it anyway""",1,0.0,0.0
1405,"WIBTA if i cheat on my somewhat older husband who got handicapped after a war? Little clearing up, when I refer to myself I actually mean my grandma, so let’s get started. So it’s more like (Who is the asshole) (This is a real thing that happened)

So my grandma cheated on my grandpa last year and my uncle kicked her out of his and grandpas home. (They live in a house but my uncle and the uncles wife live on the top floor while my grandma and grandpa live on the first floor) and after a few months my grandpa died. 

I got a little bit heartbroken knowing he didn’t die happy (I thought he might be a little bit depressed since before he died he would answer questions unmotivated like) and here comes the sticky part.

My grandma got engaged to my grandpa before he got handicapped in the war. He was severely handicapped. (Nothing mental, just couldn’t use his mouth properly and say words so we had try to guess what he was trying to say and his hands and legs were handicapped.) My grandma spent a lot of time taking care of grandpa so I felt like sometimes she was unhappy. 

They had 7 kids and grandpa was a lil bit older then grandma (felt like pointing this out, my absolute max age difference acceptable is 7 years but it was less then 5 years)

If it helps decide who the asshole is, my family was somewhat “rich” 

EDIT: My uncle and his wife treats the grandpas son like their owns (siblings to them) and buy clothes to them and pays for food and everything, really kind :) and My uncles wife also takes them out for shopping a few times every month and takes them out to activities like theme parks with their actual son and gramps children. Family is sometimes the greatest thing really, :)

EDIT 2: Just realized it was 7 children not 6.","YTA (or rather she is)

Cheating is never acceptable.  Literally never.  If she wasn't happy in the relationship she could have talked with him about her needs that weren't being filled or left.  Cheating is never an acceptable course or action.  Ita continually lying to your partner about something important to them.  Thats never okay.",1,YTA,0.0,0.0,1,"YTA (or rather she is)

Cheating is never acceptable.  Literally never.  If she wasn't happy in the relationship she could have talked with him about her needs that weren't being filled or left.  Cheating is never an acceptable course or action.  Ita continually lying to your partner about something important to them.  Thats never okay.",1,0.0,0.0
3915,"WIBTA if i told off my friends little brother for being a dick? (throwaway account)

So i (15FtM) have a friend (15F, we’ll call her E) whos little brother (13M, we’ll call him J) is a racist/homophobic/sexist asshole. He has referred to me using slurs such as faggot on multiple occasions.

now, i know this family, and they are super sweet. the parents treat me as a third child. they are nothing like J. E and I have a hard time figuring out where his behavior comes from. 

i would really like to get involved in the situation, as E and Js parents are currently going through the process of getting a divorce and as such are too busy to discipline J themselves. As a result, E has to act as the disciplinarian for J and she is on the end of her rope.

E and i have been friends for almost 6 years now and we consider each other to be honorary siblings. i hate seeing her this stressed.

here’s an example of some of the things he says-

-Called me a faggot

-“you wouldn’t have depression if you had chosen to be straight” (at me)

-That women belong in the kitchen

-he has made several jokes about topics that should not be joked about

-he joked about guns and often suggests them as solutions to problems

-he threw an egg at his best friend who then came to E telling her they don’t think he’s just being playful anymore

-several of his friends have told me they think he is a neo nazi

so would I be the asshole if I told him off for being this way?","Firstly, he’s a borderline AH. Only borderline because he sounds young and stupid, not because I condone what he says at all. 

YWBTA, at least in the kid’s eyes if you told him off, so he wouldn’t listen anyway and it might make things worse. Sure, you could politely say you don’t approve of his language or something, but that’s very different from trying to confiscate his iPad and send him to his room. 

I would speak to his parents - I know your friend did but coming from an outsider I guess they’d be more likely to sit up and take notice. They might be busy getting a divorce but they could be busy building a rocket to fly to Saturn for all I care - they’re still his parents and that responsibility doesn’t just switch off because they’re arguing. They’re the real AH here.",1,YTA,0.0,1.0,1,"Firstly, he’s a borderline AH. Only borderline because he sounds young and stupid, not because I condone what he says at all. 

YWBTA, at least in the kid’s eyes if you told him off, so he wouldn’t listen anyway and it might make things worse. Sure, you could politely say you don’t approve of his language or something, but that’s very different from trying to confiscate his iPad and send him to his room. 

I would speak to his parents - I know your friend did but coming from an outsider I guess they’d be more likely to sit up and take notice. They might be busy getting a divorce but they could be busy building a rocket to fly to Saturn for all I care - they’re still his parents and that responsibility doesn’t just switch off because they’re arguing. They’re the real AH here.",1,1.0,0.0
3688,"AITA for refusing to get a job? I (19m) live in the ""guest house"" behind my father's (54m) house. My girlfriend (18f) lives with me. My dad does not charge us rent, and we do not pay for any utilities except cable/wifi. This will be my (hopefully our) home until my dad passes away, at which time I will inherit the main house. 

As my username implies, I come from a wealthy family. My dad is **loaded**, not Gates or Bezos level, but his net worth is in the 8 figure range.  

I have a trust fund, set up by my dad and his lawyers. It pays me out more money than I can reasonably spend. I do not need any more money. When my dad retires, I will be put in charge of his businesses. This will happen by the time I am 35 
**at the latest**. 

Here is the problem: 

My girlfriend did not come from money. She is envious of the fact that she has to work while I do not. I legit spend my time goofing off in online video games, and going on vacations to ""see the world"". She works ~30 hours a week to pay for school. 

Recently she suggested that I should get a job. She wants me to **earn** money in addition to the money I get from my fund. But my trust fund provides more than her job does already, so I feel like I am **MORE THAN** pulling my weight.  

I don't want to waste my 20's working for money I don't need. I want to enjoy my life before I am too old to reap the benefits. I literally just want to play video games and travel for the next 10-15 years. 

AITA for not getting a job just to make her happy? 

She has one good point that makes me question my decision. She says it isn't fair that I can go on vacation when she can't, because she has to work, and can't just decide to go to Malta for the weekend.","YTA --

*When my dad retires, I will be put in charge of his businesses. This will happen by the time I am 35* ***at the latest***\*.\*

And you'll quickly drive them into the ground and be broke as hell because you have no idea how to run a business, seeing as you've never even held a job or studied business or worked in the field, so good plan there.

If this isn't a shitpost, your father is a moron if he'd put you in charge of his businesses.",1,YTA,0.0,0.0,0,"YTA --

*When my dad retires, I will be put in charge of his businesses. This will happen by the time I am 35* ***at the latest***\*.\*

And you'll quickly drive them into the ground and be broke as hell because you have no idea how to run a business, seeing as you've never even held a job or studied business or worked in the field, so good plan there.

If this isn't a shitpost, your father is a moron if he'd put you in charge of his businesses.",0,0.0,0.0
870,"AITA in this work place dispute Long one because I wanted to detail as much as possible, sorry in advance. 

Little bit of background: I work as a store manager in a retail store. I have been a store manager for various  companies for over 12 years now and have to had issues at any of my places of work. I usually become friends with everyone and enjoy working  I love working, I love making people feel like coming to work, enjoying it and looking forward to it.

I found out in late December that my assistant store manager was getting promoted to store manager of his own store. I was beyond excited and happy for him, he works his butt of and deserves it. This caused one issue though: during the winters my company usually only runs with a store manager and assistant store manager, we hire people around February/March and let them go around October. Very seasonal. So because of this promotion, I was going to be working by myself. 

I was told that one slower store was going to be sending me help twice a week. Instead of having double coverage that day, the SM would do open to close, which isn't hard because they get 2-3 people a day during an 8-9 hour shift. Plus, their ASM lives right by my store so it's a better drive for them anyways. 5 inutes compared  to 45. I call them and discuss it, they're not sure what days and are a newer store manager so I talked it through with them ""you're taking Sunday and Mondays off, we have ASM trainings on Tuesdays and this person needs Thursdays off, so why don't we do this: Tuesday they go to training, Wednesday and Thursday off, work my store Friday and Saturday, work your store Sunday and Monday so you can have your days off."" 

They said they would talk to the asm and then get back to me. Called me later that day ""yeah she refuses to work there Friday and Saturday because she wants to be at her home store, so we are going to do Tuesdays and Wednesdays. I point out the ASM trainings would get in the way, she says they won't. 

That week, Tuesday the asm can't make it because of training. Then they call Monday and let me know that they have a doctor's appointment on Wednesday and can only work a half day, then calls back to say they can't work it at all. I scramble and am able to get another store to help out, but have to buy them lunch. 

The next week they announce to me they can't help because the store manager has to do inventory on Tuesday and Wednesday. I point out again, maybe we should switch the days because it doesn't seem to be working. ""nope, this is an anomaly, it'll work out"" 

It happens yet again this week. Asm training so can't do Tuesday, something came up on Wednesday. I express my frustrations as calmly as possible and say that if we just went with my schedule we would be fine. ""I'm not trying to tell you how to manager bu-"" ""well it sure seems like you are. You're really ungrateful and I can't make everyone happy"" 

At this point, I point out 
""hey, I'm not ungrateful, it's just really hard to deal with this when I'm getting told last minute that I'm not getting coverage and it's been happening every single week""
 ""oh so I haven't helped you?"" 
"".....no. You haven't. You haven't covered a single day off when you were supposed to""
""Well I can't please everyone.""
""I understand that and I'm not saying you should, I'm saying that if you aren't going to be able to help me, give me some notice and maybe contact our boss so I can get some help""

I end the call because I realize I've started to raise my voice. I tell them ""Im not mad at you or upset with you, I'm frustrated with the situation and how there seems to be a very easy solution but we aren't going for it. I'm going to let you go, let me know when you can help me."" 

After this, the manager calls back a bunch of times and keeps apologizing, I keep saying ""I'm not mad or upset with you, I just want a solution to the answer and you were supposed to help. If you can't, I understand, just let our boss know so I can get help""

After the first week of issues I even had asked my boss if I could work 6 days a week, just to make it easier on us. He said ""as long as you're okay with it"" and I replied with ""hey I would work 7 if you would let me"" ""well you can't do that but I appreciate you trying to make it as easy as possible"" 

This is now the next week, I haven't heard anything about when I'm getting coverage except that this manager called our boss and said they couldn't help. I called my boss this morning and said ""hey, just calling to see if we had heard about what day I'm getting coverage yet""

I was met with ""hey I wanted to talk to you about that. Manager called and was pretty upset over your conversation. You were pretty aggressive and non sensitive to the fact that they are emotional and hate when they can't help. You need to get better at that and mature as a store manager because that is unacceptable. They've been in bad situations where they wanted to help but couldn't. ""

I tried to tell my side of it and got interrupted with ""hey, I'm not mad at you, you just handled this wrong and going forward you need to see that.""

I was quiet for the rest of the call because it felt like anything I would say would just come off bad. At the end he said ""I need you to talk with Manager and figure out what days you're getting help. Obviously Tuesday doesn't work so let's change that day""

I mention that it's that very subject that started this and they're insisting on doing it that day. ""Well then you need you to call every other manager and get their schedules and see what day they can help. If not figure out why and what their people are doing on their off days, call all 18 stores and get back to me."" 

Am I the asshole here? I gave up my ASM willingly, suggested going down to 1 day off at my own expense, to help the other store manager out. When I felt that I was raising my voice, I stopped, let the person know I wasn't mad or upset with them and got off the phone. I feel like I handled it as well as possible but I feel as though I'm getting the short end of the stick and being pretty damn okay with it. 

Obviously I might have been more aggressive on the phone than I felt I was, but I feel like I wasn't and I'm usually pretty good at knowing when I am. ","YTA. As a store manager in retail reading your conversation with your peer and then your DM is sort of infuriating. You’re forgetting that they are also giving up coverage to help you. Things come up and shit happens and sometimes things have to shift on the fly, especially in retail. 

The two things you said that really make me wonder about you are the comment about you giving a day off up and that you gave up your ASM willingly. I’m salary. I’ve sacrificed when needed and have worked 14–15 days straight sometimes. It happens in retail. Your attitude about your ASM doesn’t do them justice. Clearly they earned a store on their own merit and you didn’t “give them up”. A sign of a good manager is someone willing to promote talent even at their own expense while developing a talent pool to move up on their place.",1,YTA,0.0,0.0,0,"YTA. As a store manager in retail reading your conversation with your peer and then your DM is sort of infuriating. You’re forgetting that they are also giving up coverage to help you. Things come up and shit happens and sometimes things have to shift on the fly, especially in retail. 

The two things you said that really make me wonder about you are the comment about you giving a day off up and that you gave up your ASM willingly. I’m salary. I’ve sacrificed when needed and have worked 14–15 days straight sometimes. It happens in retail. Your attitude about your ASM doesn’t do them justice. Clearly they earned a store on their own merit and you didn’t “give them up”. A sign of a good manager is someone willing to promote talent even at their own expense while developing a talent pool to move up on their place.",0,0.0,0.0
2670,"AITA for thinking my girlfriend is over exaggerating my bad memory? Throwaway for reasons.

Some background: I suffer from bad memory, sometimes I don't even remember what I had for breakfast the day before or the likes, and I've already talked about this with her. We've been dating for half a year and we'd never had a strong discussion before.

So, my girlfriend (24F) and I (25M) had a discussion yesterday because she was being super distant, sharing heartbroken IG images and not talking at all and stuff. I found it weird because she'd never acted like this before. Long story short we talked after work and she broke down crying saying I'd hurt her feelings and stuff because I never pay attention to her and the things she tells me and stuff.

Apparently, her exboyfriend sent her a message saying he was involved in an accident and had some loss of memory. She asked him what he remembered and he told them lots of stuff about her and their previous relationship (they were together for 2 years and broke up like half a year before starting to go out with me). This is important because apparently I don't remember most of the stuff her ex does (like favorite movie, stuff about her studies, stuff like that which I think is not really that important), and she said it's really hurtful that her ex remembers all of that and I don't.

I've told her that it's not that I don't pay her attention, but my memory has always been bad and that doesn't mean I don't care about her, I just sometimes forget some things which I don't find really important, hell, I sometimes forget my SSN and stuff like that.

Point being, Am I Really the Asshole for having a bad memory and not remembering some small stuffs regarding her? Any advice you might have regarding this situation?

&#x200B;

PS. English is not my first language, please excuse any bad grammar or writing.","YTA because of this line:  ""like favorite movie, stuff about her studies, stuff like that which I think is not really that important "". Is it life-or-death to remember her favourite movie? No. But it's something that is important to her and as her boyfriend you should be at least making an effort to remember it. ",1,YTA,0.0,0.0,1,"YTA because of this line:  ""like favorite movie, stuff about her studies, stuff like that which I think is not really that important "". Is it life-or-death to remember her favourite movie? No. But it's something that is important to her and as her boyfriend you should be at least making an effort to remember it. ",1,0.0,0.0
1607,"AITA for going on vacation instead of supporting my friend giving birth? My close friend recently asked me to be present and support the delivery of her third child. I did feel honored and agreed to do so. She will also have her sister and husband present. We have had a few meet ups and lots of phone calls discussing the delivery and everyone’s roles etc. her previous births has been tuff and she wanted to make this one better.

The expected date was in the middle of summer during a time when I was planning a vacation trip with my family (husband and two kids) that I was not willing to sacrifice. We had some talks before and I did tell her I was going even though I felt bad about it. We have had a lot of vacation time this summer that we have spent with friends and family. This was the one week I would have alone with my husband and kids and it meant a lot to me.

So I went and of course now the child is coming. I’m going to fly home tomorrow but I will probably have missed the birth. I feel like I’m an asshole for letting my friend down, am I?

Tl.dr I went on vacation that was important to me instead of supporting my friend giving birth.

Ps. This is my husbands account since I don’t have my own.","YTA. OP, you said in the comments that you agreed to this in April and told her in June about your vacation. You broke your promise by going on vacation in the period you knew she would be giving birth. It's not like she asked you to be there for a yoga class. She asked you to be there when she's at her most vulnerable, at one of the most intimate moments of her life. You should have made your plans differently, or you shouldn't have promised her in the first place.",1,YTA,0.0,0.0,1,"YTA. OP, you said in the comments that you agreed to this in April and told her in June about your vacation. You broke your promise by going on vacation in the period you knew she would be giving birth. It's not like she asked you to be there for a yoga class. She asked you to be there when she's at her most vulnerable, at one of the most intimate moments of her life. You should have made your plans differently, or you shouldn't have promised her in the first place.",1,0.0,0.0
2712,"AITA for ""blackmailing"" my crush and then going back on my word? I became close friends with my crush and really fell in love with him. We were always flirting, so I thought he might like me back and then we began to exchange nude photographs and I thought we would sure become a thing. Well, I confessed my feelings and he told me right then and there that not only did he not feel the same way, but that he also had a girlfriend of over a year. I started crying and sobbing and he was comforting me, but then I remembered the photographs and told him that I would have to show/tell his girlfriend about it and then he began begging me to keep it a secret, but I told him I couldn't, but then he started offering me money and all of these things because his girlfriend would be really upset.

Well, I thought then that if he is using me then I should also use him back. I didn't accept the money because I wasn't sure if it was illegal + I didn't really want it anyways. I told him that instead I wanted him to take me out to dinner because I thought it might get him to see me in a different way. After the dinner though (which I thought went really well), I asked him if he still wanted to be with his girlfriend and he said ""Yes"", so I told him then that I would send her the photos + other evidence anyways.

My friends all say I'm a jerk, but I honestly don't feel that bad about doing it because he used me first. Also yes, they did break up lol.","YTA. 

Because it's obvious. You're petty and jealous and he dodged a fucking bullet with you. 

Also, probably SHP.

ETA- in many states ""revenge porn"" is a crime. Which is sharing nudes without someone's consent. He could report you.",1,YTA,0.0,0.0,ERROR,"YTA. 

Because it's obvious. You're petty and jealous and he dodged a fucking bullet with you. 

Also, probably SHP.

ETA- in many states ""revenge porn"" is a crime. Which is sharing nudes without someone's consent. He could report you.",ERROR,0.0,0.0
1788,"AITA for commenting on daughters looks? Hi Reddit. I'm a mother of two girls who are age 19(we'll call her Erica) and 25(we'll call her Sam). They're quite different but I love them both dearly. Erica is your typical social butterfly. She has lots of friends and likes to go shopping and she's always on Facebook talking with people. Sam is more kept to herself and I always catch her reading or playing video games. 

We were sitting outside chatting when Erica asked me my opinion about their looks and who I thought was prettier between the both of them. I told them that they are different but I love them both. I explained that I found Erica to be classically pretty and Sam to be more unconventionally pretty. Erica then called Sam ugly while Sam just sort of looked at me. I tried to explain what I meant, telling them that Erica is generally what most people would default to when thinking of pretty- blonde hair, blue eyes, fairly symmetrical features, however Sam with her black hair, large steel gray eyes unique facial features is still beautiful just in an unconventional way that one would not expect- a lot of models are actually categorized this way.

Sam laughed it off but I could tell that my comment hurt her and it doesn't help that Erica is now saying that I called Sam ugly to her face. AITA for commenting on their looks and opening up for what I thought was just an honest and harmless discussion?","YTA - Sam is probably insecure about her looks anyways, and the last person she wanted to reinforce that negativity was her own mother. You go to your mom when you want to hear little white lies to build your self esteem. hence the phrase, “you’re my mom, you have to say that.”",1,YTA,0.0,0.0,1,"YTA - Sam is probably insecure about her looks anyways, and the last person she wanted to reinforce that negativity was her own mother. You go to your mom when you want to hear little white lies to build your self esteem. hence the phrase, “you’re my mom, you have to say that.”",1,0.0,0.0
3328,"AITA for not wanting a second date after feeling like my money was wasted?         For starters, I know this isn't the best way to find women but I have a busy life as well as not being much of a people person. So I don't like to go out much unless I have a reason to. I matched with this girl on Tinder and we kind of hit it off. We've been talking for about 2 weeks and we have a lot in common as well as some of the same future goals. Our conversations were always nice through text and even over the phone. So today we finally decided to meet up and go on our first date.  For a few added details, she lives 35-40 minutes away so I'm already spending money on gas to get to her.

         I don't know if I should've counted this as a first red flag but when I picked her up all she said was hello and afterwards it was just complete silence. Mind you, before this day we had been talking on the phone, texting and video chatting as my first thought was maybe I'm just uglier in person. We drive around for about 30min because I don't know the area and the only response I've gotten out of her was ""I don't know,"" so I suggest that we should go to ""Schmili's"" as I'll nickname the restaurant. 

         Once we arrive at ""Schmili's"" and get seated I try to strike up a conversation but all I'm receiving in return are yes, no's and idk's. At this point I give up and we order our food. While waiting for our food its complete awkward silence with her staring at the t.v. the whole time. After about 40min of silence we finally get our food and as we eat I'm trying to bring up old conversations that we texted about to make the conversation easier.  The conversation falls to silence again so I finish my food. The waitress comes by to take my plate and I pay the bill which was $30. At this point my date has only eaten half of her food so I asked her if she would like a ""to go"" box to take the rest home and she says no. I become kind of ticked off because on top of her not talking the whole time,  she decides to waste food and my money. We leave the restaurant and I decide to take her back home.  Before she gets out the car she tells me how much she enjoyed the date and if she could see me again in a couple days. I tell her maybe, for the simple fact that I didn't want to sound mean. Ever since then I've been texting her less and less and ignoring her.

TL DR- AITA for leaving a girl on read whom I've been talking to for weeks but didn't talk at all during our date and decided to waste food

Edit: I decided to text her to see what went wrong and the following is her replies. 

Me: hey, was everything ok during our date? You didn't say much
Her: sorry.... yeah I was fine
Me: oh ok,  I thought you were just nervous or something. 
Her: yeah,  kinda
Me: how was your food,  you didn't like it?
Her: I did.

I guess I really am TA. I just feel like if you really do like someone you should try to show that.  As nervous as I am around people myself,  a one sided conversation just isn't fun.","YTA. Have you tried asking her why she was so quiet? Some people get nervous on first dates and don’t talk much. Even if that’s not the case, it’s still pretty rude to not tell her straight up that you’re not interested.",1,YTA,0.0,0.0,1,"YTA. Have you tried asking her why she was so quiet? Some people get nervous on first dates and don’t talk much. Even if that’s not the case, it’s still pretty rude to not tell her straight up that you’re not interested.",1,0.0,0.0
2576,"AITA for getting my family to visit my sister to talk while she was spiraling with her anxiety and depression? This happened a while back, but my sister brings it up from time to time. Basically, about a year ago my sister was on a bad mix of medications. She was constantly picking fights with people, she was depressed, and so anxious she barely left the house. It looked like it just kept spiraling down and things kept getting worse. My parents are divorced, but they still get along well. I thought it would be helpful to get my mom, dad, and myself together and take her out to eat and let her know we love her and support her and talk to her about how we think she may need some help. Basically it was an “intervention” she wasn’t expecting. She was pretty mature about it while it was happening, there were some tears. My sister brings it up all the time that it was a crappy thing to do. I can imagine that it may have felt shitty that the first time the four of us were together again it was because of this reason, but I feel like it was a necessary wake up call. ",Yeah that’s kinda shitty. You’re intentions were good but why would you bring her to a public place to do this? Asshole move.,1,YTA,0.0,0.0,0,Yeah that’s kinda shitty. You’re intentions were good but why would you bring her to a public place to do this? Asshole move.,0,0.0,0.0
1611,"AITA for having a crush on my coworker? Okay so I'm married and I have a crush on my coworker. Here's a little back story of my marriage: we have been together almost 3 years, got engaged after 7 months, married after about a year and a half. For our entire relationship, he's had crappy jobs and I've talked to him multiple times about trying to find something better. My mom is about to die from cancer and we recently had a major blowout. I told him I want him to stay in a hotel because I need to process my mom's death alone. He ended up punching our old TV screen until it was shattered and he caused a contusion in his hand.

Side note: A few months ago I started asking him about his resume and he would immediately change the subject. I made him sit down with me to edit his resume so I could apply to jobs for him because he wouldn't (even though I made it clear for months that I want him to find something better so we can save for our future). I kept applying for him and he wouldn't respond to the emails. 

After our blowout, him punching the TV and each of us yelling at each other, the next day he acted like NOTHING HAPPENED. I walked in and he runs up to me to give me a hug. He keeps talking about his feelings but he hasn't been there at all for me during this time with my mom. His mom had cancer when he was 6 and he was told she would pass (she didn't), but he's the least understanding person. 

I have a crush on my coworker because he's there for me more than my husband is. Am I the asshole?",[deleted],1,YTA,0.0,,1,[deleted],1,,0.0
3648,"WIBTA If I Don't Tell My Parents About Their Truck Repair? To start off, I have put myself in quite a pickle and morale delima. So here's the back story, I am a (23M) that is still in College and paying for all of my tuition and expenses. Over this past weekend I had to move out of my apartment and I needed a truck to move all of my furniture and etc. My parents have a fully loaded GMC Sierra Denali truck and they allowed me to borrow it for the week. You must also understand that this truck is my Dad's baby and keeps this truck immaculate, this also the first time he has ever let me borrow it. 

So, fast forward to last night; my roommate and I decided to go get Sonic and I volunteered to drive. I honestly volunteered because I love this truck and I just want to ride around in it any chance I get because it's a million times nicer than my POS car. Anyways, we get our food and I start to back out of the slot and I get half way out and hear a horrible screech. Roommate gets out to look and I ask how bad is it? Thinking maybe it's just a little scratch it'll buff right out and he says it's bad.  My heart just sank and my anxiety levels shot through the roof. 

After taking the night to try and decide what I should. I decided I'll try and save my pride and trust that my parents had in me and find a place that can repair it. I called over 6 body shops this morning and only found one place that said they could fix it by this weekend. I looked at their reviews and it seems like they do good work so, I brought it over to their place for an estimate. After they took a look they told me that they would have to fix the dent in the door and repaint the whole door (rear passenger) and half of the front passenger door that way it can all blend and match the paint. 

Next came the haggling, I told them my situation and asked if they could cut me any breaks. I think the guy honestly felt bad for me and he knocked 300 bucks off the estimate. However, that estimate is still around 950 dollars. Fourntuantly, I previously finished a internship that paid me really well and I have a enough to cover it. So, I sucked it up and told them to go ahead and fix it for that quoted price. 

Now, here is my internal battle that I have going on in my head, should I tell them even after the repair and keep their trust in tack or spill the beans? My thought is, if the repair turns out great and you can't tell anything happened, then no harm no foul and what they don't know won't hurt them. On the other hand I asked a friends parent what they think and they said I should still tell them. So reddit, WIBTA if I don't tell them about the repair to their truck?",YTA Want to keep that trust with your dad? Be upfront and honest. Show him the respect man-to-man. And the fact you at least took care of the problem you made shows he can still trust you.,1,YTA,0.0,0.0,1,YTA Want to keep that trust with your dad? Be upfront and honest. Show him the respect man-to-man. And the fact you at least took care of the problem you made shows he can still trust you.,1,0.0,0.0
2430,"AITA for not wanting to go to my friends wedding without a plus one? A little backstory, they are super Christian and semi conservative, I am definitely not either. 

They are having a very small expensive wedding and I was invited to attend. At first I was like sure I mean I wouldn’t call my friend a best friend but we are close enough I would support them on their big day. When I was invited I asked if I could bring a plus one because I wouldn’t know anyone there other than my friend who will obviously be busy getting married.

They said I shouldn’t invite anyone because it’s a small wedding and that I wouldn’t be alone because I would know some of the people from her 21st birthday. The thing is I don’t know any of them to be cool enough to have a conversation with them, and I am pretty sure they don’t like me. In fact more than pretty sure we just don’t vibe well. 

Now I don’t want to go to the wedding at all. I would have to spend $400 on a plane ticket to fly to a wedding to not know anyone. So am I the asshole here?","NAH if you don’t go because you aren’t close and it costs $400.

YTA if you don’t go because she isn’t letting you bring a random guest.",1,YTA,0.0,0.0,1,"NAH if you don’t go because you aren’t close and it costs $400.

YTA if you don’t go because she isn’t letting you bring a random guest.",1,0.0,0.0
1657,"WIBTA if I tell my roommate she's not to have guests after 9 PM on weeknights? The quick and simple of it is that we're new roommates, been splitting a house assigned by the school (we each have private room and bath, we share hte kitchen and living space; we did not pick each other) for two weeks thus far. Her friend, who lives in the same setup nearby, is over constantly. They wait until 9-10 PM to cook dinner and talk loudly throughout. The house is a square, there is no hallway, no way to get ""away"" from the kitchen noise. Kitchen and living room noise happens on the exact opposite side of the wall from my bed.

I sleep early to wake up and work out. (When I do so, I am hyper-aware of noise and light and try to sneak out since I know she's sleeping.) I've told her this, and asked her if she and her friend can strive to be quiet after 8 PM, since I usually go to bed around 8:45-9 PM. She says ""Yes, no problem"" but the next night they're slamming drawers in the kitchen at 10:45 PM again.

I've just checked my lease and *all* guests at any time are only allowed with permission of the other housemate and it explicitly says that sleep, privacy, and study time takes precedent over housemates having guests. I *could* simply tell her her friend is *never* welcome in the house, but I obviously don't want to be an unreasonable bitch about it. I would like to say 8 PM, but I'm pre-compromising and saying 9 PM to give her more time with her friend. (They could, of course, just hang out at the friend's house . . .)

WIBTA? (Note this is a doctoral program, so she isn't a freshman excited about being on her own for the first time.)","YTA.  I get your desire for quiet, but 9pm is fairly early honestly.  I'd try to talk to her to see if you can come up with a fair compromise, but I just don't think 9 is fair for adults.  Can you invest in like a white noise machine or earplugs that may help?  When you have roommates, sometimes this is one of those things you have to deal with.  But I definitely wouldn't say she is being unreasonable.",1,YTA,0.0,1.0,1,"YTA.  I get your desire for quiet, but 9pm is fairly early honestly.  I'd try to talk to her to see if you can come up with a fair compromise, but I just don't think 9 is fair for adults.  Can you invest in like a white noise machine or earplugs that may help?  When you have roommates, sometimes this is one of those things you have to deal with.  But I definitely wouldn't say she is being unreasonable.",1,1.0,0.0
1469,"AITA for wanting to divorce because stepchild? I'm (30f) and married to my husband (30m) now for 6 months. We had been dating for 2 years and when we got married and we moved to a new town together and then moved in together. He has a 4yo daughter who I had a pleasant relationship with. I've watched her grow up. I think she is a cute tyke but I dont love her. I've tried, believe me, but we are not compatable. Now that we have all started living together, I'm starting to dislike her personality and the way she acts just like her mother who I have an okay relationship with but do not particularity like. I feel like I gave it a real chance but I told my husband that I was thinking about divorcing him. He got upset, as expected, and told me that this information should have been provided before I married him. I told him that I love him but didn't truly know that living with him and his child would be so difficult. He said that I would grow to love her and that I should stick around. I disagree and I think I've really given it a fair trial. AITA here?

Edited to add: husband and ex had 50/50 custody before but now that we moved to a new town it is 100% his custody. We moved because of his job. We make about the same amount of $ so we will likely get an annulment. I don't want half his stuff. I love my husband. I'm keeping my voice neutral because this is very difficult for me. I didn't know that raising another person's child would be this difficult. I had very little do do with her raising for two years and now I have to basically be a new mom. I thought love for my husband would be enough. It isint",YTA. You were around her before you were married and you're acting like suddenly you're not compatible. She's four for godsake! She's not going to act the same way for the rest of her life. ,1,YTA,0.0,0.0,0,YTA. You were around her before you were married and you're acting like suddenly you're not compatible. She's four for godsake! She's not going to act the same way for the rest of her life. ,0,0.0,0.0
3981,"AITA For Wanting My D&D Player To Be Someone Else? So this conflict has been resolved amongst ourselves but it's been at the back of my mind about whether I was in the wrong, hopefully that doesnt break the sub's rules.

Im the DM (Dungeon Master) for a group of 5 players from my friend group. We recently finished the Lost Mines of Phandelver campaign after that sort of fizzled out and I decided to run them through Waterdeep Dragon Heist next.

The majority of my group, including myself, are relatively new to D&D and it consists of:

Myself, the DM- A D&D newbie whose DMed twice and played as a PC twice

R- Formerly a Goblin Bard, now a Tiefling Cleric in the new game

J- A Tiefling Bloodhunter who kept his character and we just rolled him back to Lv. 1

M- The only veteran of the group, played ~4 years, who used to be a Lizardfolk Barbarian but wanted to be a Tiefling Warlock

And two other party members who dont factor into this issue.

So J was already a Tiefling, as I mentioned the character was just carried over between campaigns, and then when we talk about trying out a new campaign R asks about trying out a different character because he's sick of being a squishy bard. He eventually comes up with the idea of a Tiefling Cleric.

Here's where we reach the AITA:
Like I said, M wants to be a Tiefling too. Straight off the bat I tell him 'I'd rather you not be a Tiefling as I dont want too many of one species' and I repeat this multiple times and each time he tells me no, he wants to stick with the Tiefling. Its not that I have a problem with Tieflings- having too many of any race is a problem for me. It'd be the same if I had a lot of Elves or Dragonborn, I'd want some people to switch. R and J were already Tieflings and they were Tieflings first so if anyone should change it should be M.

I feel like the a-hole here because I was essentially forcing him to play a different character. To me it seems obvious that M is in the wrong but I asked people both inside the group and out and while I got some support a fair few told me that I was being too harsh or that it shouldnt matter what species he played.

(M did eventually switch to an Aasimar Warlock but I wanted to ask a non-bias group about the situation because I didnt want to have been the a-hole over trivial things and its been bothering me that I couldve been.)

So pass your divine judgement, AITA?

(Edit: Fixed some formatting so there wasnt a brick of text in one part.)","YTA

First of all, your objection doesn't even make sense. Why would it be a problem to have too many of the same race? You never even bother to explain it, so I'm forced to assume you have no real reasons.

Second of all, you're trying to violate player agency in character creation (which is bad), and you're doing it arbitrarily (which is really bad). If he can't play tiefling, why can the other guy? Because he ""called it first""? He got dibs? That's not how any of this works.

Honestly, if I were considering playing in your game, and I even heard about you pulling something like this, I would drop immediately. This is way across the line of acceptable DM behavior.",1,YTA,0.0,0.0,0,"YTA

First of all, your objection doesn't even make sense. Why would it be a problem to have too many of the same race? You never even bother to explain it, so I'm forced to assume you have no real reasons.

Second of all, you're trying to violate player agency in character creation (which is bad), and you're doing it arbitrarily (which is really bad). If he can't play tiefling, why can the other guy? Because he ""called it first""? He got dibs? That's not how any of this works.

Honestly, if I were considering playing in your game, and I even heard about you pulling something like this, I would drop immediately. This is way across the line of acceptable DM behavior.",0,0.0,0.0
3339,"WIBTA for skipping part of my friend's wedding events? My high school best friend is getting married in June where I will be best man. I'm from the US but currently living in Australia so I'm making the trip home where I'll have about 10 days in total. The wedding itself is about 5 hours drive from my hometown and is on a Sunday (my last full day) with the rehearsal dinner Saturday. The couple also have events planned for Thursday/Friday (a camping trip for the wedding party). WIBTA for skipping the Thurs/Fri (arriving just for the rehearsal dinner onwards) to see other friends/family? 

If it matters, my friend is very averse to a bachelor party so this group camping trip is sort of replacing that.","YTA, but a slight one.

You're the best man, not just a wedding guest or even a groomsman.  The best man.  This friend has picked you to stand next to him on one of the most important days of his life.  You accepted this responsibility willingly, no one forced you to say yes. You should be present at all aspects of the wedding.  If that means you have to reduce the amount of time you spend with other people while you're home, so be it.  If you attend all the events they have planned that still gives you half the trip to do whatever else you want.  Don't put the groom in a position where he has to explain why you're not there when everyone else in the wedding party is attending.",1,YTA,0.0,0.0,1,"YTA, but a slight one.

You're the best man, not just a wedding guest or even a groomsman.  The best man.  This friend has picked you to stand next to him on one of the most important days of his life.  You accepted this responsibility willingly, no one forced you to say yes. You should be present at all aspects of the wedding.  If that means you have to reduce the amount of time you spend with other people while you're home, so be it.  If you attend all the events they have planned that still gives you half the trip to do whatever else you want.  Don't put the groom in a position where he has to explain why you're not there when everyone else in the wedding party is attending.",1,0.0,0.0
2412,"AITA: For telling my wife off about other people picking up our kids? So here goes, i work a lot even on sundays when my wife likes go to Church with our twins (1 year old). This past Sunday after work the wife and I with the kids whent to a event were at some point i got a call and went of to the side to talk. After some minutes some guy goes a picks up one of the twins from the stroller. The kids where not crying  or wanting to get out of the stroller and after i finish my call i go to the guy and tell him to give me my so, after i go to my wife and ask her who he is and why his picking up my kid? She tells me that his from Church also married with kids much older then mine, and that some people from Church help her sometimes by holding them if they cry or something like that. I told her off that i don't  want strangers picking up my kids and that she should not put her self in a position that she will need other peoples help. Right after she tried to get me to meet and get to know the people but i said i was not interested and left.","YTA. He wasn't a stranger. He was someone from church that your wife knew. And she might not be in a position in which she would need other people's help if it didn't also seem glaringly obvious that the twins' father was too busy for them, unless it's to assert his alpha male dominance.",1,YTA,,0.0,0,"YTA. He wasn't a stranger. He was someone from church that your wife knew. And she might not be in a position in which she would need other people's help if it didn't also seem glaringly obvious that the twins' father was too busy for them, unless it's to assert his alpha male dominance.",0,0.0,
2478,"AITA for pointing out that 2 schoolmates lost their house cos their dad was a drug dealer in front of the entire school. So this was a good 13-14 years ago now. I was a volunteer firefighter in a small town in rural New South Wales.

Now, for some context, back then it was still a ""You should be 18 to go to fires"" but with such a small town, such a small brigade, they were happy to let us more mature older kids on a truck at 16. This is important because we were still at High School at this point.

Anyway, 2300-ish hours our pagers go off, we race down to the fire shed, we jump in the trucks and head out to this house fire. All good so far.

We get the fire out fairly quickly, but it completely fucked the house, now being curious, we then started doing a bit if a check to what started it.

A fucking hydro setup.

An entire bedroom of the house was a hydro pot farm, it was all fairly well roasted by the time we got there (bit of a shame)

Anyway, local copper who was there (In Footy Shorts and a Singlet) goes and grabs his handcuffs and arrests dad who promptly fessed up to it all on the spot. He knew he was caught.

Anyway, fast forward 2 days to a school assembly and they wanted to start a fundraiser for the girls who ""Lost everything in a mysterious fire of which the cause is unknown"",at which point I yelled out ""Bullshit, their dad was growing drugs and that burnt the house down""

Promptly got pulled out of the assembly and reprimanded saying I ""Can't start rumours like that"" despite the fact I'd literally been there, seen it, and heard the confession from the dad.

Apparantly seeing something with your own eyes in the eyes of the school was ""Making up stories"" if it didn't fit their narrative.

So, AITA for pointing out that 2 schoolmates lost their house cos their dad was a drug dealer in front of the entire school.

Also, for reference, in the end the ""official"" cause put down by the district fire team was ""Faulty Appliances"" meaning that they got a full insurance payout.

The dad got a 12 month gaol stint suspended for 5 years. They've now moved up into the mountains more and we have no doubt he's growing it the natural way at the back of his block now.","YTA - you shamed them for the actions of their father, in an assembly, in front of everyone, for what jock points?",1,YTA,0.0,0.0,1,"YTA - you shamed them for the actions of their father, in an assembly, in front of everyone, for what jock points?",1,0.0,0.0
1261,"AITA for going to my daughter’s favorite movie theater? For a year, me (44M) + my daughter (15F), E, haven’t been in contact. 

E cut me off after I cheated on exwife (43F) with a 27F I met @ a hotel on a work trip (gf) . After 8 mo of the affair + therapy, my wife (A) decided to divorce. It’s a long story but this was for the best. E disagreed- she told me I was throwing my life away w gf. I gave them a  great settlement- they keep our house, I keep my mom’s house. I make generous support payments. I agreed to concede custody of E, who then gave me an ultimatum- I either broke up w gf, or lost contact w her. I chose to lose contact w her, hoping she’d come to her senses. We haven’t seen each other or spoken since, except for when she called me to yell @ me for not reaching out on her bday, or when she texts me to ask for money. Me + A still talk, and she mentioned to me a new theater in town that her + E love. She told me to avoid it so E wouldn’t have to run into me + gf, who has since moved to the US and into my mom’s house w me shortly after my mom died. But a few mo later, gf began asking me to go to the new theater. We began going. 

One night, E sees our car in the parking lot. She calls me in a rage, screaming, crying + telling me to leave, along w using vulgar language. Fortunately, the theatre has a good return system, so I left. A then called me + told me not to return, but I told her I refuse to be banned from places when we live in the same town. Me + gf continued to go, and E began occasionally txting in advance to tell me not to go to the theater that night, which I respected. E saw my car + begged me to leave 2x more- and I did. 

A few weeks later, me + gf were @ an indie movie (this theater shows movies that chain theaters don’t, which is why I haven’t stopped going.) Apparently, E was in the audience w friends. After the movie, she called me in tears, calling me a motherfucker + a vile human being. She told me not to go back to the theater, saying I had humiliated her in front of friends. I refused to be barred from the theater, and hung up when she began calling gf a whore. I then called A to  tell her that E should not use bad language toward me, and threatened to lessen E’s future payments + car allowance. A then berated me, saying that if I couldn’t respect E, she shouldn’t respect me. She also mocked gf’s height + spending habits, calling her a whore. She then threatened to make me have visitation with E under a morality clause, which means gf can’t stay in my house during visits. I hung up, humiliated by this in front of gf. 

E + A are both mad @ me for refusing to not return to the theater, but I think I shouldn’t be banned from a public place, especially when it’s the only one showing the indie movies gf + I love. They have argued that since we never went together and me + gf didn’t go until after A’s warning, I shouldn’t return. I’m willing to not go on nights when E has tickets, but I don’t think I should be banned. AITA?","YTA

That’s kinda ridiculous of them to ban you but imagine being your daughter and knowing that you’re there with this young girl you had an affair with and ruined your marriage with. It probably sucks for her. I know it would suck for me. Man up and go to another theatre. You made the decision to have an affair and break up your family for some younger ass.",1,YTA,0.0,0.0,0,"YTA

That’s kinda ridiculous of them to ban you but imagine being your daughter and knowing that you’re there with this young girl you had an affair with and ruined your marriage with. It probably sucks for her. I know it would suck for me. Man up and go to another theatre. You made the decision to have an affair and break up your family for some younger ass.",0,0.0,0.0
582,"AITA for sending my ex girlfriend money even though my girlfriend told me not to? Throwaway because my friends know my main account.  


My ex girlfriend and I had a child together. We were young and stupid yada yada. We split pretty amicably and I get visitation for my daughter often. Her parents were very wealthy so they told me that i didn't have to pay very much for child support. Her stepmother died not long ago and they now have to manage their money carefully. My job pays pretty well, so I was considering sending her some money (a few thousand) once i get paid, to help with christmas coming up.   


My current girlfriend is begging me not to  because she cheated and lied to her ex boyfriend who is in my girlfriends friend circle. Cheating is pretty bad but she's never done anything bad to me and i'm not mad at her.   


So reddit, AITA?",YTA for even thinking about putting your new girlfriend's childish bullshit above the assistance of your actual child.,1,YTA,0.0,0.0,0,YTA for even thinking about putting your new girlfriend's childish bullshit above the assistance of your actual child.,0,0.0,0.0
2782,"AITA for throwing away a Secret Santa gift? I'm part of a club at my university that does cosplay, and every year we have a Secret Santa gift exchange during our Christmas parties. We each receive a name for the person we need to get a gift for, along with 3 interests on it so that we have an idea of what to get them. There's always a 10 dollar limit so things don't go overboard. I made sure to do extra research on my Secret Santa because I like to take gift giving seriously and bought them a book of an anime series they liked. And in the end they really liked it. My gift however, was not even exchanged during the gift exchange. I thought maybe the person who was to give me my gift couldn't make it to the party, but 5 minutes after the whole exchange, he exclaimed that he nearly forgot to give his gift. He walked over to me and handed me a circular piece of red plastic with the Naruto symbol engraved on it. He then excitedly told me that he made that this morning in the 3D printer room. I thanked him and left the party after it was over and threw it in the garbage after a walking significant distance away. I never wrote anything about Naruto or anime on my sheet, I asked for DnD stuff or candy. I know that this guy has a case of ADHD, so I feel somewhat conflicted in my actions. Should I be pissed or not?",You ask if you’re the asshole here and then ask if you should be pissed. So YTA for wanting validation over throwing away a $10 gift and then asking if you should be pissed. Seems petty.,1,YTA,0.0,0.0,0,You ask if you’re the asshole here and then ask if you should be pissed. So YTA for wanting validation over throwing away a $10 gift and then asking if you should be pissed. Seems petty.,0,0.0,0.0
499,"AITA for scolding my step father for taking photos of my children? The title may be misleading, but I’m not sure the best way to put it.

My wife and I had our second child only 2 days ago. Our first child (2m) has been with my in laws, and was back at home meeting his new baby sister for the first time.

I decided I wanted to film their first encounter. It was a short video of my wife holding the baby, while our young son sheepishly checked her out. It was a moment that could not be recreated.

I thought it went well, but after watching it back, I realised my step father (64m) had been taking photos. Not only was his shutter noise noticeable several times in the clip, but his phone appears 4 times in the corner of the frame, moving in and out as he got into position . He then posted 2 blurry photos of the encounter to his Facebook page before I had even thought of loading my video.

I have a relatively good relationship with my step father, and he is a good grandfather, but his photography has always been an issue within the family. He has taken some lovey photos over the years, but often at the expense of enjoying the moment. This has only gotten worse since changing to a smart phone in the last 2 years, and now photos are taken whenever he feels like it, and uploaded without any consideration for anyone in them. They are often terrible quality and far too many at one time.

He does not take criticism well, often storming out of rooms, and never apologises. Due to this behaviour, my brothers and I often run issues past our mother. When I told her I was upset with the clip, and my step dads behaviour, she took his side, stating he wasn’t hurting anybody, that the clip was fine, and he can upload as many bad photos to Facebook as he likes. She couldn’t understand why I was upset, saying he was only being a doting grandfather.

AITA?

Edit

Thank you everyone for the feedback, most was constructive.

Just to answer some questions and address some assumptions. 

I was never concerned about the Facebook privacy issue, and did not plan on sharing the video myself, my social media footprint is not large. The Facebook post was more frustrating because I feel that he is taking photos more and more just so he has more content for his page. The poor photo quality got to me because his interruption of my video didn’t even result in a nice photo, if that makes sense.

A lot of people are saying I’m being petty and he is simply being a caring grandfather. He is definitely a caring grandfather, and perhaps I am being petty. I was just hoping in that moment he could let me take a video without being involved. There is a lot of context that is hard to show in a short description, but 20 years of often intrusive photos paired with his inability to take criticism has been difficult at times. This probably explains why my brothers and wife are on my side but I have been generally labelled the arsehole here.

I agree I could have addressed my frustration better with him. This was probably the result of some recent poor behaviour on his part, which caused me to lash out at the “last straw”. Also doesn’t help that it’s been a stressful and sleepless time with a new baby.

This may seem like I’m making excuses, and maybe I am. But I do agree I should have handled the confrontation better, set up more ground rules, and cut him some slack.","YTA.  I don't see any indication in the post that your stepfather was advised in advance not to take photos, and he was taking photos at an event that was clearly worthy of being photographed (as evidenced by you filming).  Obviously it would have been better if the photos were nicer, but I can't blame him for trying.",1,YTA,0.0,0.0,1,"YTA.  I don't see any indication in the post that your stepfather was advised in advance not to take photos, and he was taking photos at an event that was clearly worthy of being photographed (as evidenced by you filming).  Obviously it would have been better if the photos were nicer, but I can't blame him for trying.",1,0.0,0.0
110,"AITA for taking pictures of my kids playing at their playgroups? So I have 2 kids, a son that is almost 2 and a daughter that is 6 months, because of this we tend to go to a lot of activities to get out of the house and so the kids can burn off some steam before nap time. I like to take pictures while we’re there because my son’s father and I aren’t together so he likes when I can send pictures of our son playing and doing stuff; I also take pics for my boyfriend as he works away so he also likes to have me send him pics of what me and the kids do. 

Anyways I was at playgroup one day and I was taking pictures of my son playing when a mom approached me and told me I wasn’t allowed to post the pictures I had just taken on to social media because one of her kids happened to be in the background. 

I’m sorry, but we are in a public space and I’m just trying to take pictures of my kids to send to their dads and maybe post 1 or 2 on Facebook for my other family and friends to see. Also there are no rules in this group saying that I can’t take pictures, especially if my own kids! 

So AITA for wanting to take pics of my kids out doing activities, where the occasional random kid might appear in the background of them, and sending them to their fathers/possibly posting on social media?

Edit post: I didn’t post the pic with her kid, but I did send it to my ex and my boyfriend because it was a really cute picture of my son!",[deleted],1,YTA,0.0,,1,[deleted],1,,0.0
979,"AITA for blowing up on a person that I've been trying to help better as a person for over the course of four years? Sit back and ready the popcorn, because I've been thinking about it for a little while.

**Edit; included more information that I foolishly left out to the comment that tops the comment section.**

So, there's this guy, let's just call him Barney. He's one strange fellow, and not in a good way.

Barney was a guy who was extremely hypocritical and doesn't even seem to know what he says half the time, labeling his own words with his own definitions and expecting us to read his mind. He blows things out of proportion when they don't need to be, shows his anger by calling everyone ""bruh,"" ""nigga,"" and most infamously, just saying ""k"" and ""w/e"" over and over again.

---

**Example:**

*I'm playing Counter Strike: Global Offensive, in a 5 man lobby, the maximum size a lobby can be if you want to play a ranked competitive game.*

Barney: ""bruh you cant even drop an inv? ...""

Me: ""Whaddya mean? I already planned to play with these guys, and they only had one more space anyway. Sorry.""

Barney: ""k kid you were on earlier?""

Me: ""Well, there's not really a point in throwing an invite if the lobby is full.""

Barney: ""w/e kid i'm not even gonna try with you""

Barney: ""im out""

Barney: ""bye felicia""

---

***Example 2:***

**some argument about me mentioning his name in a question**

Barney: ""nah dude you the type to snitch""

Me: ""How am I supposed to be a 'snitch' if I'm just trying to find an answer to a question that wouldn't have made sense if I didn't include your name in it?""

Barney: ""nah bruh my spidey senses are telling me of a snitch""

Me: ""So you're literally calling the person who's stuck by you for years on end off, and calling him a snitch in the process?""

Barney: ""What? I didn't say you were a snitch""

Me: ""You literally just labeled me as a snitch, you said ""**insert the two quotes above**.""

Barney: ""Nah bruh I said you were the **type** to snitch, not a **snitch** lol""

As if that even makes any sense? What the fuck? That literally makes zero sense. You literally just tried to pull some Obi-Wan shit on me, like ""this is not the word you thought it was.""

---

Stuff like this was what made many people grow tired of him and shoo him out of friend groups, or even just straight up muted/blocked/banned on social media gatherings and such. People didn't want anything to do with this arrogant, sippy-straw visioned fuck that was full of himself, and every time I mention his name in any of my friend groups, they all groan as if I just shouted the most horrific shit within the voice channel.

---

""But OP,"" you may ask, ""if he's such an asshole and treats almost everybody this way, why didn't you cut relations with him earlier?""

Well, the thing is, it's not like he's had it easy. The guy's got a family therapist, his dad is one of those extreme-traditional-mindset-asian-fathers that go apeshit crazy or just straight up don't make sense. Worst I've heard from him was when Barney got kicked out of the house with his father screaming that **""If I knew you were going to be such a disobedient child, I would've drowned you as a kid!""**

He also has a bit of good in him, as since I've stuck around to see how he's managed to evolve from his wannabe-gangster-unhealthy-loyalty-expectation high school self, he can still truly genuinely care about people. When he visited a month back, he really wanted to ask me to hang out. Being the person I am, I can't really deny without any good reason, so I took him out, we ate at a small diner, and he asked me how to take care of a long distance relationship/friendship, and no bullshit, no interruption, he sternly asked for my advice on how to manage a long distance relationship/friendship as someone he dearly cares about is studying abroad and they both recently confessed to each other that they have mutual affection. The amount of focus he gave me was as if he was a completely different person. No smug look, no snapback, no dumb conclusions, just listened to what I had to say, and I genuinely was glad to help him out. It's as if Barney had changed overnight.

It's not the only times it seemed to happen. When he's upset, he trusts me with a lot of his information, his secrecy, his privacy, et cetera. Sometimes it's as if I never had met the guy.

Those moments in which I still saw the person that could lie within, and I hoped to coax that out with years of experience, telling him that the way he talks and the way he goes about using words can sometimes really hurt people, and that it's easily misconstrued to a point in which could definitely could rub off as extremely rude and aggressive. I tell him that using ""k"" to deal with/run away from your problems isn't a valid option when you hit adulthood, and that you should always keep an open mind no matter how angry you can possibly get, and to be fair, he has improved on that vastly since the time I first ran into him in high school. I really wanted this guy to turn over a new leaf and perhaps rebuild friendships that were once torn apart by his irrationality/ignorance, as I knew that there was a chance. A low chance, but a chance nonetheless. I stuck by him for years, defending him and telling him what he could've done better, or when to let things go when they're out of his control so he won't let his emotions get to him.

---

But, other times, things just get way out of hand and I just don't want to deal with it for the millionth time in a row. I've seen this guy tear apart his own relationships with others and be completely oblivious of why, then proceed to blame those that ""wronged"" him, or tell them that he himself wasn't even angry and that it was them who blew things out of proportion, while using a 110% aggressive tone the message before. There's no in-between with this guy. He wants in with almost everything I do, and it's almost creeping me out at this point how many times I've seen him say ""hmu if you want to ______"" when there is nothing new in my mundane college life, in which I remind him of almost every week. He has a sick/extreme definition of loyalty in which he expects constant attention from those he talks to the most, and even tries to guilt trip those he **weren't** close with at all, with sayings that usually ended up with a meaning that revolved around **""k I thought we were close but I guess not.""**

---

On the 20th of November 2017, I was having one of the roughest days of the month--woke up with a cramp to start the day off that wouldn't go away, then forgot all my assignments at home, then realized I read the instructions on how to enroll in the Spring Semester for my university, got smacked around/yelled at by my father, threatened to get beaten, then was the punching bag of my grandmother and her insane assumptions on how the family mistreated her because she didn't get the dumpling she wanted in her bowl. 

Barney has a terrible habit of responding to somebody on a messenger, then just going offline.

---

***Example:***

Barney: ""Hey, so are we hanging out on Sunday?""

Me: ""I dunno, you think you have time after Church? Do get back to me quick though, I'm a little busy and on break""

**5 hours later--** Barney: ""Yeah, I don't have church on that day lol""

---

So, when I got home that day and went upstairs, I didn't want to do anything. My friend group I usually play Counter Strike with asked if I wanted to get a game or two in, and I thought to myself, ""why not? I'll just channel this anger into my aim, perhaps.""

The first game was great, despite the tie, and Barney was still idling around with an ""Away"" status until the end of the game, in which he entered this software called ""Wallpaper Engine"". I'm assuming he's busy, considering he **still** hadn't replied to my message in which I sent as a reply to his initial inquiry, 3 hours prior. Then, when I begin queueing for a game, he messages me, obviously annoyed, with his irking start of **""bruh""** along with the lines of **""not even an inv?...""** followed, with my attempts of telling him that I was already in a full lobby (in vain, of course), by more assumptions, such as **""w/e kid""** and a slew of **""k""** responses.

He had not messaged me beforehand, it was 10:30, I was just about bringing my mood up since I had a terrible day since the moment I woke up, I drank a few shots of Moscato, I was absolutely exhausted, I didn't need this, so as I was playing, I just started to give him a taste of his own medicine, only replying with ""k"" as I was sick and tired of seeing him revert to his man-child self that I tried so hard to eliminate within his toxic personality.

He proceeds to spam with a bunch of ""k"" responses that filled up the entire right hand screen of my monitor, popping a few ""lol idc"" messages in for good measure, and after he was done, stopped messaging me altogether. 

I didn't attempt to apologize. I muted him on Facebook so he wouldn't ruin my sleep, so he can complain to his little girlfriend across the atlantic ocean on FaceTime a little more than usual.

So, with all that said, AITA for giving up on this guy? At this rate, since I'm not apologizing, there's a 90% chance I'll never talk to him again. AITA for befriending him, sticking by him through thick and thin (and bullshit), being there when he needed the help/attention, but ultimately just shoved him aside when I couldn't stand thinking of another second dealing with his immaturity? Should I have let him go earlier? Should I have kept on trying?

Am I the Asshole?","It sounds to me like you've been really grossly dishonest with him. From your stories, you despise him, you've always despised him, you thought you might not despise him for a little bit and then you went right back to despising him, yet you never had the decency to cut contact earlier or try and tell him what you had an issue with. You phrased it as universal statements. Who seriously thinks that using the word 'k' as a response is ""running away from your problems""? What you MEANT was, ""Barney, when you only reply with 'k' it makes me feel like you're dismissing me and it upsets me"". So why didn't you say that?

You sound like you've been keeping this guy around so you can prove you've got someone you're better than. So every time you talk to him you can go 'well, at least I'm not that guy'. The way you describe yourself as his mentor, like you're this benevolent god bestowing knowledge upon him, is ridiculous. 

You accuse him of expecting others to read his mind, but I never saw an occasion in your story when you sat down and said, ""Barney, it upsets me when you do X because I feel X"". ""Barney, I'm worried about you because of X, I really feel you could do X."" 

Instead, you and your little friends just sit around up your own ass about how much better you are than this guy.

Every single thing you say he does, you do too. Here's an example.

>even tries to guilt trip those he weren't close with at all

And you say to him

>So you're literally calling the person who's stuck by you for years on end off

You guilt tripping asshole. You have no qualms about doing the exact same shit he does when it suits your needs, but yeah, you're SO morally superior to him. In your sweet little story about how he's finding love and mutual affection, you sound like you almost tolerate the poor sap, and then at the end you butcher it by whining about him and ""his little girlfriend across the Atlantic ocean"".

I'd say you're both assholes, because he sounds difficult to deal with too.

But honestly? At least he doesn't sit around and circlejerk about how awesome he is and how this person he knows is just scum.

tl;dr: You're an asshole for keeping around someone that you loathe for the sole purpose of shitting on him and pretending you're being benevolent about it. ",1,YTA,0.0,0.0,0,"It sounds to me like you've been really grossly dishonest with him. From your stories, you despise him, you've always despised him, you thought you might not despise him for a little bit and then you went right back to despising him, yet you never had the decency to cut contact earlier or try and tell him what you had an issue with. You phrased it as universal statements. Who seriously thinks that using the word 'k' as a response is ""running away from your problems""? What you MEANT was, ""Barney, when you only reply with 'k' it makes me feel like you're dismissing me and it upsets me"". So why didn't you say that?

You sound like you've been keeping this guy around so you can prove you've got someone you're better than. So every time you talk to him you can go 'well, at least I'm not that guy'. The way you describe yourself as his mentor, like you're this benevolent god bestowing knowledge upon him, is ridiculous. 

You accuse him of expecting others to read his mind, but I never saw an occasion in your story when you sat down and said, ""Barney, it upsets me when you do X because I feel X"". ""Barney, I'm worried about you because of X, I really feel you could do X."" 

Instead, you and your little friends just sit around up your own ass about how much better you are than this guy.

Every single thing you say he does, you do too. Here's an example.

>even tries to guilt trip those he weren't close with at all

And you say to him

>So you're literally calling the person who's stuck by you for years on end off

You guilt tripping asshole. You have no qualms about doing the exact same shit he does when it suits your needs, but yeah, you're SO morally superior to him. In your sweet little story about how he's finding love and mutual affection, you sound like you almost tolerate the poor sap, and then at the end you butcher it by whining about him and ""his little girlfriend across the Atlantic ocean"".

I'd say you're both assholes, because he sounds difficult to deal with too.

But honestly? At least he doesn't sit around and circlejerk about how awesome he is and how this person he knows is just scum.

tl;dr: You're an asshole for keeping around someone that you loathe for the sole purpose of shitting on him and pretending you're being benevolent about it. ",0,0.0,0.0
2233,"AITA for getting mad at my mom for not letting me go out overnight so, i am 17 1/2 years old and starting college in about two months and im already driving and working but i am still living under my moms household. ever since i was young my mom would be really overprotective, so i could never go out late, wasnt allowed at sleepovers, cant be alone with any guys, cant hang out with anyone that she does not know, would always be the first one to leave a party, constantly had my messages snooped around  (though this one stopped when i started high school), had to talk to my friends parents before to decide if i would be able to go out with them, ""spied"" on me from afar for a few minutes when i went out to the mall with my friends for the first time without them knowing and etc. i asked my mom the other day if i could go out with a friend around 10 PM and she got really mad at me saying no because im still 17 and i have no business doing anything at night. i went off on her afterwards because i was frustrated about how i think i should be old enough to make my own decisions and how i think its unfair that im basically almost an adult but she cant even trust me to go out..like im literally not going to do anything bad but just eat or hang out with some friends for a bit and come back home. also its currently summer!!! its not like i want to go out when i have school the next day. i just want to enjoy it the most i can before school comes back but i cant even. i never snuck out and always stuck to her rules but i feel like its ridiculous at this point. i dont understand why all my friends are allowed to do whatever they want at night but me and im always missing out on things as a result and it sucks. im constantly embarrassed having to explain to my friends that i cant go out with them since i have an overprotective mom and it especially is bad when i make new friends and cant hang out with them. it feels so overbearing at this point and i dont know if im in the wrong for feeling angry about this since i am living under her house",YTA. You're not 18 yet. Thems the rules. Will you be living on campus for college or commuting from home?,1,YTA,0.0,0.0,1,YTA. You're not 18 yet. Thems the rules. Will you be living on campus for college or commuting from home?,1,0.0,0.0
1756,"AITA for having a small collection of pillow covers with cute anime girls which I hid from my girlfriend? I have this small collection of dakimakura (it's basically like a large pillow you can sleep with) covers with anime girls I like. It's only like 12 of them though, so not super large, most of them are explicit though, girls aren't super young either, ages 13 to 18 or so. 

My ex girlfriend was into the whole anime subculture too, she even was really into shota ... but my current one isn't, and I never really was open about how much I'm into it, like I told her I watched some but more of the likes of Ghibli and Makoto Shinkai films. 

I still have my merch and the daki covers though, the covers I kept in a small box under a wardrobe. My girlfriend recently discovered it when as she claimed she was searching for one of her keys which she had dropped and had been curious what was in it. 

She thinks it's weird that I, an adult man as she said, own these and that I basically kept this interest a secret from her. She also wants me to get rid of them. 

AITA for owning these covers and keeping it a secret and not being open to my girlfriend about it?","YTA! You're gross. ""the girls aren't super young either"" mentions age 13. 

Having body pillows of lewd images of 13 year old girls is absolutely creepy and disgusting. 13 - 18. 13 - 17 are still children what the hell OP? I'm not saying you're an asshole. I'm just judging you as a disgusting creep.",1,YTA,0.0,0.0,0,"YTA! You're gross. ""the girls aren't super young either"" mentions age 13. 

Having body pillows of lewd images of 13 year old girls is absolutely creepy and disgusting. 13 - 18. 13 - 17 are still children what the hell OP? I'm not saying you're an asshole. I'm just judging you as a disgusting creep.",0,0.0,0.0
1438,"AITA for being upset at future in-laws differentiating treatment? My (27f) and boyfriend (28m) have been together for 5 years. Boyfriend doesn't have a good relationship with his stepdad; his mom cares for him a lot, but she's never able to help out practically because she puts her husband first before her kids (so if she wants to do something to help us that stepdad doesn't approve us, well, it's not happening).

I've been supporting my boyfriend for the past year while he's been going through some rough patches in life (death of a relative, struggling with rejections for a job in a competitive field, etc.).

I've been missing out on some of his family events because of work or because I'm just too tired to attend after working 12+ hrs a day. His family has expressed their disappointment with me multiple times in passive-aggressive joking ways (future MIL scoffing/rolling her eyes when another family member says I'm constantly ""working"", having every single family member comment on my absence, saying I'm ""abandoning"" them, etc.).

I've noticed my future MIL not liking me as much as she used to, presumably because of my frequent absence. It hurts because I've been supporting her son both financially and emotionally while she has done practically nothing, while preaching that she's always here for her son.

My parents have taken in my boyfriend as their own son, allowing us to originally live at my mom's when boyfriend couldn't afford rent at his OWN parents house which they wouldn't waive for him (we have since moved out to our own apt). My mom has said some hurtful things about him before, but she has still taken him in like a son, giving him birthday money equivalent or sometimes more than what I get from them. They haven't treated us any differently.

His parents gave us money for Christmas, which I'm extremely grateful for, as I wasn't even expecting to be gifted anything. Every Christmas, they always give us differenting amounts though, with boyfriend's card having hearts drawn all over the card, and mine blank. I don't want to sound ungrateful, but a part of me feels hurt that they treat us differently, when my parents have accepted him like a son. It's not about the amount, just about the fact that they don't treat me the same.

Boyfriend agrees with me, stating that his step-family side used to treat him differently than his blood-related cousins, and knows how crappy that feels. Friend thinks it makes sense because of course they love their son more than his girlfriend. Am I the asshole here for being upset?",YTA for the christmas thing. just because your family is more open to bringing people in doesn’t mean they have to be too. it’s totally reasonable they prefer and give more to THEIR OWN CHILD rather than their child’s sig other.,1,YTA,0.0,0.0,1,YTA for the christmas thing. just because your family is more open to bringing people in doesn’t mean they have to be too. it’s totally reasonable they prefer and give more to THEIR OWN CHILD rather than their child’s sig other.,1,0.0,0.0
3123,"AITA for lying to wife about going to lunch with former boss and wanting to go back to that job? First AITA post. I left my job of about 4 years back in February for a new gig. After about a month, I’ve decided that the new job is not a good fit for me and met me with my former boss to boomerang back. They want me back and I want to go back.

My wife told me that I was a fool for doing that and not to go to lunch. I lied and said I wouldn’t, yet did anyway, just to not have to argue with her. She thinks it was a huge transgression and has thrown around divorce. She left to go to a hotel this weekend. AITA?

","Don't lie to your wife, YTA.",1,YTA,0.0,0.0,1,"Don't lie to your wife, YTA.",1,0.0,0.0
